t_ms,epoch_ms,clock,phase,placed,engine_i,engine_age_ms,video_time_s,track_status,track_reason,r_px,r_py,r_pz,r_qx,r_qy,r_qz,r_qw,r_fov_deg,r_aspect,pc_px,pc_py,pc_pz,pc_qx,pc_qy,pc_qz,pc_qw,pc_fov_deg,pc_aspect,d_pos_m,d_ang_deg,anchor_px,anchor_py,anchor_pz,anchor_qx,anchor_qy,anchor_qz,anchor_qw,anchor_scale,anchor_scr_x,anchor_scr_y,reticle_on,reticle_px,reticle_py,reticle_pz,wp_count,wp_mean_conf,wp_c_n,wp_c_depth,wp_c_y,reticle_depth,plane_source,plane_y,hit_n,hit_types,hit0_px,hit0_py,hit0_pz,fps,frame_dt_ms,upd_to_pre_dpos,pre_to_end_dpos,cam_aspect,cam_aspect_mode,cam_hfov,cam_near,cam_far,vm_err,pm_err,pm0,pm5,pm8,pm9,pm10,pm14,vm0,vm1,vm2,vm3,vm4,vm5,vm6,vm7,vm8,vm9,vm10,vm11,vm12,vm13,vm14,vm15,anchor_lpx,anchor_lpy,anchor_lpz,model_on,model_gs_on,model_wpx,model_wpy,model_wpz,model_wscale,model_lpx,model_lpy,model_lpz,model_lscale,ctrl_on,ctrl_wpx,ctrl_wpy,ctrl_wpz,ctrl_wscale,ctrl_top_scr_x,ctrl_top_scr_y,ctrl_depth,ctrl_px_n,ctrl_px_rgb,pts_on,pin_id,pin_x,pin_y,pin_z,pin_cur_x,pin_cur_y,pin_cur_z,pin_drift,pin_scr_x,pin_scr_y,gs_unified,gs_draws,gs_vm_err,gs_pm_err,gs_mm_id_err,gs_mm_model_err,gs_mm_tx,gs_mm_ty,gs_mm_tz,gs_vm_tx,gs_vm_ty,gs_vm_tz,gs_target,otro_draws,otro_vp_err,gs_dir_cams,gs_mgr_cam_ok,gs_sort_lag,mark
10.1,1790994167271,21:22:47.270,scanning,false,,,,,,,,,,,,,,,0,2,0,0,0,0,1,45,0.5113,,,0,0,0,0,0,0,1,1,,,false,,,,,,,,,,,,,,,,,0,16.6,0,0,0.5113,0,0,0.01,100,0,0,4.7217,2.4142,0,0,-1.0002,-0.02,1,0,0,0,0,1,0,0,0,0,1,0,0,-2,0,1,0,0,0,false,true,-0.117,-0.1704,-0.0341,0.0074,-0.117,-0.1704,-0.0341,0.0074,false,,,,,,,,,,true,,,,,,,,,,,true,0,,,,,,,,,,,,0,,0,,,
17.7,1790994167279,21:22:47.279,scanning,false,,,,,,,,,,,,,,,0,2,0,0,0,0,1,45,0.5113,,,0,0,0,0,0,0,1,1,,,false,,,,,,,,,,,,,,,,,119.049,50.1,0,0,0.5113,0,0,0.01,100,0,0,4.7217,2.4142,0,0,-1.0002,-0.02,1,0,0,0,0,1,0,0,0,0,1,0,0,-2,0,1,0,0,0,false,true,-0.117,-0.1704,-0.0341,0.0074,-0.117,-0.1704,-0.0341,0.0074,false,,,,,,,,,,true,,,,,,,,,,,true,0,,,,,,,,,,,,0,,0,,,
27.9,1790994167289,21:22:47.289,scanning,false,,,,,,,,,,,,,,,0,2,0,0,0,0,1,45,0.5113,,,0,0,0,0,0,0,1,1,,,false,,,,,,,,,,,,,,,,,117.045,16.6,0,0,0.5113,0,0,0.01,100,0,0,4.7217,2.4142,0,0,-1.0002,-0.02,1,0,0,0,0,1,0,0,0,0,1,0,0,-2,0,1,0,0,0,false,true,-0.117,-0.1704,-0.0341,0.0074,-0.117,-0.1704,-0.0341,0.0074,false,,,,,,,,,,true,,,,,,,,,,,true,0,,,,,,,,,,,,0,,0,,,
45.4,1790994167307,21:22:47.306,scanning,false,,,,,,,,,,,,,,,0,2,0,0,0,0,1,45,0.5113,,,0,0,0,0,0,0,1,1,,,false,,,,,,,,,,,,,,,,,111.1885,16.7,0,0,0.5113,0,0,0.01,100,0,0,4.7217,2.4142,0,0,-1.0002,-0.02,1,0,0,0,0,1,0,0,0,0,1,0,0,-2,0,1,0,0,0,false,true,-0.117,-0.1704,-0.0341,0.0074,-0.117,-0.1704,-0.0341,0.0074,false,,,,,,,,,,true,,,,,,,,,,,true,0,,,,,,,,,,,,0,,0,,,
61.7,1790994167323,21:22:47.323,scanning,false,,,,,,,,,,,,,,,0,2,0,0,0,0,1,45,0.5113,,,0,0,0,0,0,0,1,1,,,false,,,,,,,,,,,,,,,,,106.022,16.6,0,0,0.5113,0,0,0.01,100,0,0,4.7217,2.4142,0,0,-1.0002,-0.02,1,0,0,0,0,1,0,0,0,0,1,0,0,-2,0,1,0,0,0,false,true,-0.117,-0.1704,-0.0341,0.0074,-0.117,-0.1704,-0.0341,0.0074,false,,,,,,,,,,true,,,,,,,,,,,true,0,,,,,,,,,,,,0,,0,,,
77.6,1790994167339,21:22:47.339,scanning,false,,,,,,,,,,,,,,,0,2,0,0,0,0,1,45,0.5113,,,0,0,0,0,0,0,1,1,,,false,,,,,,,,,,,,,,,,,101.7091,16.6,0,0,0.5113,0,0,0.01,100,0,0,4.7217,2.4142,0,0,-1.0002,-0.02,1,0,0,0,0,1,0,0,0,0,1,0,0,-2,0,1,0,0,0,false,true,-0.117,-0.1704,-0.0341,0.0074,-0.117,-0.1704,-0.0341,0.0074,false,,,,,,,,,,true,,,,,,,,,,,true,0,,,,,,,,,,,,0,,0,,,
94.8,1790994167356,21:22:47.356,scanning,false,,,,,,,,,,,,,,,0,2,0,0,0,0,1,45,0.5113,,,0,0,0,0,0,0,1,1,,,false,,,,,,,,,,,,,,,,,97.3521,16.7,0,0,0.5113,0,0,0.01,100,0,0,4.7217,2.4142,0,0,-1.0002,-0.02,1,0,0,0,0,1,0,0,0,0,1,0,0,-2,0,1,0,0,0,false,true,-0.117,-0.1704,-0.0341,0.0074,-0.117,-0.1704,-0.0341,0.0074,false,,,,,,,,,,true,,,,,,,,,,,true,0,,,,,,,,,,,,0,,0,,,
111.8,1790994167373,21:22:47.373,scanning,false,,,,,,,,,,,,,,,0,2,0,0,0,0,1,45,0.5113,,,0,0,0,0,0,0,1,1,,,false,,,,,,,,,,,,,,,,,93.4993,16.7,0,0,0.5113,0,0,0.01,100,0,0,4.7217,2.4142,0,0,-1.0002,-0.02,1,0,0,0,0,1,0,0,0,0,1,0,0,-2,0,1,0,0,0,false,true,-0.117,-0.1704,-0.0341,0.0074,-0.117,-0.1704,-0.0341,0.0074,false,,,,,,,,,,true,,,,,,,,,,,true,0,,,,,,,,,,,,0,,0,,,
127,1790994167389,21:22:47.388,scanning,false,,,,,,,,,,,,,,,0,2,0,0,0,0,1,45,0.5113,,,0,0,0,0,0,0,1,1,,,false,,,,,,,,,,,,,,,,,90.7283,16.7,0,0,0.5113,0,0,0.01,100,0,0,4.7217,2.4142,0,0,-1.0002,-0.02,1,0,0,0,0,1,0,0,0,0,1,0,0,-2,0,1,0,0,0,false,true,-0.117,-0.1704,-0.0341,0.0074,-0.117,-0.1704,-0.0341,0.0074,false,,,,,,,,,,true,,,,,,,,,,,true,0,,,,,,,,,,,,0,,0,,,
145.3,1790994167407,21:22:47.406,scanning,false,,,,,,,,,,,,,,,0,2,0,0,0,0,1,45,0.5113,,,0,0,0,0,0,0,1,1,,,false,,,,,,,,,,,,,,,,,87.1199,16.6,0,0,0.5113,0,0,0.01,100,0,0,4.7217,2.4142,0,0,-1.0002,-0.02,1,0,0,0,0,1,0,0,0,0,1,0,0,-2,0,1,0,0,0,false,true,-0.117,-0.1704,-0.0341,0.0074,-0.117,-0.1704,-0.0341,0.0074,false,,,,,,,,,,true,,,,,,,,,,,true,0,,,,,,,,,,,,0,,0,,,
160.7,1790994167422,21:22:47.422,scanning,false,,,,,,,,,,,,,,,0,2,0,0,0,0,1,45,0.5113,,,0,0,0,0,0,0,1,1,,,false,,,,,,,,,,,,,,,,,84.9015,16.7,0,0,0.5113,0,0,0.01,100,0,0,4.7217,2.4142,0,0,-1.0002,-0.02,1,0,0,0,0,1,0,0,0,0,1,0,0,-2,0,1,0,0,0,false,true,-0.117,-0.1704,-0.0341,0.0074,-0.117,-0.1704,-0.0341,0.0074,false,,,,,,,,,,true,,,,,,,,,,,true,0,,,,,,,,,,,,0,,0,,,
177.8,1790994167439,21:22:47.439,scanning,false,,,,,,,,,,,,,,,0,2,0,0,0,0,1,45,0.5113,,,0,0,0,0,0,0,1,1,,,false,,,,,,,,,,,,,,,,,82.2593,16.7,0,0,0.5113,0,0,0.01,100,0,0,4.7217,2.4142,0,0,-1.0002,-0.02,1,0,0,0,0,1,0,0,0,0,1,0,0,-2,0,1,0,0,0,false,true,-0.117,-0.1704,-0.0341,0.0074,-0.117,-0.1704,-0.0341,0.0074,false,,,,,,,,,,true,,,,,,,,,,,true,0,,,,,,,,,,,,0,,0,,,
193.5,1790994167455,21:22:47.455,scanning,false,,,,,,,,,,,,,,,0,2,0,0,0,0,1,45,0.5113,,,0,0,0,0,0,0,1,1,,,false,,,,,,,,,,,,,,,,,80.3624,16.6,0,0,0.5113,0,0,0.01,100,0,0,4.7217,2.4142,0,0,-1.0002,-0.02,1,0,0,0,0,1,0,0,0,0,1,0,0,-2,0,1,0,0,0,false,true,-0.117,-0.1704,-0.0341,0.0074,-0.117,-0.1704,-0.0341,0.0074,false,,,,,,,,,,true,,,,,,,,,,,true,0,,,,,,,,,,,,0,,0,,,
210.2,1790994167472,21:22:47.471,scanning,false,,,,,,,,,,,,,,,0,2,0,0,0,0,1,45,0.5113,,,0,0,0,0,0,0,1,1,,,false,,,,,,,,,,,,,,,,,78.3142,16.6,0,0,0.5113,0,0,0.01,100,0,0,4.7217,2.4142,0,0,-1.0002,-0.02,1,0,0,0,0,1,0,0,0,0,1,0,0,-2,0,1,0,0,0,false,true,-0.117,-0.1704,-0.0341,0.0074,-0.117,-0.1704,-0.0341,0.0074,false,,,,,,,,,,true,,,,,,,,,,,true,0,,,,,,,,,,,,0,,0,,,
227,1790994167489,21:22:47.488,scanning,false,,,,,,,,,,,,,,,0,2,0,0,0,0,1,45,0.5113,,,0,0,0,0,0,0,1,1,,,false,,,,,,,,,,,,,,,,,76.4709,16.7,0,0,0.5113,0,0,0.01,100,0,0,4.7217,2.4142,0,0,-1.0002,-0.02,1,0,0,0,0,1,0,0,0,0,1,0,0,-2,0,1,0,0,0,false,true,-0.117,-0.1704,-0.0341,0.0074,-0.117,-0.1704,-0.0341,0.0074,false,,,,,,,,,,true,,,,,,,,,,,true,0,,,,,,,,,,,,0,,0,,,
244.4,1790994167506,21:22:47.506,scanning,false,,,,,,,,,,,,,,,0,2,0,0,0,0,1,45,0.5113,,,0,0,0,0,0,0,1,1,,,false,,,,,,,,,,,,,,,,,74.5381,16.7,0,0,0.5113,0,0,0.01,100,0,0,4.7217,2.4142,0,0,-1.0002,-0.02,1,0,0,0,0,1,0,0,0,0,1,0,0,-2,0,1,0,0,0,false,true,-0.117,-0.1704,-0.0341,0.0074,-0.117,-0.1704,-0.0341,0.0074,false,,,,,,,,,,true,,,,,,,,,,,true,0,,,,,,,,,,,,0,,0,,,
260.4,1790994167522,21:22:47.522,scanning,false,,,,,,,,,,,,,,,0,2,0,0,0,0,1,45,0.5113,,,0,0,0,0,0,0,1,1,,,false,,,,,,,,,,,,,,,,,73.3342,16.7,0,0,0.5113,0,0,0.01,100,0,0,4.7217,2.4142,0,0,-1.0002,-0.02,1,0,0,0,0,1,0,0,0,0,1,0,0,-2,0,1,0,0,0,false,true,-0.117,-0.1704,-0.0341,0.0074,-0.117,-0.1704,-0.0341,0.0074,false,,,,,,,,,,true,,,,,,,,,,,true,0,,,,,,,,,,,,0,,0,,,
277,1790994167539,21:22:47.538,scanning,false,,,,,,,,,,,,,,,0,2,0,0,0,0,1,45,0.5113,,,0,0,0,0,0,0,1,1,,,false,,,,,,,,,,,,,,,,,72.0249,16.6,0,0,0.5113,0,0,0.01,100,0,0,4.7217,2.4142,0,0,-1.0002,-0.02,1,0,0,0,0,1,0,0,0,0,1,0,0,-2,0,1,0,0,0,false,true,-0.117,-0.1704,-0.0341,0.0074,-0.117,-0.1704,-0.0341,0.0074,false,,,,,,,,,,true,,,,,,,,,,,true,0,,,,,,,,,,,,0,,0,,,
293.6,1790994167555,21:22:47.555,scanning,false,,,,,,,,,,,,,,,0,2,0,0,0,0,1,45,0.5113,,,0,0,0,0,0,0,1,1,,,false,,,,,,,,,,,,,,,,,70.8465,16.7,0,0,0.5113,0,0,0.01,100,0,0,4.7217,2.4142,0,0,-1.0002,-0.02,1,0,0,0,0,1,0,0,0,0,1,0,0,-2,0,1,0,0,0,false,true,-0.117,-0.1704,-0.0341,0.0074,-0.117,-0.1704,-0.0341,0.0074,false,,,,,,,,,,true,,,,,,,,,,,true,0,,,,,,,,,,,,0,,0,,,
310.5,1790994167572,21:22:47.572,scanning,false,,,,,,,,,,,,,,,0,2,0,0,0,0,1,45,0.5113,,,0,0,0,0,0,0,1,1,,,false,,,,,,,,,,,,,,,,,69.7143,16.7,0,0,0.5113,0,0,0.01,100,0,0,4.7217,2.4142,0,0,-1.0002,-0.02,1,0,0,0,0,1,0,0,0,0,1,0,0,-2,0,1,0,0,0,false,true,-0.117,-0.1704,-0.0341,0.0074,-0.117,-0.1704,-0.0341,0.0074,false,,,,,,,,,,true,,,,,,,,,,,true,0,,,,,,,,,,,,0,,0,,,
327.9,1790994167590,21:22:47.589,scanning,false,,,,,,,,,,,,,,,0,2,0,0,0,0,1,45,0.5113,,,0,0,0,0,0,0,1,1,,,false,,,,,,,,,,,,,,,,,68.4571,16.6,0,0,0.5113,0,0,0.01,100,0,0,4.7217,2.4142,0,0,-1.0002,-0.02,1,0,0,0,0,1,0,0,0,0,1,0,0,-2,0,1,0,0,0,false,true,-0.117,-0.1704,-0.0341,0.0074,-0.117,-0.1704,-0.0341,0.0074,false,,,,,,,,,,true,,,,,,,,,,,true,0,,,,,,,,,,,,0,,0,,,
343.9,1790994167606,21:22:47.605,scanning,false,,,,,,,,,,,,,,,0,2,0,0,0,0,1,45,0.5113,,,0,0,0,0,0,0,1,1,,,false,,,,,,,,,,,,,,,,,67.8614,16.6,0,0,0.5113,0,0,0.01,100,0,0,4.7217,2.4142,0,0,-1.0002,-0.02,1,0,0,0,0,1,0,0,0,0,1,0,0,-2,0,1,0,0,0,false,true,-0.117,-0.1704,-0.0341,0.0074,-0.117,-0.1704,-0.0341,0.0074,false,,,,,,,,,,true,,,,,,,,,,,true,0,,,,,,,,,,,,0,,0,,,
360.9,1790994167623,21:22:47.622,scanning,false,,,,,,,,,,,,,,,0,2,0,0,0,0,1,45,0.5113,,,0,0,0,0,0,0,1,1,,,false,,,,,,,,,,,,,,,,,66.9576,16.7,0,0,0.5113,0,0,0.01,100,0,0,4.7217,2.4142,0,0,-1.0002,-0.02,1,0,0,0,0,1,0,0,0,0,1,0,0,-2,0,1,0,0,0,false,true,-0.117,-0.1704,-0.0341,0.0074,-0.117,-0.1704,-0.0341,0.0074,false,,,,,,,,,,true,,,,,,,,,,,true,0,,,,,,,,,,,,0,,0,,,
376.8,1790994167638,21:22:47.638,scanning,false,,,,,,,,,,,,,,,0,2,0,0,0,0,1,45,0.5113,,,0,0,0,0,0,0,1,1,,,false,,,,,,,,,,,,,,,,,66.5909,16.7,0,0,0.5113,0,0,0.01,100,0,0,4.7217,2.4142,0,0,-1.0002,-0.02,1,0,0,0,0,1,0,0,0,0,1,0,0,-2,0,1,0,0,0,false,true,-0.117,-0.1704,-0.0341,0.0074,-0.117,-0.1704,-0.0341,0.0074,false,,,,,,,,,,true,,,,,,,,,,,true,0,,,,,,,,,,,,0,,0,,,
393.3,1790994167655,21:22:47.654,scanning,false,,,,,,,,,,,,,,,0,2,0,0,0,0,1,45,0.5113,,,0,0,0,0,0,0,1,1,,,false,,,,,,,,,,,,,,,,,65.9925,16.7,0,0,0.5113,0,0,0.01,100,0,0,4.7217,2.4142,0,0,-1.0002,-0.02,1,0,0,0,0,1,0,0,0,0,1,0,0,-2,0,1,0,0,0,false,true,-0.117,-0.1704,-0.0341,0.0074,-0.117,-0.1704,-0.0341,0.0074,false,,,,,,,,,,true,,,,,,,,,,,true,0,,,,,,,,,,,,0,,0,,,
410.1,1790994167672,21:22:47.671,scanning,false,,,,,,,,,,,,,,,0,2,0,0,0,0,1,45,0.5113,,,0,0,0,0,0,0,1,1,,,false,,,,,,,,,,,,,,,,,65.3104,16.6,0,0,0.5113,0,0,0.01,100,0,0,4.7217,2.4142,0,0,-1.0002,-0.02,1,0,0,0,0,1,0,0,0,0,1,0,0,-2,0,1,0,0,0,false,true,-0.117,-0.1704,-0.0341,0.0074,-0.117,-0.1704,-0.0341,0.0074,false,,,,,,,,,,true,,,,,,,,,,,true,0,,,,,,,,,,,,0,,0,,,
426.7,1790994167688,21:22:47.688,scanning,false,,,,,,,,,,,,,,,0,2,0,0,0,0,1,45,0.5113,,,0,0,0,0,0,0,1,1,,,false,,,,,,,,,,,,,,,,,64.84,16.6,0,0,0.5113,0,0,0.01,100,0,0,4.7217,2.4142,0,0,-1.0002,-0.02,1,0,0,0,0,1,0,0,0,0,1,0,0,-2,0,1,0,0,0,false,true,-0.117,-0.1704,-0.0341,0.0074,-0.117,-0.1704,-0.0341,0.0074,false,,,,,,,,,,true,,,,,,,,,,,true,0,,,,,,,,,,,,0,,0,,,
443.4,1790994167705,21:22:47.705,scanning,false,,,,,,,,,,,,,,,0,2,0,0,0,0,1,45,0.5113,,,0,0,0,0,0,0,1,1,,,false,,,,,,,,,,,,,,,,,64.344,16.8,0,0,0.5113,0,0,0.01,100,0,0,4.7217,2.4142,0,0,-1.0002,-0.02,1,0,0,0,0,1,0,0,0,0,1,0,0,-2,0,1,0,0,0,false,true,-0.117,-0.1704,-0.0341,0.0074,-0.117,-0.1704,-0.0341,0.0074,false,,,,,,,,,,true,,,,,,,,,,,true,0,,,,,,,,,,,,0,,0,,,
461.4,1790994167723,21:22:47.723,scanning,false,,,,,,,,,,,,,,,0,2,0,0,0,0,1,45,0.5113,,,0,0,0,0,0,0,1,1,,,false,,,,,,,,,,,,,,,,,63.4652,16.6,0,0,0.5113,0,0,0.01,100,0,0,4.7217,2.4142,0,0,-1.0002,-0.02,1,0,0,0,0,1,0,0,0,0,1,0,0,-2,0,1,0,0,0,false,true,-0.117,-0.1704,-0.0341,0.0074,-0.117,-0.1704,-0.0341,0.0074,false,,,,,,,,,,true,,,,,,,,,,,true,0,,,,,,,,,,,,0,,0,,,
478.1,1790994167740,21:22:47.739,scanning,false,,,,,,,,,,,,,,,0,2,0,0,0,0,1,45,0.5113,,,0,0,0,0,0,0,1,1,,,false,,,,,,,,,,,,,,,,,63.071,16.7,0,0,0.5113,0,0,0.01,100,0,0,4.7217,2.4142,0,0,-1.0002,-0.02,1,0,0,0,0,1,0,0,0,0,1,0,0,-2,0,1,0,0,0,false,true,-0.117,-0.1704,-0.0341,0.0074,-0.117,-0.1704,-0.0341,0.0074,false,,,,,,,,,,true,,,,,,,,,,,true,0,,,,,,,,,,,,0,,0,,,
493.3,1790994167755,21:22:47.755,scanning,false,,,,,,,,,,,,,,,0,2,0,0,0,0,1,45,0.5113,,,0,0,0,0,0,0,1,1,,,false,,,,,,,,,,,,,,,,,63.3429,16.6,0,0,0.5113,0,0,0.01,100,0,0,4.7217,2.4142,0,0,-1.0002,-0.02,1,0,0,0,0,1,0,0,0,0,1,0,0,-2,0,1,0,0,0,false,true,-0.117,-0.1704,-0.0341,0.0074,-0.117,-0.1704,-0.0341,0.0074,false,,,,,,,,,,true,,,,,,,,,,,true,0,,,,,,,,,,,,0,,0,,,
510.5,1790994167772,21:22:47.772,scanning,false,,,,,,,,,,,,,,,0,2,0,0,0,0,1,45,0.5113,,,0,0,0,0,0,0,1,1,,,false,,,,,,,,,,,,,,,,,62.8909,16.7,0,0,0.5113,0,0,0.01,100,0,0,4.7217,2.4142,0,0,-1.0002,-0.02,1,0,0,0,0,1,0,0,0,0,1,0,0,-2,0,1,0,0,0,false,true,-0.117,-0.1704,-0.0341,0.0074,-0.117,-0.1704,-0.0341,0.0074,false,,,,,,,,,,true,,,,,,,,,,,true,0,,,,,,,,,,,,0,,0,,,
526.5,1790994167788,21:22:47.788,scanning,false,,,,,,,,,,,,,,,0,2,0,0,0,0,1,45,0.5113,,,0,0,0,0,0,0,1,1,,,false,,,,,,,,,,,,,,,,,62.813,16.7,0,0,0.5113,0,0,0.01,100,0,0,4.7217,2.4142,0,0,-1.0002,-0.02,1,0,0,0,0,1,0,0,0,0,1,0,0,-2,0,1,0,0,0,false,true,-0.117,-0.1704,-0.0341,0.0074,-0.117,-0.1704,-0.0341,0.0074,false,,,,,,,,,,true,,,,,,,,,,,true,0,,,,,,,,,,,,0,,0,,,
544.6,1790994167806,21:22:47.806,scanning,false,,,,,,,,,,,,,,,0,2,0,0,0,0,1,45,0.5113,,,0,0,0,0,0,0,1,1,,,false,,,,,,,,,,,,,,,,,62.0565,16.6,0,0,0.5113,0,0,0.01,100,0,0,4.7217,2.4142,0,0,-1.0002,-0.02,1,0,0,0,0,1,0,0,0,0,1,0,0,-2,0,1,0,0,0,false,true,-0.117,-0.1704,-0.0341,0.0074,-0.117,-0.1704,-0.0341,0.0074,false,,,,,,,,,,true,,,,,,,,,,,true,0,,,,,,,,,,,,0,,0,,,
559.9,1790994167822,21:22:47.821,scanning,false,,,,,,,,,,,,,,,0,2,0,0,0,0,1,45,0.5113,,,0,0,0,0,0,0,1,1,,,false,,,,,,,,,,,,,,,,,62.3444,16.6,0,0,0.5113,0,0,0.01,100,0,0,4.7217,2.4142,0,0,-1.0002,-0.02,1,0,0,0,0,1,0,0,0,0,1,0,0,-2,0,1,0,0,0,false,true,-0.117,-0.1704,-0.0341,0.0074,-0.117,-0.1704,-0.0341,0.0074,false,,,,,,,,,,true,,,,,,,,,,,true,0,,,,,,,,,,,,0,,0,,,
576.7,1790994167838,21:22:47.838,scanning,false,,,,,,,,,,,,,,,0,2,0,0,0,0,1,45,0.5113,,,0,0,0,0,0,0,1,1,,,false,,,,,,,,,,,,,,,,,62.098,16.7,0,0,0.5113,0,0,0.01,100,0,0,4.7217,2.4142,0,0,-1.0002,-0.02,1,0,0,0,0,1,0,0,0,0,1,0,0,-2,0,1,0,0,0,false,true,-0.117,-0.1704,-0.0341,0.0074,-0.117,-0.1704,-0.0341,0.0074,false,,,,,,,,,,true,,,,,,,,,,,true,0,,,,,,,,,,,,0,,0,,,
594.4,1790994167856,21:22:47.856,scanning,false,,,,,,,,,,,,,,,0,2,0,0,0,0,1,45,0.5113,,,0,0,0,0,0,0,1,1,,,false,,,,,,,,,,,,,,,,,61.538,16.8,0,0,0.5113,0,0,0.01,100,0,0,4.7217,2.4142,0,0,-1.0002,-0.02,1,0,0,0,0,1,0,0,0,0,1,0,0,-2,0,1,0,0,0,false,true,-0.117,-0.1704,-0.0341,0.0074,-0.117,-0.1704,-0.0341,0.0074,false,,,,,,,,,,true,,,,,,,,,,,true,0,,,,,,,,,,,,0,,0,,,
610,1790994167872,21:22:47.871,scanning,false,,,,,,,,,,,,,,,0,2,0,0,0,0,1,45,0.5113,,,0,0,0,0,0,0,1,1,,,false,,,,,,,,,,,,,,,,,61.7535,16.7,0,0,0.5113,0,0,0.01,100,0,0,4.7217,2.4142,0,0,-1.0002,-0.02,1,0,0,0,0,1,0,0,0,0,1,0,0,-2,0,1,0,0,0,false,true,-0.117,-0.1704,-0.0341,0.0074,-0.117,-0.1704,-0.0341,0.0074,false,,,,,,,,,,true,,,,,,,,,,,true,0,,,,,,,,,,,,0,,0,,,
626.7,1790994167888,21:22:47.888,scanning,false,,,,,,,,,,,,,,,0,2,0,0,0,0,1,45,0.5113,,,0,0,0,0,0,0,1,1,,,false,,,,,,,,,,,,,,,,,61.5662,16.6,0,0,0.5113,0,0,0.01,100,0,0,4.7217,2.4142,0,0,-1.0002,-0.02,1,0,0,0,0,1,0,0,0,0,1,0,0,-2,0,1,0,0,0,false,true,-0.117,-0.1704,-0.0341,0.0074,-0.117,-0.1704,-0.0341,0.0074,false,,,,,,,,,,true,,,,,,,,,,,true,0,,,,,,,,,,,,0,,0,,,
644,1790994167906,21:22:47.905,scanning,false,,,,,,,,,,,,,,,0,2,0,0,0,0,1,45,0.5113,,,0,0,0,0,0,0,1,1,,,false,,,,,,,,,,,,,,,,,61.2235,16.7,0,0,0.5113,0,0,0.01,100,0,0,4.7217,2.4142,0,0,-1.0002,-0.02,1,0,0,0,0,1,0,0,0,0,1,0,0,-2,0,1,0,0,0,false,true,-0.117,-0.1704,-0.0341,0.0074,-0.117,-0.1704,-0.0341,0.0074,false,,,,,,,,,,true,,,,,,,,,,,true,0,,,,,,,,,,,,0,,0,,,
659.8,1790994167922,21:22:47.921,scanning,false,,,,,,,,,,,,,,,0,2,0,0,0,0,1,45,0.5113,,,0,0,0,0,0,0,1,1,,,false,,,,,,,,,,,,,,,,,61.3905,16.6,0,0,0.5113,0,0,0.01,100,0,0,4.7217,2.4142,0,0,-1.0002,-0.02,1,0,0,0,0,1,0,0,0,0,1,0,0,-2,0,1,0,0,0,false,true,-0.117,-0.1704,-0.0341,0.0074,-0.117,-0.1704,-0.0341,0.0074,false,,,,,,,,,,true,,,,,,,,,,,true,0,,,,,,,,,,,,0,,0,,,
676.6,1790994167938,21:22:47.938,scanning,false,,,,,,,,,,,,,,,0,2,0,0,0,0,1,45,0.5113,,,0,0,0,0,0,0,1,1,,,false,,,,,,,,,,,,,,,,,61.2038,16.6,0,0,0.5113,0,0,0.01,100,0,0,4.7217,2.4142,0,0,-1.0002,-0.02,1,0,0,0,0,1,0,0,0,0,1,0,0,-2,0,1,0,0,0,false,true,-0.117,-0.1704,-0.0341,0.0074,-0.117,-0.1704,-0.0341,0.0074,false,,,,,,,,,,true,,,,,,,,,,,true,0,,,,,,,,,,,,0,,0,,,
693.6,1790994167955,21:22:47.955,scanning,false,,,,,,,,,,,,,,,0,2,0,0,0,0,1,45,0.5113,,,0,0,0,0,0,0,1,1,,,false,,,,,,,,,,,,,,,,,60.9658,16.8,0,0,0.5113,0,0,0.01,100,0,0,4.7217,2.4142,0,0,-1.0002,-0.02,1,0,0,0,0,1,0,0,0,0,1,0,0,-2,0,1,0,0,0,false,true,-0.117,-0.1704,-0.0341,0.0074,-0.117,-0.1704,-0.0341,0.0074,false,,,,,,,,,,true,,,,,,,,,,,true,0,,,,,,,,,,,,0,,0,,,
711,1790994167973,21:22:47.972,scanning,false,,,,,,,,,,,,,,,0,2,0,0,0,0,1,45,0.5113,,,0,0,0,0,0,0,1,1,,,false,,,,,,,,,,,,,,,,,60.6496,16.6,0,0,0.5113,0,0,0.01,100,0,0,4.7217,2.4142,0,0,-1.0002,-0.02,1,0,0,0,0,1,0,0,0,0,1,0,0,-2,0,1,0,0,0,false,true,-0.117,-0.1704,-0.0341,0.0074,-0.117,-0.1704,-0.0341,0.0074,false,,,,,,,,,,true,,,,,,,,,,,true,0,,,,,,,,,,,,0,,0,,,
727.6,1790994167989,21:22:47.989,scanning,false,,,,,,,,,,,,,,,0,2,0,0,0,0,1,45,0.5113,,,0,0,0,0,0,0,1,1,,,false,,,,,,,,,,,,,,,,,60.6452,16.5,0,0,0.5113,0,0,0.01,100,0,0,4.7217,2.4142,0,0,-1.0002,-0.02,1,0,0,0,0,1,0,0,0,0,1,0,0,-2,0,1,0,0,0,false,true,-0.117,-0.1704,-0.0341,0.0074,-0.117,-0.1704,-0.0341,0.0074,false,,,,,,,,,,true,,,,,,,,,,,true,0,,,,,,,,,,,,0,,0,,,
745.1,1790994168007,21:22:48.006,scanning,false,,,,,,,,,,,,,,,0,2,0,0,0,0,1,45,0.5113,,,0,0,0,0,0,0,1,1,,,false,,,,,,,,,,,,,,,,,60.295,16.7,0,0,0.5113,0,0,0.01,100,0,0,4.7217,2.4142,0,0,-1.0002,-0.02,1,0,0,0,0,1,0,0,0,0,1,0,0,-2,0,1,0,0,0,false,true,-0.117,-0.1704,-0.0341,0.0074,-0.117,-0.1704,-0.0341,0.0074,false,,,,,,,,,,true,,,,,,,,,,,true,0,,,,,,,,,,,,0,,0,,,
761.6,1790994168023,21:22:48.023,scanning,false,,,,,,,,,,,,,,,0,2,0,0,0,0,1,45,0.5113,,,0,0,0,0,0,0,1,1,,,false,,,,,,,,,,,,,,,,,60.2895,16.7,0,0,0.5113,0,0,0.01,100,0,0,4.7217,2.4142,0,0,-1.0002,-0.02,1,0,0,0,0,1,0,0,0,0,1,0,0,-2,0,1,0,0,0,false,true,-0.117,-0.1704,-0.0341,0.0074,-0.117,-0.1704,-0.0341,0.0074,false,,,,,,,,,,true,,,,,,,,,,,true,0,,,,,,,,,,,,0,,0,,,
776.6,1790994168038,21:22:48.038,scanning,false,,,,,,,,,,,,,,,0,2,0,0,0,0,1,45,0.5113,,,0,0,0,0,0,0,1,1,,,false,,,,,,,,,,,,,,,,,60.8832,16.5,0,0,0.5113,0,0,0.01,100,0,0,4.7217,2.4142,0,0,-1.0002,-0.02,1,0,0,0,0,1,0,0,0,0,1,0,0,-2,0,1,0,0,0,false,true,-0.117,-0.1704,-0.0341,0.0074,-0.117,-0.1704,-0.0341,0.0074,false,,,,,,,,,,true,,,,,,,,,,,true,0,,,,,,,,,,,,0,,0,,,
796.5,1790994168058,21:22:48.058,scanning,false,,,,,,,,,,,,,,,0,2,0,0,0,0,1,45,0.5113,,,0,0,0,0,0,0,1,1,,,false,,,,,,,,,,,,,,,,,59.8453,16.7,0,0,0.5113,0,0,0.01,100,0,0,4.7217,2.4142,0,0,-1.0002,-0.02,1,0,0,0,0,1,0,0,0,0,1,0,0,-2,0,1,0,0,0,false,true,-0.117,-0.1704,-0.0341,0.0074,-0.117,-0.1704,-0.0341,0.0074,false,,,,,,,,,,true,,,,,,,,,,,true,0,,,,,,,,,,,,0,,0,,,
811.5,1790994168073,21:22:48.072,scanning,false,,,,,,,,,,,,,,,0,2,0,0,0,0,1,45,0.5113,,,0,0,0,0,0,0,1,1,,,false,,,,,,,,,,,,,,,,,60.6175,16.7,0,0,0.5113,0,0,0.01,100,0,0,4.7217,2.4142,0,0,-1.0002,-0.02,1,0,0,0,0,1,0,0,0,0,1,0,0,-2,0,1,0,0,0,false,true,-0.117,-0.1704,-0.0341,0.0074,-0.117,-0.1704,-0.0341,0.0074,false,,,,,,,,,,true,,,,,,,,,,,true,0,,,,,,,,,,,,0,,0,,,
826.8,1790994168089,21:22:48.088,scanning,false,,,,,,,,,,,,,,,0,2,0,0,0,0,1,45,0.5113,,,0,0,0,0,0,0,1,1,,,false,,,,,,,,,,,,,,,,,60.9661,16.7,0,0,0.5113,0,0,0.01,100,0,0,4.7217,2.4142,0,0,-1.0002,-0.02,1,0,0,0,0,1,0,0,0,0,1,0,0,-2,0,1,0,0,0,false,true,-0.117,-0.1704,-0.0341,0.0074,-0.117,-0.1704,-0.0341,0.0074,false,,,,,,,,,,true,,,,,,,,,,,true,0,,,,,,,,,,,,0,,0,,,
843.6,1790994168105,21:22:48.105,scanning,false,,,,,,,,,,,,,,,0,2,0,0,0,0,1,45,0.5113,,,0,0,0,0,0,0,1,1,,,false,,,,,,,,,,,,,,,,,60.8219,16.6,0,0,0.5113,0,0,0.01,100,0,0,4.7217,2.4142,0,0,-1.0002,-0.02,1,0,0,0,0,1,0,0,0,0,1,0,0,-2,0,1,0,0,0,false,true,-0.117,-0.1704,-0.0341,0.0074,-0.117,-0.1704,-0.0341,0.0074,false,,,,,,,,,,true,,,,,,,,,,,true,0,,,,,,,,,,,,0,,0,,,
859.7,1790994168121,21:22:48.121,scanning,false,,,,,,,,,,,,,,,0,2,0,0,0,0,1,45,0.5113,,,0,0,0,0,0,0,1,1,,,false,,,,,,,,,,,,,,,,,60.9508,16.7,0,0,0.5113,0,0,0.01,100,0,0,4.7217,2.4142,0,0,-1.0002,-0.02,1,0,0,0,0,1,0,0,0,0,1,0,0,-2,0,1,0,0,0,false,true,-0.117,-0.1704,-0.0341,0.0074,-0.117,-0.1704,-0.0341,0.0074,false,,,,,,,,,,true,,,,,,,,,,,true,0,,,,,,,,,,,,0,,0,,,
877.7,1790994168139,21:22:48.139,scanning,false,,,,,,,,,,,,,,,0,2,0,0,0,0,1,45,0.5113,,,0,0,0,0,0,0,1,1,,,false,,,,,,,,,,,,,,,,,60.4424,16.9,0,0,0.5113,0,0,0.01,100,0,0,4.7217,2.4142,0,0,-1.0002,-0.02,1,0,0,0,0,1,0,0,0,0,1,0,0,-2,0,1,0,0,0,false,true,-0.117,-0.1704,-0.0341,0.0074,-0.117,-0.1704,-0.0341,0.0074,false,,,,,,,,,,true,,,,,,,,,,,true,0,,,,,,,,,,,,0,,0,,,
894.6,1790994168156,21:22:48.156,scanning,false,,,,,,,,,,,,,,,0,2,0,0,0,0,1,45,0.5113,,,0,0,0,0,0,0,1,1,,,false,,,,,,,,,,,,,,,,,60.3152,16.6,0,0,0.5113,0,0,0.01,100,0,0,4.7217,2.4142,0,0,-1.0002,-0.02,1,0,0,0,0,1,0,0,0,0,1,0,0,-2,0,1,0,0,0,false,true,-0.117,-0.1704,-0.0341,0.0074,-0.117,-0.1704,-0.0341,0.0074,false,,,,,,,,,,true,,,,,,,,,,,true,0,,,,,,,,,,,,0,,0,,,
910.8,1790994168173,21:22:48.172,scanning,false,,,,,,,,,,,,,,,0,2,0,0,0,0,1,45,0.5113,,,0,0,0,0,0,0,1,1,,,false,,,,,,,,,,,,,,,,,60.4187,16.7,0,0,0.5113,0,0,0.01,100,0,0,4.7217,2.4142,0,0,-1.0002,-0.02,1,0,0,0,0,1,0,0,0,0,1,0,0,-2,0,1,0,0,0,false,true,-0.117,-0.1704,-0.0341,0.0074,-0.117,-0.1704,-0.0341,0.0074,false,,,,,,,,,,true,,,,,,,,,,,true,0,,,,,,,,,,,,0,,0,,,
928.2,1790994168190,21:22:48.189,scanning,false,,,,,,,,,,,,,,,0,2,0,0,0,0,1,45,0.5113,,,0,0,0,0,0,0,1,1,,,false,,,,,,,,,,,,,,,,,60.1908,16.7,0,0,0.5113,0,0,0.01,100,0,0,4.7217,2.4142,0,0,-1.0002,-0.02,1,0,0,0,0,1,0,0,0,0,1,0,0,-2,0,1,0,0,0,false,true,-0.117,-0.1704,-0.0341,0.0074,-0.117,-0.1704,-0.0341,0.0074,false,,,,,,,,,,true,,,,,,,,,,,true,0,,,,,,,,,,,,0,,0,,,
946.6,1790994168208,21:22:48.208,scanning,false,,,,,,,,,,,,,,,0,2,0,0,0,0,1,45,0.5113,,,0,0,0,0,0,0,1,1,,,false,,,,,,,,,,,,,,,,,59.6065,16.6,0,0,0.5113,0,0,0.01,100,0,0,4.7217,2.4142,0,0,-1.0002,-0.02,1,0,0,0,0,1,0,0,0,0,1,0,0,-2,0,1,0,0,0,false,true,-0.117,-0.1704,-0.0341,0.0074,-0.117,-0.1704,-0.0341,0.0074,false,,,,,,,,,,true,,,,,,,,,,,true,0,,,,,,,,,,,,0,,0,,,
960,1790994168222,21:22:48.221,scanning,false,,,,,,,,,,,,,,,0,2,0,0,0,0,1,45,0.5113,,,0,0,0,0,0,0,1,1,,,false,,,,,,,,,,,,,,,,,61.0533,16.6,0,0,0.5113,0,0,0.01,100,0,0,4.7217,2.4142,0,0,-1.0002,-0.02,1,0,0,0,0,1,0,0,0,0,1,0,0,-2,0,1,0,0,0,false,true,-0.117,-0.1704,-0.0341,0.0074,-0.117,-0.1704,-0.0341,0.0074,false,,,,,,,,,,true,,,,,,,,,,,true,0,,,,,,,,,,,,0,,0,,,
977.5,1790994168239,21:22:48.239,scanning,false,,,,,,,,,,,,,,,0,2,0,0,0,0,1,45,0.5113,,,0,0,0,0,0,0,1,1,,,false,,,,,,,,,,,,,,,,,60.6297,16.7,0,0,0.5113,0,0,0.01,100,0,0,4.7217,2.4142,0,0,-1.0002,-0.02,1,0,0,0,0,1,0,0,0,0,1,0,0,-2,0,1,0,0,0,false,true,-0.117,-0.1704,-0.0341,0.0074,-0.117,-0.1704,-0.0341,0.0074,false,,,,,,,,,,true,,,,,,,,,,,true,0,,,,,,,,,,,,0,,0,,,
994.7,1790994168256,21:22:48.256,scanning,false,,,,,,,,,,,,,,,0,2,0,0,0,0,1,45,0.5113,,,0,0,0,0,0,0,1,1,,,false,,,,,,,,,,,,,,,,,60.4147,16.7,0,0,0.5113,0,0,0.01,100,0,0,4.7217,2.4142,0,0,-1.0002,-0.02,1,0,0,0,0,1,0,0,0,0,1,0,0,-2,0,1,0,0,0,false,true,-0.117,-0.1704,-0.0341,0.0074,-0.117,-0.1704,-0.0341,0.0074,false,,,,,,,,,,true,,,,,,,,,,,true,0,,,,,,,,,,,,0,,0,,,
1011.1,1790994168273,21:22:48.272,scanning,false,,,,,,,,,,,,,,,0,2,0,0,0,0,1,45,0.5113,,,0,0,0,0,0,0,1,1,,,false,,,,,,,,,,,,,,,,,60.4339,16.5,0,0,0.5113,0,0,0.01,100,0,0,4.7217,2.4142,0,0,-1.0002,-0.02,1,0,0,0,0,1,0,0,0,0,1,0,0,-2,0,1,0,0,0,false,true,-0.117,-0.1704,-0.0341,0.0074,-0.117,-0.1704,-0.0341,0.0074,false,,,,,,,,,,true,,,,,,,,,,,true,0,,,,,,,,,,,,0,,0,,,
1026.4,1790994168288,21:22:48.288,scanning,false,,,,,,,,,,,,,,,0,2,0,0,0,0,1,45,0.5113,,,0,0,0,0,0,0,1,1,,,false,,,,,,,,,,,,,,,,,60.9264,16.6,0,0,0.5113,0,0,0.01,100,0,0,4.7217,2.4142,0,0,-1.0002,-0.02,1,0,0,0,0,1,0,0,0,0,1,0,0,-2,0,1,0,0,0,false,true,-0.117,-0.1704,-0.0341,0.0074,-0.117,-0.1704,-0.0341,0.0074,false,,,,,,,,,,true,,,,,,,,,,,true,0,,,,,,,,,,,,0,,0,,,
1045.7,1790994168307,21:22:48.307,scanning,false,,,,,,,,,,,,,,,0,2,0,0,0,0,1,45,0.5113,,,0,0,0,0,0,0,1,1,,,false,,,,,,,,,,,,,,,,,60.0421,16.6,0,0,0.5113,0,0,0.01,100,0,0,4.7217,2.4142,0,0,-1.0002,-0.02,1,0,0,0,0,1,0,0,0,0,1,0,0,-2,0,1,0,0,0,false,true,-0.117,-0.1704,-0.0341,0.0074,-0.117,-0.1704,-0.0341,0.0074,false,,,,,,,,,,true,,,,,,,,,,,true,0,,,,,,,,,,,,0,,0,,,
1060.2,1790994168322,21:22:48.321,scanning,false,,,,,,,,,,,,,,,0,2,0,0,0,0,1,45,0.5113,,,0,0,0,0,0,0,1,1,,,false,,,,,,,,,,,,,,,,,61.0309,16.8,0,0,0.5113,0,0,0.01,100,0,0,4.7217,2.4142,0,0,-1.0002,-0.02,1,0,0,0,0,1,0,0,0,0,1,0,0,-2,0,1,0,0,0,false,true,-0.117,-0.1704,-0.0341,0.0074,-0.117,-0.1704,-0.0341,0.0074,false,,,,,,,,,,true,,,,,,,,,,,true,0,,,,,,,,,,,,0,,0,,,
1078.2,1790994168340,21:22:48.339,scanning,false,,,,,,,,,,,,,,,0,2,0,0,0,0,1,45,0.5113,,,0,0,0,0,0,0,1,1,,,false,,,,,,,,,,,,,,,,,60.4223,16.6,0,0,0.5113,0,0,0.01,100,0,0,4.7217,2.4142,0,0,-1.0002,-0.02,1,0,0,0,0,1,0,0,0,0,1,0,0,-2,0,1,0,0,0,false,true,-0.117,-0.1704,-0.0341,0.0074,-0.117,-0.1704,-0.0341,0.0074,false,,,,,,,,,,true,,,,,,,,,,,true,0,,,,,,,,,,,,0,,0,,,
1094,1790994168356,21:22:48.355,scanning,false,,,,,,,,,,,,,,,0,2,0,0,0,0,1,45,0.5113,,,0,0,0,0,0,0,1,1,,,false,,,,,,,,,,,,,,,,,60.7495,16.7,0,0,0.5113,0,0,0.01,100,0,0,4.7217,2.4142,0,0,-1.0002,-0.02,1,0,0,0,0,1,0,0,0,0,1,0,0,-2,0,1,0,0,0,false,true,-0.117,-0.1704,-0.0341,0.0074,-0.117,-0.1704,-0.0341,0.0074,false,,,,,,,,,,true,,,,,,,,,,,true,0,,,,,,,,,,,,0,,0,,,
1110.6,1790994168372,21:22:48.372,scanning,false,,,,,,,,,,,,,,,0,2,0,0,0,0,1,45,0.5113,,,0,0,0,0,0,0,1,1,,,false,,,,,,,,,,,,,,,,,60.6625,16.6,0,0,0.5113,0,0,0.01,100,0,0,4.7217,2.4142,0,0,-1.0002,-0.02,1,0,0,0,0,1,0,0,0,0,1,0,0,-2,0,1,0,0,0,false,true,-0.117,-0.1704,-0.0341,0.0074,-0.117,-0.1704,-0.0341,0.0074,false,,,,,,,,,,true,,,,,,,,,,,true,0,,,,,,,,,,,,0,,0,,,
1127.1,1790994168389,21:22:48.388,scanning,false,,,,,,,,,,,,,,,0,2,0,0,0,0,1,45,0.5113,,,0,0,0,0,0,0,1,1,,,false,,,,,,,,,,,,,,,,,60.6204,16.7,0,0,0.5113,0,0,0.01,100,0,0,4.7217,2.4142,0,0,-1.0002,-0.02,1,0,0,0,0,1,0,0,0,0,1,0,0,-2,0,1,0,0,0,false,true,-0.117,-0.1704,-0.0341,0.0074,-0.117,-0.1704,-0.0341,0.0074,false,,,,,,,,,,true,,,,,,,,,,,true,0,,,,,,,,,,,,0,,0,,,
1143.8,1790994168406,21:22:48.405,scanning,false,,,,,,,,,,,,,,,0,2,0,0,0,0,1,45,0.5113,,,0,0,0,0,0,0,1,1,,,false,,,,,,,,,,,,,,,,,60.5464,16.6,0,0,0.5113,0,0,0.01,100,0,0,4.7217,2.4142,0,0,-1.0002,-0.02,1,0,0,0,0,1,0,0,0,0,1,0,0,-2,0,1,0,0,0,false,true,-0.117,-0.1704,-0.0341,0.0074,-0.117,-0.1704,-0.0341,0.0074,false,,,,,,,,,,true,,,,,,,,,,,true,0,,,,,,,,,,,,0,,0,,,
1160.3,1790994168422,21:22:48.422,scanning,false,,,,,,,,,,,,,,,0,2,0,0,0,0,1,45,0.5113,,,0,0,0,0,0,0,1,1,,,false,,,,,,,,,,,,,,,,,60.5524,16.7,0,0,0.5113,0,0,0.01,100,0,0,4.7217,2.4142,0,0,-1.0002,-0.02,1,0,0,0,0,1,0,0,0,0,1,0,0,-2,0,1,0,0,0,false,true,-0.117,-0.1704,-0.0341,0.0074,-0.117,-0.1704,-0.0341,0.0074,false,,,,,,,,,,true,,,,,,,,,,,true,0,,,,,,,,,,,,0,,0,,,
1177.9,1790994168439,21:22:48.439,scanning,false,,,,,,,,,,,,,,,0,2,0,0,0,0,1,45,0.5113,,,0,0,0,0,0,0,1,1,,,false,,,,,,,,,,,,,,,,,60.2442,16.6,0,0,0.5113,0,0,0.01,100,0,0,4.7217,2.4142,0,0,-1.0002,-0.02,1,0,0,0,0,1,0,0,0,0,1,0,0,-2,0,1,0,0,0,false,true,-0.117,-0.1704,-0.0341,0.0074,-0.117,-0.1704,-0.0341,0.0074,false,,,,,,,,,,true,,,,,,,,,,,true,0,,,,,,,,,,,,0,,0,,,
1195.2,1790994168457,21:22:48.456,scanning,false,,,,,,,,,,,,,,,0,2,0,0,0,0,1,45,0.5113,,,0,0,0,0,0,0,1,1,,,false,,,,,,,,,,,,,,,,,60.0001,16.7,0,0,0.5113,0,0,0.01,100,0,0,4.7217,2.4142,0,0,-1.0002,-0.02,1,0,0,0,0,1,0,0,0,0,1,0,0,-2,0,1,0,0,0,false,true,-0.117,-0.1704,-0.0341,0.0074,-0.117,-0.1704,-0.0341,0.0074,false,,,,,,,,,,true,,,,,,,,,,,true,0,,,,,,,,,,,,0,,0,,,
1211.4,1790994168473,21:22:48.473,scanning,false,,,,,,,,,,,,,,,0,2,0,0,0,0,1,45,0.5113,,,0,0,0,0,0,0,1,1,,,false,,,,,,,,,,,,,,,,,60.1352,16.7,0,0,0.5113,0,0,0.01,100,0,0,4.7217,2.4142,0,0,-1.0002,-0.02,1,0,0,0,0,1,0,0,0,0,1,0,0,-2,0,1,0,0,0,false,true,-0.117,-0.1704,-0.0341,0.0074,-0.117,-0.1704,-0.0341,0.0074,false,,,,,,,,,,true,,,,,,,,,,,true,0,,,,,,,,,,,,0,,0,,,
1227.3,1790994168489,21:22:48.488,scanning,false,,,,,,,,,,,,,,,0,2,0,0,0,0,1,45,0.5113,,,0,0,0,0,0,0,1,1,,,false,,,,,,,,,,,,,,,,,60.4507,16.8,0,0,0.5113,0,0,0.01,100,0,0,4.7217,2.4142,0,0,-1.0002,-0.02,1,0,0,0,0,1,0,0,0,0,1,0,0,-2,0,1,0,0,0,false,true,-0.117,-0.1704,-0.0341,0.0074,-0.117,-0.1704,-0.0341,0.0074,false,,,,,,,,,,true,,,,,,,,,,,true,0,,,,,,,,,,,,0,,0,,,
1243.2,1790994168505,21:22:48.504,scanning,false,,,,,,,,,,,,,,,0,2,0,0,0,0,1,45,0.5113,,,0,0,0,0,0,0,1,1,,,false,,,,,,,,,,,,,,,,,60.6557,16.7,0,0,0.5113,0,0,0.01,100,0,0,4.7217,2.4142,0,0,-1.0002,-0.02,1,0,0,0,0,1,0,0,0,0,1,0,0,-2,0,1,0,0,0,false,true,-0.117,-0.1704,-0.0341,0.0074,-0.117,-0.1704,-0.0341,0.0074,false,,,,,,,,,,true,,,,,,,,,,,true,0,,,,,,,,,,,,0,,0,,,
1259.7,1790994168521,21:22:48.521,scanning,false,,,,,,,,,,,,,,,0,2,0,0,0,0,1,45,0.5113,,,0,0,0,0,0,0,1,1,,,false,,,,,,,,,,,,,,,,,60.6142,16.6,0,0,0.5113,0,0,0.01,100,0,0,4.7217,2.4142,0,0,-1.0002,-0.02,1,0,0,0,0,1,0,0,0,0,1,0,0,-2,0,1,0,0,0,false,true,-0.117,-0.1704,-0.0341,0.0074,-0.117,-0.1704,-0.0341,0.0074,false,,,,,,,,,,true,,,,,,,,,,,true,0,,,,,,,,,,,,0,,0,,,
1277.4,1790994168539,21:22:48.539,scanning,false,,,,,,,,,,,,,,,0,2,0,0,0,0,1,45,0.5113,,,0,0,0,0,0,0,1,1,,,false,,,,,,,,,,,,,,,,,60.2025,16.7,0,0,0.5113,0,0,0.01,100,0,0,4.7217,2.4142,0,0,-1.0002,-0.02,1,0,0,0,0,1,0,0,0,0,1,0,0,-2,0,1,0,0,0,false,true,-0.117,-0.1704,-0.0341,0.0074,-0.117,-0.1704,-0.0341,0.0074,false,,,,,,,,,,true,,,,,,,,,,,true,0,,,,,,,,,,,,0,,0,,,
1293.2,1790994168555,21:22:48.554,scanning,false,,,,,,,,,,,,,,,0,2,0,0,0,0,1,45,0.5113,,,0,0,0,0,0,0,1,1,,,false,,,,,,,,,,,,,,,,,60.5113,16.7,0,0,0.5113,0,0,0.01,100,0,0,4.7217,2.4142,0,0,-1.0002,-0.02,1,0,0,0,0,1,0,0,0,0,1,0,0,-2,0,1,0,0,0,false,true,-0.117,-0.1704,-0.0341,0.0074,-0.117,-0.1704,-0.0341,0.0074,false,,,,,,,,,,true,,,,,,,,,,,true,0,,,,,,,,,,,,0,,0,,,
1309.7,1790994168571,21:22:48.571,scanning,false,,,,,,,,,,,,,,,0,2,0,0,0,0,1,45,0.5113,,,0,0,0,0,0,0,1,1,,,false,,,,,,,,,,,,,,,,,60.5208,16.6,0,0,0.5113,0,0,0.01,100,0,0,4.7217,2.4142,0,0,-1.0002,-0.02,1,0,0,0,0,1,0,0,0,0,1,0,0,-2,0,1,0,0,0,false,true,-0.117,-0.1704,-0.0341,0.0074,-0.117,-0.1704,-0.0341,0.0074,false,,,,,,,,,,true,,,,,,,,,,,true,0,,,,,,,,,,,,0,,0,,,
1326.6,1790994168588,21:22:48.588,scanning,false,,,,,,,,,,,,,,,0,2,0,0,0,0,1,45,0.5113,,,0,0,0,0,0,0,1,1,,,false,,,,,,,,,,,,,,,,,60.4211,16.7,0,0,0.5113,0,0,0.01,100,0,0,4.7217,2.4142,0,0,-1.0002,-0.02,1,0,0,0,0,1,0,0,0,0,1,0,0,-2,0,1,0,0,0,false,true,-0.117,-0.1704,-0.0341,0.0074,-0.117,-0.1704,-0.0341,0.0074,false,,,,,,,,,,true,,,,,,,,,,,true,0,,,,,,,,,,,,0,,0,,,
1344,1790994168606,21:22:48.605,scanning,false,,,,,,,,,,,,,,,0,2,0,0,0,0,1,45,0.5113,,,0,0,0,0,0,0,1,1,,,false,,,,,,,,,,,,,,,,,60.1261,16.7,0,0,0.5113,0,0,0.01,100,0,0,4.7217,2.4142,0,0,-1.0002,-0.02,1,0,0,0,0,1,0,0,0,0,1,0,0,-2,0,1,0,0,0,false,true,-0.117,-0.1704,-0.0341,0.0074,-0.117,-0.1704,-0.0341,0.0074,false,,,,,,,,,,true,,,,,,,,,,,true,0,,,,,,,,,,,,0,,0,,,
1360.7,1790994168622,21:22:48.622,scanning,false,,,,,,,,,,,,,,,0,2,0,0,0,0,1,45,0.5113,,,0,0,0,0,0,0,1,1,,,false,,,,,,,,,,,,,,,,,60.1016,16.5,0,0,0.5113,0,0,0.01,100,0,0,4.7217,2.4142,0,0,-1.0002,-0.02,1,0,0,0,0,1,0,0,0,0,1,0,0,-2,0,1,0,0,0,false,true,-0.117,-0.1704,-0.0341,0.0074,-0.117,-0.1704,-0.0341,0.0074,false,,,,,,,,,,true,,,,,,,,,,,true,0,,,,,,,,,,,,0,,0,,,
1378.9,1790994168641,21:22:48.640,scanning,false,,,,,,,,,,,,,,,0,2,0,0,0,0,1,45,0.5113,,,0,0,0,0,0,0,1,1,,,false,,,,,,,,,,,,,,,,,59.5859,16.6,0,0,0.5113,0,0,0.01,100,0,0,4.7217,2.4142,0,0,-1.0002,-0.02,1,0,0,0,0,1,0,0,0,0,1,0,0,-2,0,1,0,0,0,false,true,-0.117,-0.1704,-0.0341,0.0074,-0.117,-0.1704,-0.0341,0.0074,false,,,,,,,,,,true,,,,,,,,,,,true,0,,,,,,,,,,,,0,,0,,,
1394.1,1790994168656,21:22:48.655,scanning,false,,,,,,,,,,,,,,,0,2,0,0,0,0,1,45,0.5113,,,0,0,0,0,0,0,1,1,,,false,,,,,,,,,,,,,,,,,60.1633,16.7,0,0,0.5113,0,0,0.01,100,0,0,4.7217,2.4142,0,0,-1.0002,-0.02,1,0,0,0,0,1,0,0,0,0,1,0,0,-2,0,1,0,0,0,false,true,-0.117,-0.1704,-0.0341,0.0074,-0.117,-0.1704,-0.0341,0.0074,false,,,,,,,,,,true,,,,,,,,,,,true,0,,,,,,,,,,,,0,,0,,,
1411.1,1790994168673,21:22:48.672,scanning,false,,,,,,,,,,,,,,,0,2,0,0,0,0,1,45,0.5113,,,0,0,0,0,0,0,1,1,,,false,,,,,,,,,,,,,,,,,60.064,16.6,0,0,0.5113,0,0,0.01,100,0,0,4.7217,2.4142,0,0,-1.0002,-0.02,1,0,0,0,0,1,0,0,0,0,1,0,0,-2,0,1,0,0,0,false,true,-0.117,-0.1704,-0.0341,0.0074,-0.117,-0.1704,-0.0341,0.0074,false,,,,,,,,,,true,,,,,,,,,,,true,0,,,,,,,,,,,,0,,0,,,
1427,1790994168689,21:22:48.688,scanning,false,,,,,,,,,,,,,,,0,2,0,0,0,0,1,45,0.5113,,,0,0,0,0,0,0,1,1,,,false,,,,,,,,,,,,,,,,,60.3076,16.7,0,0,0.5113,0,0,0.01,100,0,0,4.7217,2.4142,0,0,-1.0002,-0.02,1,0,0,0,0,1,0,0,0,0,1,0,0,-2,0,1,0,0,0,false,true,-0.117,-0.1704,-0.0341,0.0074,-0.117,-0.1704,-0.0341,0.0074,false,,,,,,,,,,true,,,,,,,,,,,true,0,,,,,,,,,,,,0,,0,,,
1442.9,1790994168705,21:22:48.704,scanning,false,,,,,,,,,,,,,,,0,2,0,0,0,0,1,45,0.5113,,,0,0,0,0,0,0,1,1,,,false,,,,,,,,,,,,,,,,,60.5662,16.7,0,0,0.5113,0,0,0.01,100,0,0,4.7217,2.4142,0,0,-1.0002,-0.02,1,0,0,0,0,1,0,0,0,0,1,0,0,-2,0,1,0,0,0,false,true,-0.117,-0.1704,-0.0341,0.0074,-0.117,-0.1704,-0.0341,0.0074,false,,,,,,,,,,true,,,,,,,,,,,true,0,,,,,,,,,,,,0,,0,,,
1460.8,1790994168722,21:22:48.722,scanning,false,,,,,,,,,,,,,,,0,2,0,0,0,0,1,45,0.5113,,,0,0,0,0,0,0,1,1,,,false,,,,,,,,,,,,,,,,,60.1593,16.6,0,0,0.5113,0,0,0.01,100,0,0,4.7217,2.4142,0,0,-1.0002,-0.02,1,0,0,0,0,1,0,0,0,0,1,0,0,-2,0,1,0,0,0,false,true,-0.117,-0.1704,-0.0341,0.0074,-0.117,-0.1704,-0.0341,0.0074,false,,,,,,,,,,true,,,,,,,,,,,true,0,,,,,,,,,,,,0,,0,,,
1477.5,1790994168739,21:22:48.739,scanning,false,,,,,,,,,,,,,,,0,2,0,0,0,0,1,45,0.5113,,,0,0,0,0,0,0,1,1,,,false,,,,,,,,,,,,,,,,,60.0958,16.6,0,0,0.5113,0,0,0.01,100,0,0,4.7217,2.4142,0,0,-1.0002,-0.02,1,0,0,0,0,1,0,0,0,0,1,0,0,-2,0,1,0,0,0,false,true,-0.117,-0.1704,-0.0341,0.0074,-0.117,-0.1704,-0.0341,0.0074,false,,,,,,,,,,true,,,,,,,,,,,true,0,,,,,,,,,,,,0,,0,,,
1493.9,1790994168756,21:22:48.755,scanning,false,,,,,,,,,,,,,,,0,2,0,0,0,0,1,45,0.5113,,,0,0,0,0,0,0,1,1,,,false,,,,,,,,,,,,,,,,,60.1838,16.7,0,0,0.5113,0,0,0.01,100,0,0,4.7217,2.4142,0,0,-1.0002,-0.02,1,0,0,0,0,1,0,0,0,0,1,0,0,-2,0,1,0,0,0,false,true,-0.117,-0.1704,-0.0341,0.0074,-0.117,-0.1704,-0.0341,0.0074,false,,,,,,,,,,true,,,,,,,,,,,true,0,,,,,,,,,,,,0,,0,,,
1510.7,1790994168772,21:22:48.772,scanning,false,,,,,,,,,,,,,,,0,2,0,0,0,0,1,45,0.5113,,,0,0,0,0,0,0,1,1,,,false,,,,,,,,,,,,,,,,,60.1178,16.7,0,0,0.5113,0,0,0.01,100,0,0,4.7217,2.4142,0,0,-1.0002,-0.02,1,0,0,0,0,1,0,0,0,0,1,0,0,-2,0,1,0,0,0,false,true,-0.117,-0.1704,-0.0341,0.0074,-0.117,-0.1704,-0.0341,0.0074,false,,,,,,,,,,true,,,,,,,,,,,true,0,,,,,,,,,,,,0,,0,,,
1527.4,1790994168789,21:22:48.789,scanning,false,,,,,,,,,,,,,,,0,2,0,0,0,0,1,45,0.5113,,,0,0,0,0,0,0,1,1,,,false,,,,,,,,,,,,,,,,,60.094,16.7,0,0,0.5113,0,0,0.01,100,0,0,4.7217,2.4142,0,0,-1.0002,-0.02,1,0,0,0,0,1,0,0,0,0,1,0,0,-2,0,1,0,0,0,false,true,-0.117,-0.1704,-0.0341,0.0074,-0.117,-0.1704,-0.0341,0.0074,false,,,,,,,,,,true,,,,,,,,,,,true,0,,,,,,,,,,,,0,,0,,,
1544.4,1790994168806,21:22:48.806,scanning,false,,,,,,,,,,,,,,,0,2,0,0,0,0,1,45,0.5113,,,0,0,0,0,0,0,1,1,,,false,,,,,,,,,,,,,,,,,59.967,16.6,0,0,0.5113,0,0,0.01,100,0,0,4.7217,2.4142,0,0,-1.0002,-0.02,1,0,0,0,0,1,0,0,0,0,1,0,0,-2,0,1,0,0,0,false,true,-0.117,-0.1704,-0.0341,0.0074,-0.117,-0.1704,-0.0341,0.0074,false,,,,,,,,,,true,,,,,,,,,,,true,0,,,,,,,,,,,,0,,0,,,
1559.5,1790994168821,21:22:48.821,scanning,false,,,,,,,,,,,,,,,0,2,0,0,0,0,1,45,0.5113,,,0,0,0,0,0,0,1,1,,,false,,,,,,,,,,,,,,,,,60.5491,16.7,0,0,0.5113,0,0,0.01,100,0,0,4.7217,2.4142,0,0,-1.0002,-0.02,1,0,0,0,0,1,0,0,0,0,1,0,0,-2,0,1,0,0,0,false,true,-0.117,-0.1704,-0.0341,0.0074,-0.117,-0.1704,-0.0341,0.0074,false,,,,,,,,,,true,,,,,,,,,,,true,0,,,,,,,,,,,,0,,0,,,
1576.4,1790994168838,21:22:48.837,scanning,false,,,,,,,,,,,,,,,0,2,0,0,0,0,1,45,0.5113,,,0,0,0,0,0,0,1,1,,,false,,,,,,,,,,,,,,,,,60.4823,16.6,0,0,0.5113,0,0,0.01,100,0,0,4.7217,2.4142,0,0,-1.0002,-0.02,1,0,0,0,0,1,0,0,0,0,1,0,0,-2,0,1,0,0,0,false,true,-0.117,-0.1704,-0.0341,0.0074,-0.117,-0.1704,-0.0341,0.0074,false,,,,,,,,,,true,,,,,,,,,,,true,0,,,,,,,,,,,,0,,0,,,
1594.6,1790994168856,21:22:48.856,scanning,false,,,,,,,,,,,,,,,0,2,0,0,0,0,1,45,0.5113,,,0,0,0,0,0,0,1,1,,,false,,,,,,,,,,,,,,,,,59.8985,16.7,0,0,0.5113,0,0,0.01,100,0,0,4.7217,2.4142,0,0,-1.0002,-0.02,1,0,0,0,0,1,0,0,0,0,1,0,0,-2,0,1,0,0,0,false,true,-0.117,-0.1704,-0.0341,0.0074,-0.117,-0.1704,-0.0341,0.0074,false,,,,,,,,,,true,,,,,,,,,,,true,0,,,,,,,,,,,,0,,0,,,
1611.9,1790994168874,21:22:48.873,scanning,false,,,,,,,,,,,,,,,0,2,0,0,0,0,1,45,0.5113,,,0,0,0,0,0,0,1,1,,,false,,,,,,,,,,,,,,,,,59.6891,16.6,0,0,0.5113,0,0,0.01,100,0,0,4.7217,2.4142,0,0,-1.0002,-0.02,1,0,0,0,0,1,0,0,0,0,1,0,0,-2,0,1,0,0,0,false,true,-0.117,-0.1704,-0.0341,0.0074,-0.117,-0.1704,-0.0341,0.0074,false,,,,,,,,,,true,,,,,,,,,,,true,0,,,,,,,,,,,,0,,0,,,
1655.5,1790994168917,21:22:48.917,scanning,false,,,,,,,,,,,,,,,0,2,0,0,0,0,1,45,0.5113,,,0,0,0,0,0,0,1,1,,,false,,,,,,,,,,,,,,,,,56.0137,16.8,0,0,0.5113,0,0,0.01,100,0,0,4.7217,2.4142,0,0,-1.0002,-0.02,1,0,0,0,0,1,0,0,0,0,1,0,0,-2,0,1,0,0,0,false,true,-0.117,-0.1704,-0.0341,0.0074,-0.117,-0.1704,-0.0341,0.0074,false,,,,,,,,,,true,,,,,,,,,,,true,0,,,,,,,,,,,,0,,0,,,
1662.6,1790994168924,21:22:48.924,scanning,false,,,,,,,,,,,,,,,0,2,0,0,0,0,1,45,0.5113,,,0,0,0,0,0,0,1,1,,,false,,,,,,,,,,,,,,,,,64.4967,33.3,0,0,0.5113,0,0,0.01,100,0,0,4.7217,2.4142,0,0,-1.0002,-0.02,1,0,0,0,0,1,0,0,0,0,1,0,0,-2,0,1,0,0,0,false,true,-0.117,-0.1704,-0.0341,0.0074,-0.117,-0.1704,-0.0341,0.0074,false,,,,,,,,,,true,,,,,,,,,,,true,0,,,,,,,,,,,,0,,0,,,
1925.4,1790994169187,21:22:49.187,scanning,false,,,,,,,,,,,,,,,0,2,0,0,0,0,1,45,0.5122,,,0,0,0,0,0,0,1,1,,,false,,,,,,,,,,,,,,,,,58.4275,100,0,0,0.5122,0,0,0.01,100,0,0,4.7137,2.4142,0,0,-1.0002,-0.02,1,0,0,0,0,1,0,0,0,0,1,0,0,-2,0,1,0,0,0,false,true,-0.117,-0.1704,-0.0341,0.0074,-0.117,-0.1704,-0.0341,0.0074,false,,,,,,,,,,true,,,,,,,,,,,true,0,,,,,,,,,,,,0,,0,,,
2003.2,1790994169265,21:22:49.264,scanning,false,,,,,,,,,,,,,,,0,2,0,0,0,0,1,45,0.5122,,,0,0,0,0,0,0,1,1,,,false,,,,,,,,,,,,,,,,,53.8685,100,0,0,0.5122,0,0,0.01,100,0,0,4.7137,2.4142,0,0,-1.0002,-0.02,1,0,0,0,0,1,0,0,0,0,1,0,0,-2,0,1,0,0,0,false,true,-0.117,-0.1704,-0.0341,0.0074,-0.117,-0.1704,-0.0341,0.0074,false,,,,,,,,,,true,,,,,,,,,,,true,0,,,,,,,,,,,,0,,0,,,
2130.5,1790994169392,21:22:49.391,scanning,false,0,49.9,0.275834,NORMAL,UNSPECIFIED,0,2,0,0.4072,-0.0211,-0.0473,-0.9119,64.5775,0.5122,0,2,0,-0.4072,0.0211,0.0473,0.9119,64.5775,0.5122,0,0,0,0,0,0,0,0,1,1,,,false,,,,0,,0,,,,,,,,,,,49.269,66.5,0,0,0.5122,0,0,0.01,99.9934,0,0,3.0898,1.5825,0,0,-1.0002,-0.02,0.99463,-0.10348,0,0,0.06907,0.66393,0.7446,0,-0.07705,-0.7406,0.66751,0,-0.13815,-1.32785,-1.4892,1,0,0,0,false,true,-0.117,-0.1704,-0.0341,0.0074,-0.117,-0.1704,-0.0341,0.0074,false,,,,,,,,,,true,,,,,,,,,,,true,0,,,,,,,,,,,,0,,0,,,
2221.6,1790994169483,21:22:49.483,scanning,false,1,70.3,0.420563,NORMAL,UNSPECIFIED,0,2,0,0.3944,0.0008,-0.039,-0.9181,64.5775,0.5122,0,2,0,-0.3944,-0.0008,0.039,0.9181,64.5775,0.5122,0,0.7136,0,0,0,0,0,0,1,1,,,true,0,0,-1.7929,0,,0,,,2.686,ground,0,0,,,,,45.4362,100,0,0,0.5122,0,0,0.01,99.9934,0,0,3.0898,1.5825,0,0,-1.0002,-0.02,0.99696,-0.07095,-0.03232,0,0.07228,0.68582,0.72417,0,-0.02921,-0.72431,0.68886,0,-0.14456,-1.37164,-1.44835,1,0,0,0,false,true,-0.117,-0.1704,-0.0341,0.0074,-0.117,-0.1704,-0.0341,0.0074,false,,,,,,,,,,true,,,,,,,,,,,true,0,,,,,,,,,,,,2,0,0,,,
2282.6,1790994169544,21:22:49.544,scanning,false,2,43.1,0.490919,NORMAL,UNSPECIFIED,0,2,0,0.3909,0.0067,-0.0231,-0.9201,64.5775,0.5122,0,2,0,-0.3909,-0.0067,0.0231,0.9201,64.5775,0.5122,0,0.9544,0,0,0,0,0,0,1,1,,,true,0.0446,0,-1.8477,0,,0,,,2.7232,ground,0,0,,,,,42.5373,83.3,0,0,0.5122,0,0,0.01,99.9934,0,0,3.0898,1.5825,0,0,-1.0002,-0.02,0.99884,-0.03728,-0.03039,0,0.04775,0.6934,0.71897,0,-0.00573,-0.71959,0.69438,0,-0.09551,-1.3868,-1.43793,1,0,0,0,false,true,-0.117,-0.1704,-0.0341,0.0074,-0.117,-0.1704,-0.0341,0.0074,false,,,,,,,,,,true,,,,,,,,,,,true,0,,,,,,,,,,,,2,0,0,,,
2347.9,1790994169610,21:22:49.609,scanning,false,3,29.6,0.578998,NORMAL,UNSPECIFIED,0,2,0,0.3818,-0.0004,-0.0088,-0.9242,64.5775,0.5122,0,2,0,-0.3818,0.0004,0.0088,0.9242,64.5775,0.5122,0,0.3807,0,0,0,0,0,0,1,1,,,true,0.0646,0,-1.8897,0,,0,,,2.7523,ground,0,0,,,,,39.8103,66.7,0,0,0.5122,0,0,0.01,99.9934,0,0,3.0898,1.5825,0,0,-1.0002,-0.02,0.99984,-0.01663,-0.006,0,0.01601,0.70834,0.70569,0,-0.00749,-0.70568,0.7085,0,-0.03203,-1.41668,-1.41138,1,0,0,0,false,true,-0.117,-0.1704,-0.0341,0.0074,-0.117,-0.1704,-0.0341,0.0074,false,,,,,,,,,,true,,,,,,,,,,,true,0,,,,,,,,,,,,2,0,0,,,
2432,1790994169694,21:22:49.693,ready,false,4,61.6,0.658216,NORMAL,UNSPECIFIED,0,2,0,0.3672,-0.0148,-0.0091,-0.93,64.5775,0.5122,0,2,0,-0.3672,0.0148,0.0091,0.93,64.5775,0.5122,0,0,0,0,0,0,0,0,1,1,,,true,0.0408,0,-1.9488,0,,0,,,2.7928,ground,0,0,,,,,37.0198,66.7,0,0,0.5122,0,0,0.01,99.9934,0,0,3.0898,1.5825,0,0,-1.0002,-0.02,0.9994,-0.02776,0.02094,0,0.00596,0.73016,0.68325,0,-0.03426,-0.68271,0.72989,0,-0.01193,-1.46032,-1.3665,1,0,0,0,false,true,-0.117,-0.1704,-0.0341,0.0074,-0.117,-0.1704,-0.0341,0.0074,false,,,,,,,,,,true,,,,,,,,,,,true,0,,,,,,,,,,,,2,0,0,,,
2487.3,1790994169749,21:22:49.749,ready,false,5,51,0.709787,NORMAL,UNSPECIFIED,0,2,0,0.3672,-0.0148,-0.0091,-0.93,64.5775,0.5122,0,2,0,-0.3672,0.0148,0.0091,0.93,64.5775,0.5122,0,0,0,0,0,0,0,0,1,1,,,true,-0.0103,0,-2.0427,0,,0,,,2.8588,ground,0,0,,,,,35.1228,83.3,0,0,0.5122,0,0,0.01,99.9934,0,0,3.0898,1.5825,0,0,-1.0002,-0.02,0.9994,-0.02776,0.02094,0,0.00596,0.73016,0.68325,0,-0.03426,-0.68271,0.72989,0,-0.01193,-1.46032,-1.3665,1,0,0,0,false,true,-0.117,-0.1704,-0.0341,0.0074,-0.117,-0.1704,-0.0341,0.0074,false,,,,,,,,,,true,,,,,,,,,,,true,0,,,,,,,,,,,,2,0,0,,,
2551.6,1790994169813,21:22:49.813,ready,false,6,48.1,0.775752,NORMAL,UNSPECIFIED,0,2,0,0.3576,-0.0003,-0.0007,-0.9339,64.5775,0.5122,0,2,0,-0.3576,0.0003,0.0007,0.9339,64.5775,0.5122,0,0,0,0,0,0,0,0,1,1,,,true,-0.0358,0,-2.0896,0,,0,,,2.8927,ground,0,0,,,,,33.1706,49.9,0,0,0.5122,0,0,0.01,99.9934,0,0,3.0898,1.5825,0,0,-1.0002,-0.02,1,-0.00157,0,0,0.00117,0.74431,0.66783,0,-0.00105,-0.66783,0.74431,0,-0.00233,-1.48862,-1.33566,1,0,0,0,false,true,-0.117,-0.1704,-0.0341,0.0074,-0.117,-0.1704,-0.0341,0.0074,false,,,,,,,,,,true,,,,,,,,,,,true,0,,,,,,,,,,,,2,0,0,,,
2614.1,1790994169876,21:22:49.875,ready,false,7,48.8,0.842652,NORMAL,UNSPECIFIED,0.0338,2.1194,0.0223,0.3575,-0.0131,-0.0056,-0.9338,64.5775,0.5122,0.0338,2.1194,0.0223,-0.3575,0.0131,0.0056,0.9338,64.5775,0.5122,0,0.468,0,0,0,0,0,0,1,1,,,true,-0.0179,0,-2.1593,0,,0,,,3.042,ground,0,0,,,,,31.4485,66.7,0.1261,0,0.5122,0,0,0.01,99.9934,0,0,3.0898,1.5825,0,0,-1.0002,-0.02,0.99959,-0.0199,0.02043,0,0.00117,0.74431,0.66783,0,-0.0285,-0.66754,0.74403,0,-0.03564,-1.56192,-1.43269,1,0,0,0,false,true,-0.117,-0.1704,-0.0341,0.0074,-0.117,-0.1704,-0.0341,0.0074,false,,,,,,,,,,true,,,,,,,,,,,true,0,,,,,,,,,,,,2,0,0,,,
2678.5,1790994169940,21:22:49.940,ready,false,8,47,0.905355,NORMAL,UNSPECIFIED,0.0566,2.0326,0.0668,0.3428,-0.027,0.0021,-0.939,64.5775,0.5122,0.0566,2.0326,0.0668,-0.3428,0.027,-0.0021,0.939,64.5775,0.5122,0,0.9415,0,0,0,0,0,0,1,1,,,true,-0.0245,0,-2.2491,0,,0,,,3.0825,ground,0,0,,,,,29.8612,66.6,0.1002,0,0.5122,0,0,0.01,99.9934,0,0,3.0898,1.5825,0,0,-1.0002,-0.02,0.99854,-0.01448,0.05207,0,-0.02248,0.76492,0.64373,0,-0.04915,-0.64396,0.76348,0,-0.00751,-1.51092,-1.36241,1,0,0,0,false,true,-0.117,-0.1704,-0.0341,0.0074,-0.117,-0.1704,-0.0341,0.0074,false,,,,,,,,,,true,,,,,,,,,,,true,0,,,,,,,,,,,,2,0,0,,,
2737.8,1790994170000,21:22:49.999,ready,false,9,42.5,0.971324,NORMAL,UNSPECIFIED,0.0463,2.0346,0.0685,0.3354,-0.0372,0.0026,-0.9413,64.5775,0.5122,0.0463,2.0346,0.0685,-0.3354,0.0372,-0.0026,0.9413,64.5775,0.5122,0,1.3612,0,0,0,0,0,0,1,1,,,true,-0.0662,0,-2.2965,0,,0,,,3.1218,ground,0,0,,,,,28.5558,66.7,0.0106,0,0.5122,0,0,0.01,99.9934,0,0,3.0898,1.5825,0,0,-1.0002,-0.02,0.99722,-0.02014,0.07175,0,-0.02977,0.77494,0.63133,0,-0.06831,-0.63171,0.77219,0,0.01912,-1.53255,-1.34072,1,0,0,0,false,true,-0.117,-0.1704,-0.0341,0.0074,-0.117,-0.1704,-0.0341,0.0074,false,,,,,,,,,,true,,,,,,,,,,,true,0,,,,,,,,,,,,2,0,0,,,
2790.3,1790994170052,21:22:50.052,ready,false,10,36,1.034861,NORMAL,UNSPECIFIED,0.0311,2.092,0.0522,0.3355,-0.0471,-0.001,-0.9409,64.5775,0.5122,0.0311,2.092,0.0522,-0.3355,0.0471,0.001,0.9409,64.5775,0.5122,0,0,0,0,0,0,0,0,1,1,,,true,-0.1256,0,-2.3583,0,,0,,,3.1956,ground,0,0,,,,,27.605,49.9,0.0615,0,0.5122,0,0,0.01,99.9934,0,0,3.0898,1.5825,0,0,-1.0002,-0.02,0.99556,-0.03345,0.08801,0,-0.02977,0.77494,0.63133,0,-0.08932,-0.63114,0.77051,0,0.03598,-1.58721,-1.36376,1,0,0,0,false,true,-0.117,-0.1704,-0.0341,0.0074,-0.117,-0.1704,-0.0341,0.0074,false,,,,,,,,,,true,,,,,,,,,,,true,0,,,,,,,,,,,,2,0,0,,,
2847.1,1790994170109,21:22:50.108,ready,false,11,45.7,1.094456,NORMAL,UNSPECIFIED,0.0274,2.112,0.0484,0.3338,-0.0575,0,-0.9409,64.5775,0.5122,0.0274,2.112,0.0484,-0.3338,0.0575,0,0.9409,64.5775,0.5122,0,0,0,0,0,0,0,0,1,1,,,true,-0.193,0,-2.4297,0,,0,,,3.2635,ground,0,0,,,,,26.6081,50,0.0207,0,0.5122,0,0,0.01,99.9934,0,0,3.0898,1.5825,0,0,-1.0002,-0.02,0.99338,-0.03842,0.10829,0,-0.03842,0.77715,0.62815,0,-0.10829,-0.62815,0.77052,0,0.05913,-1.60988,-1.36696,1,0,0,0,false,true,-0.117,-0.1704,-0.0341,0.0074,-0.117,-0.1704,-0.0341,0.0074,false,,,,,,,,,,true,,,,,,,,,,,true,0,,,,,,,,,,,,2,0,0,,,
2897.6,1790994170159,21:22:50.159,ready,false,12,35.3,1.140426,NORMAL,UNSPECIFIED,0.0047,2.0968,0.0335,0.3313,-0.0604,-0.0016,-0.9416,64.5775,0.5122,0.0047,2.0968,0.0335,-0.3313,0.0604,0.0016,0.9416,64.5775,0.5122,0,0,0,0,0,0,0,0,1,1,,,true,-0.2649,0,-2.486,0,,0,,,3.2889,ground,0,0,,,,,25.9236,66.8,0.0312,0,0.5122,0,0,0.01,99.9934,0,0,3.0898,1.5825,0,0,-1.0002,-0.02,0.9927,-0.04295,0.11268,0,-0.03708,0.78043,0.62414,0,-0.11474,-0.62377,0.77314,0,0.07691,-1.61527,-1.33515,1,0,0,0,false,true,-0.117,-0.1704,-0.0341,0.0074,-0.117,-0.1704,-0.0341,0.0074,false,,,,,,,,,,true,,,,,,,,,,,true,0,,,,,,,,,,,,2,0,0,,,
2965.2,1790994170227,21:22:50.226,ready,false,13,30.9,1.201321,NORMAL,UNSPECIFIED,-0.0065,2.1056,0.0327,0.3297,-0.0672,-0.0039,-0.9417,64.5775,0.5122,-0.0065,2.1056,0.0327,-0.3297,0.0672,0.0039,0.9417,64.5775,0.5122,0,0,0,0,0,0,0,0,1,1,,,true,-0.3193,0,-2.5249,96,0,0,,,3.3276,ground,0,1,FEATURE_POINT,-0.0177,2.0496,-0.037,24.8105,49.9,0.0143,0,0.5122,0,0,0.01,99.9934,0,0,3.0898,1.5825,0,0,-1.0002,-0.02,0.99093,-0.05172,0.124,0,-0.03692,0.78261,0.62142,0,-0.12918,-0.62036,0.7736,0,0.08841,-1.62792,-1.33294,1,0,0,0,false,true,-0.117,-0.1704,-0.0341,0.0074,-0.117,-0.1704,-0.0341,0.0074,false,,,,,,,,,,true,,,,,,,,,,,true,0,,,,,,,,,,,,2,0,0,,,
3050,1790994170312,21:22:50.311,ready,false,14,27.6,1.274475,NORMAL,UNSPECIFIED,-0.0102,2.1067,0.03,0.3288,-0.0732,-0.0044,-0.9416,64.5775,0.5122,-0.0102,2.1067,0.03,-0.3288,0.0732,0.0044,0.9416,64.5775,0.5122,0,0,0,0,0,0,0,0,1,1,,,true,-0.3193,0,-2.5249,96,0,0,,,3.3258,surface,2.1067,1,FEATURE_POINT,-0.0102,2.1067,0.03,23.5101,66.7,0.0047,0,0.5122,0,0,0.01,99.9934,0,0,3.0898,1.5825,0,0,-1.0002,-0.02,0.98924,-0.05634,0.135,0,-0.03993,0.7838,0.61973,0,-0.14073,-0.61845,0.77312,0,0.09841,-1.63326,-1.3274,1,0,0,0,false,true,-0.117,-0.1704,-0.0341,0.0074,-0.117,-0.1704,-0.0341,0.0074,false,,,,,,,,,,true,,,,,,,,,,,true,0,,,,,,,,,,,,2,0,0,,,
3142.7,1790994170404,21:22:50.404,ready,false,15,73.3,1.361797,NORMAL,UNSPECIFIED,-0.0141,2.113,0.0294,0.3285,-0.0791,-0.0059,-0.9412,64.5775,0.5122,-0.0141,2.113,0.0294,-0.3285,0.0791,0.0059,0.9412,64.5775,0.5122,0,0,0,0,0,0,0,0,1,1,,,true,-0.3193,0,-2.5249,96,0,0,,,3.329,surface,2.1067,1,FEATURE_POINT,-0.0141,2.113,0.0294,22.2379,83.3,0.0074,0,0.5122,0,0,0.01,99.9934,0,0,3.0898,1.5825,0,0,-1.0002,-0.02,0.98743,-0.06301,0.14498,0,-0.04089,0.78412,0.61926,0,-0.1527,-0.6174,0.77168,0,0.10477,-1.6396,-1.32913,1,0,0,0,false,true,-0.117,-0.1704,-0.0341,0.0074,-0.117,-0.1704,-0.0341,0.0074,false,,,,,,,,,,true,,,,,,,,,,,true,0,,,,,,,,,,,,2,0,0,,,
3229.4,1790994170491,21:22:50.491,ready,false,16,59.1,1.409155,NORMAL,UNSPECIFIED,-0.0262,2.1128,0.0267,0.3282,-0.0851,-0.008,-0.9407,64.5775,0.5122,-0.0262,2.1128,0.0267,-0.3282,0.0851,0.008,0.9407,64.5775,0.5122,0,1.2787,0,0,0,0,0,0,1,1,,,true,-0.3193,0,-2.5249,96,0,0,,,3.3257,surface,2.1128,1,FEATURE_POINT,-0.0262,2.1128,0.0267,21.1661,99.9,0.0124,0,0.5122,0,0,0.01,99.9934,0,0,3.0898,1.5825,0,0,-1.0002,-0.02,0.98538,-0.07083,0.15493,0,-0.0409,0.78448,0.6188,0,-0.16537,-0.61609,0.77012,0,0.11665,-1.64283,-1.3239,1,0,0,0,false,true,-0.117,-0.1704,-0.0341,0.0074,-0.117,-0.1704,-0.0341,0.0074,false,,,,,,,,,,true,,,,,,,,,,,true,0,,,,,,,,,,,,2,0,0,,,
3416.7,1790994170678,21:22:50.678,ready,false,17,90.2,1.510013,NORMAL,UNSPECIFIED,-0.0287,2.1093,0.0286,0.3276,-0.0866,-0.0084,-0.9408,64.5775,0.5122,-0.0287,2.1093,0.0286,-0.3276,0.0866,0.0084,0.9408,64.5775,0.5122,0,0.3023,0,0,0,0,0,0,1,1,,,true,-0.3193,0,-2.5249,96,0,0,,,3.3247,surface,2.1093,1,FEATURE_POINT,-0.0287,2.1093,0.0286,19.584,83.3,0.0047,0,0.5122,0,0,0.01,99.9934,0,0,3.0898,1.5825,0,0,-1.0002,-0.02,0.98485,-0.07265,0.15748,0,-0.04086,0.78527,0.6178,0,-0.16854,-0.61488,0.7704,0,0.11928,-1.64082,-1.32065,1,0,0,0,false,true,-0.117,-0.1704,-0.0341,0.0074,-0.117,-0.1704,-0.0341,0.0074,false,,,,,,,,,,true,,,,,,,,,,,true,0,,,,,,,,,,,,2,0,0,,,
3528.5,1790994170790,21:22:50.790,ready,false,18,42,1.666118,NORMAL,UNSPECIFIED,-0.0313,2.0979,0.0256,0.3283,-0.091,-0.0081,-0.9401,64.5775,0.5122,-0.0313,2.0979,0.0256,-0.3283,0.091,0.0081,0.9401,64.5775,0.5122,0,1.4896,0,0,0,0,0,0,1,1,,,true,-0.3193,0,-2.5249,152,0.0066,0,,,3.315,surface,2.1093,1,FEATURE_POINT,-0.1639,1.6029,-0.5886,18.5201,100,0.012,0,0.5122,0,0,0.01,99.9934,0,0,3.0898,1.5825,0,0,-1.0002,-0.02,0.98332,-0.07499,0.16568,0,-0.04446,0.78426,0.61884,0,-0.17635,-0.61589,0.76784,0,0.12862,-1.63188,-1.31279,1,0,0,0,false,true,-0.117,-0.1704,-0.0341,0.0074,-0.117,-0.1704,-0.0341,0.0074,false,,,,,,,,,,true,,,,,,,,,,,true,0,,,,,,,,,,,,2,0,0,,,
3638.7,1790994170900,21:22:50.900,ready,false,19,55.3,1.825956,NORMAL,UNSPECIFIED,-0.0368,2.0945,0.0262,0.3293,-0.0874,-0.0077,-0.9401,64.5775,0.5122,-0.0368,2.0945,0.0262,-0.3293,0.0874,0.0077,0.9401,64.5775,0.5122,0,1.4077,0,0,0,0,0,0,1,1,,,true,-0.3193,0,-2.5249,152,0.0044,0,,,3.3128,surface,2.1093,1,FEATURE_POINT,-0.1638,1.5997,-0.586,17.5747,100,0.0065,0,0.5122,0,0,0.01,99.9934,0,0,3.0898,1.5825,0,0,-1.0002,-0.02,0.98462,-0.07195,0.15921,0,-0.04312,0.78302,0.6205,0,-0.16931,-0.61782,0.76788,0,0.13102,-1.62646,-1.31389,1,0,0,0,false,true,-0.117,-0.1704,-0.0341,0.0074,-0.117,-0.1704,-0.0341,0.0074,false,,,,,,,,,,true,,,,,,,,,,,true,0,,,,,,,,,,,,2,0,0,,,
3704.4,1790994170966,21:22:50.966,ready,false,20,28,1.92309,NORMAL,UNSPECIFIED,-0.0235,2.0905,0.0255,0.331,-0.0772,-0.005,-0.9405,64.5775,0.5122,-0.0235,2.0905,0.0255,-0.331,0.0772,0.005,0.9405,64.5775,0.5122,0,0,0,0,0,0,0,0,1,1,,,true,-0.3193,0,-2.5249,152,0.0049,0,,,3.3109,surface,2.1093,1,FEATURE_POINT,-0.1363,1.5947,-0.586,17.3393,83.3,0.0139,0,0.5122,0,0,0.01,99.9934,0,0,3.0898,1.5825,0,0,-1.0002,-0.02,0.98802,-0.06061,0.1419,0,-0.04162,0.78083,0.62335,0,-0.14858,-0.62179,0.76896,0,0.11401,-1.61788,-1.31939,1,0,0,0,false,true,-0.117,-0.1704,-0.0341,0.0074,-0.117,-0.1704,-0.0341,0.0074,false,,,,,,,,,,true,,,,,,,,,,,true,0,,,,,,,,,,,,2,0,0,,,
3760.7,1790994171022,21:22:51.022,ready,false,21,29.3,2.015968,NORMAL,UNSPECIFIED,-0.0154,2.0924,0.0244,0.3333,-0.0727,-0.0032,-0.94,64.5775,0.5122,-0.0154,2.0924,0.0244,-0.3333,0.0727,0.0032,0.94,64.5775,0.5122,0,0.6397,0,0,0,0,0,0,1,1,,,true,-0.3193,0,-2.5249,152,0.0053,0,,,3.312,surface,2.1093,1,FEATURE_POINT,-0.1227,1.5928,-0.5871,17.3815,66.7,0.0084,0,0.5122,0,0,0.01,99.9934,0,0,3.0898,1.5825,0,0,-1.0002,-0.02,0.9894,-0.05448,0.13459,0,-0.04246,0.77784,0.62703,0,-0.13885,-0.6261,0.76728,0,0.10748,-1.61316,-1.32865,1,0,0,0,false,true,-0.117,-0.1704,-0.0341,0.0074,-0.117,-0.1704,-0.0341,0.0074,false,,,,,,,,,,true,,,,,,,,,,,true,0,,,,,,,,,,,,2,0,0,,,
3814.4,1790994171076,21:22:51.076,ready,false,22,34,2.0755,NORMAL,UNSPECIFIED,-0.0128,2.0894,0.023,0.3353,-0.0683,-0.0031,-0.9396,64.5775,0.5122,-0.0128,2.0894,0.023,-0.3353,0.0683,0.0031,0.9396,64.5775,0.5122,0,1.1602,0,0,0,0,0,0,1,1,,,true,-0.3193,0,-2.5249,152,0.0044,0,,,3.3092,surface,2.1093,1,FEATURE_POINT,-0.1131,1.5887,-0.5852,17.5056,66.7,0.0043,0,0.5122,0,0,0.01,99.9934,0,0,3.0898,1.5825,0,0,-1.0002,-0.02,0.99064,-0.05164,0.12635,0,-0.04001,0.77517,0.63048,0,-0.1305,-0.62963,0.76585,0,0.09927,-1.60581,-1.33328,1,0,0,0,false,true,-0.117,-0.1704,-0.0341,0.0074,-0.117,-0.1704,-0.0341,0.0074,false,,,,,,,,,,true,,,,,,,,,,,true,0,,,,,,,,,,,,2,0,0,,,
3876.3,1790994171138,21:22:51.137,ready,false,23,27.9,2.120047,NORMAL,UNSPECIFIED,-0.0152,2.0918,0.0225,0.3356,-0.0652,-0.0035,-0.9397,64.5775,0.5122,-0.0152,2.0918,0.0225,-0.3356,0.0652,0.0035,0.9397,64.5775,0.5122,0,1.3871,0,0,0,0,0,0,1,1,,,true,-0.3193,0,-2.5249,204,0.0035,0,,,3.3102,surface,2.1093,1,FEATURE_POINT,-0.1132,1.5772,-0.6022,17.3705,49.9,0.0034,0,0.5122,0,0,0.01,99.9934,0,0,3.0898,1.5825,0,0,-1.0002,-0.02,0.99147,-0.05027,0.12024,0,-0.03726,0.77476,0.63116,0,-0.12488,-0.63026,0.76628,0,0.09579,-1.6072,-1.3357,1,0,0,0,false,true,-0.117,-0.1704,-0.0341,0.0074,-0.117,-0.1704,-0.0341,0.0074,false,,,,,,,,,,true,,,,,,,,,,,true,0,,,,,,,,,,,,2,0,0,,,
3930.9,1790994171193,21:22:51.192,ready,false,24,33.5,2.188215,NORMAL,UNSPECIFIED,-0.0138,2.0983,0.025,0.337,-0.0644,-0.0034,-0.9393,64.5775,0.5122,-0.0138,2.0983,0.025,-0.337,0.0644,0.0034,0.9393,64.5775,0.5122,0,0,0,0,0,0,0,0,1,1,,,true,-0.3193,0,-2.5249,204,0.0031,0,,,3.3163,surface,2.1093,1,FEATURE_POINT,-0.1114,1.5776,-0.6034,17.465,66.6,0.0071,0,0.5122,0,0,0.01,99.9934,0,0,3.0898,1.5825,0,0,-1.0002,-0.02,0.99167,-0.04984,0.11876,0,-0.03704,0.77281,0.63356,0,-0.12335,-0.63268,0.76453,0,0.09449,-1.60649,-1.34685,1,0,0,0,false,true,-0.117,-0.1704,-0.0341,0.0074,-0.117,-0.1704,-0.0341,0.0074,false,,,,,,,,,,true,,,,,,,,,,,true,0,,,,,,,,,,,,2,0,0,,,
4002,1790994171264,21:22:51.263,scanning,false,25,49.6,2.236755,NORMAL,UNSPECIFIED,-0.0103,2.0921,0.0257,0.3386,-0.063,-0.0032,-0.9388,64.5775,0.5122,-0.0103,2.0921,0.0257,-0.3386,0.063,0.0032,0.9388,64.5775,0.5122,0,0.8161,0,0,0,0,0,0,1,1,,,false,,,,204,0.0027,0,,,,surface,2.1093,1,FEATURE_POINT,-0.1054,1.5709,-0.5992,17.125,50,0.0072,0,0.5122,0,0,0.01,99.9934,0,0,3.0898,1.5825,0,0,-1.0002,-0.02,0.99205,-0.04859,0.11608,0,-0.03669,0.77067,0.63618,0,-0.12037,-0.63538,0.76276,0,0.0901,-1.59649,-1.34931,1,0,0,0,false,true,-0.117,-0.1704,-0.0341,0.0074,-0.117,-0.1704,-0.0341,0.0074,false,,,,,,,,,,true,,,,,,,,,,,true,0,,,,,,,,,,,,0,,0,,,
4058.3,1790994171320,21:22:51.320,scanning,false,26,37,2.291871,NORMAL,UNSPECIFIED,-0.0152,2.0928,0.0239,0.3412,-0.0597,-0.0036,-0.9381,64.5775,0.5122,-0.0152,2.0928,0.0239,-0.3412,0.0597,0.0036,0.9381,64.5775,0.5122,0,0,0,0,0,0,0,0,1,1,,,false,,,,204,0.0025,0,,,,surface,2.1093,1,FEATURE_POINT,-0.1048,1.5689,-0.5979,17.1855,66.7,0.0053,0,0.5122,0,0,0.01,99.9934,0,0,3.0898,1.5825,0,0,-1.0002,-0.02,0.99285,-0.04749,0.10952,0,-0.03396,0.76719,0.64052,0,-0.11444,-0.63966,0.76009,0,0.08892,-1.59104,-1.357,1,0,0,0,false,true,-0.117,-0.1704,-0.0341,0.0074,-0.117,-0.1704,-0.0341,0.0074,false,,,,,,,,,,true,,,,,,,,,,,true,0,,,,,,,,,,,,0,,0,,,
4116.7,1790994171378,21:22:51.378,scanning,false,27,31.4,2.36116,NORMAL,UNSPECIFIED,-0.0174,2.097,0.0244,0.3432,-0.0581,-0.0043,-0.9375,64.5775,0.5122,-0.0174,2.097,0.0244,-0.3432,0.0581,0.0043,0.9375,64.5775,0.5122,0,0,0,0,0,0,0,0,1,1,,,false,,,,204,0.0027,0,,,,surface,1.5682,1,FEATURE_POINT,-0.1044,1.5682,-0.5979,17.1793,66.7,0.0048,0,0.5122,0,0,0.01,99.9934,0,0,3.0898,1.5825,0,0,-1.0002,-0.02,0.99322,-0.04794,0.10594,0,-0.03179,0.76445,0.6439,0,-0.11186,-0.6429,0.75774,0,0.08671,-1.58823,-1.36688,1,0,0,0,false,true,-0.117,-0.1704,-0.0341,0.0074,-0.117,-0.1704,-0.0341,0.0074,false,,,,,,,,,,true,,,,,,,,,,,true,0,,,,,,,,,,,,0,,0,,,
4199.3,1790994171461,21:22:51.460,scanning,false,28,25.9,2.424952,NORMAL,UNSPECIFIED,-0.0124,2.0905,0.0207,0.3459,-0.0556,-0.0024,-0.9366,64.5775,0.5122,-0.0124,2.0905,0.0207,-0.3459,0.0556,0.0024,0.9366,64.5775,0.5122,0,0.9792,0,0,0,0,0,0,1,1,,,true,-0.1044,1.5682,-0.5979,262,0.0019,0,,,0.8149,surface,1.5682,1,FEATURE_POINT,-0.096,1.5619,-0.5946,16.6735,49.9,0.009,0,0.5122,0,0,0.01,99.9934,0,0,3.0898,1.5825,0,0,-1.0002,-0.02,0.9938,-0.04301,0.10255,0,-0.03397,0.76068,0.64824,0,-0.10589,-0.6477,0.7545,0,0.0855,-1.57734,-1.36955,1,0,0,0,false,true,-0.117,-0.1704,-0.0341,0.0074,-0.117,-0.1704,-0.0341,0.0074,false,,,,,,,,,,true,,,,,,,,,,,true,0,,,,,,,,,,,,2,0,0,,,
4254.7,1790994171516,21:22:51.516,scanning,false,29,31.3,2.513422,NORMAL,UNSPECIFIED,-0.0065,2.0945,0.0224,0.3489,-0.0535,-0.001,-0.9356,64.5775,0.5122,-0.0065,2.0945,0.0224,-0.3489,0.0535,0.001,0.9356,64.5775,0.5122,0,1.2361,0,0,0,0,0,0,1,1,,,true,-0.0997,1.5682,-0.5926,262,0.0021,0,,,0.8147,surface,1.5619,1,FEATURE_POINT,-0.0881,1.5587,-0.5938,16.8112,83.4,0.0073,0,0.5122,0,0,0.01,99.9934,0,0,3.0898,1.5825,0,0,-1.0002,-0.02,0.99427,-0.03915,0.09943,0,-0.0355,0.7566,0.65292,0,-0.10079,-0.65271,0.75087,0,0.08305,-1.57038,-1.3837,1,0,0,0,false,true,-0.117,-0.1704,-0.0341,0.0074,-0.117,-0.1704,-0.0341,0.0074,false,,,,,,,,,,true,,,,,,,,,,,true,0,,,,,,,,,,,,2,0,0,,,
4317.6,1790994171579,21:22:51.579,scanning,false,30,37.2,2.563165,NORMAL,UNSPECIFIED,-0.0046,2.0866,0.0226,0.3521,-0.0513,-0.0007,-0.9346,64.5775,0.5122,-0.0046,2.0866,0.0226,-0.3521,0.0513,0.0007,0.9346,64.5775,0.5122,0,0,0,0,0,0,0,0,1,1,,,true,-0.0937,1.5651,-0.5914,262,0.0019,0,,,0.8105,surface,1.5619,1,FEATURE_POINT,-0.0825,1.5493,-0.5872,16.7199,50,0.0082,0,0.5122,0,0,0.01,99.9934,0,0,3.0898,1.5825,0,0,-1.0002,-0.02,0.99473,-0.03745,0.09541,0,-0.03481,0.75212,0.65811,0,-0.09641,-0.65796,0.74685,0,0.07935,-1.55469,-1.38963,1,0,0,0,false,true,-0.117,-0.1704,-0.0341,0.0074,-0.117,-0.1704,-0.0341,0.0074,false,,,,,,,,,,true,,,,,,,,,,,true,0,,,,,,,,,,,,2,0,0,,,
4377.6,1790994171639,21:22:51.639,ready,false,31,26.2,2.620364,NORMAL,UNSPECIFIED,-0.0094,2.0946,0.0193,0.3561,-0.0483,-0.0016,-0.9332,64.5775,0.5122,-0.0094,2.0946,0.0193,-0.3561,0.0483,0.0016,0.9332,64.5775,0.5122,0,0,0,0,0,0,0,0,1,1,,,true,-0.0871,1.5635,-0.5821,262,0.0018,0,,,0.8061,surface,1.5587,1,FEATURE_POINT,-0.0823,1.5497,-0.5885,16.7146,66.6,0.0099,0,0.5122,0,0,0.01,99.9934,0,0,3.0898,1.5825,0,0,-1.0002,-0.02,0.99533,-0.03748,0.08899,0,-0.03134,0.74633,0.66484,0,-0.09133,-0.66452,0.74167,0,0.07672,-1.55077,-1.40609,1,0,0,0,false,true,-0.117,-0.1704,-0.0341,0.0074,-0.117,-0.1704,-0.0341,0.0074,false,,,,,,,,,,true,,,,,,,,,,,true,0,,,,,,,,,,,,2,0,0,,,
4425.7,1790994171687,21:22:51.687,ready,false,32,20.3,2.691403,NORMAL,UNSPECIFIED,-0.0113,2.0986,0.0179,0.3584,-0.0471,-0.0031,-0.9324,64.5775,0.5122,-0.0113,2.0986,0.0179,-0.3584,0.0471,0.0031,0.9324,64.5775,0.5122,0,0,0,0,0,0,0,0,1,1,,,true,-0.0841,1.5611,-0.5803,262,0.0019,0,,,0.8075,surface,1.5587,1,FEATURE_POINT,-0.0816,1.5494,-0.5888,17.1221,66.6,0.0047,0,0.5122,0,0,0.01,99.9934,0,0,3.0898,1.5825,0,0,-1.0002,-0.02,0.99554,-0.03951,0.08568,0,-0.02805,0.74309,0.6686,0,-0.09009,-0.66802,0.73867,0,0.0717,-1.54795,-1.41539,1,0,0,0,false,true,-0.117,-0.1704,-0.0341,0.0074,-0.117,-0.1704,-0.0341,0.0074,false,,,,,,,,,,true,,,,,,,,,,,true,0,,,,,,,,,,,,2,0,0,,,
4478.6,1790994171740,21:22:51.740,ready,false,33,26.2,2.744741,NORMAL,UNSPECIFIED,-0.0095,2.098,0.0142,0.3635,-0.0446,-0.0025,-0.9305,64.5775,0.5122,-0.0095,2.098,0.0142,-0.3635,0.0446,0.0025,0.9305,64.5775,0.5122,0,1.0514,0,0,0,0,0,0,1,1,,,true,-0.0823,1.5599,-0.5794,271,0.002,0,,,0.8045,surface,1.5587,1,FEATURE_POINT,-0.4158,-1.2877,-3.6475,17.3003,50.1,0.0041,0,0.5122,0,0,0.01,99.9934,0,0,3.0898,1.5825,0,0,-1.0002,-0.02,0.99601,-0.03697,0.08119,0,-0.02785,0.73577,0.67666,0,-0.08476,-0.67622,0.73181,0,0.06909,-1.5344,-1.42929,1,0,0,0,false,true,-0.117,-0.1704,-0.0341,0.0074,-0.117,-0.1704,-0.0341,0.0074,false,,,,,,,,,,true,,,,,,,,,,,true,0,,,,,,,,,,,,2,0,0,,,
4536.3,1790994171798,21:22:51.797,ready,false,34,25.9,2.792284,NORMAL,UNSPECIFIED,-0.0013,2.0937,0.0143,0.368,-0.0434,-0.0009,-0.9288,64.5775,0.5122,-0.0013,2.0937,0.0143,-0.368,0.0434,0.0009,0.9288,64.5775,0.5122,0,0.7634,0,0,0,0,0,0,1,1,,,true,-0.0782,1.5593,-0.5742,271,0.0021,0,,,0.7986,surface,1.5587,1,FEATURE_POINT,-0.4021,-1.3313,-3.6201,17.3033,49.9,0.0093,0,0.5122,0,0,0.01,99.9934,0,0,3.0898,1.5825,0,0,-1.0002,-0.02,0.99623,-0.03359,0.08001,0,-0.03032,0.72919,0.68364,0,-0.08131,-0.68348,0.72543,0,0.0659,-1.517,-1.44159,1,0,0,0,false,true,-0.117,-0.1704,-0.0341,0.0074,-0.117,-0.1704,-0.0341,0.0074,false,,,,,,,,,,true,,,,,,,,,,,true,0,,,,,,,,,,,,2,0,0,,,
4582.4,1790994171844,21:22:51.844,ready,false,35,25,2.849598,NORMAL,UNSPECIFIED,-0.0054,2.0924,0.0131,0.37,-0.0423,-0.0021,-0.9281,64.5775,0.5122,-0.0054,2.0924,0.0131,-0.37,0.0423,0.0021,0.9281,64.5775,0.5122,0,0,0,0,0,0,0,0,1,1,,,true,-0.0711,1.559,-0.5638,270,0.0019,0,,,0.7884,surface,1.5587,1,FEATURE_POINT,-0.3906,-1.3492,-3.6066,17.7422,50,0.0045,0,0.5122,0,0,0.01,99.9934,0,0,3.0898,1.5825,0,0,-1.0002,-0.02,0.99642,-0.03525,0.0769,0,-0.02733,0.72613,0.68701,0,-0.08005,-0.68665,0.72256,0,0.06363,-1.51056,-1.44653,1,0,0,0,false,true,-0.117,-0.1704,-0.0341,0.0074,-0.117,-0.1704,-0.0341,0.0074,false,,,,,,,,,,true,,,,,,,,,,,true,0,,,,,,,,,,,,2,0,0,,,
4629.7,1790994171891,21:22:51.891,ready,false,36,28.3,2.896966,NORMAL,UNSPECIFIED,-0.0042,2.0887,0.0114,0.373,-0.0414,-0.0006,-0.9269,64.5775,0.5122,-0.0042,2.0887,0.0114,-0.373,0.0414,0.0006,0.9269,64.5775,0.5122,0,0.5859,0,0,0,0,0,0,1,1,,,true,-0.0681,1.5589,-0.556,268,0.0021,0,,,0.7789,surface,1.5587,1,FEATURE_POINT,-0.3863,-1.3766,-3.5882,18.0822,50,0.0043,0,0.5122,0,0,0.01,99.9934,0,0,3.0898,1.5825,0,0,-1.0002,-0.02,0.99658,-0.03189,0.07625,0,-0.02981,0.72174,0.69152,0,-0.07709,-0.69143,0.71832,0,0.06729,-1.49976,-1.45223,1,0,0,0,false,true,-0.117,-0.1704,-0.0341,0.0074,-0.117,-0.1704,-0.0341,0.0074,false,,,,,,,,,,true,,,,,,,,,,,true,0,,,,,,,,,,,,2,0,0,,,
4672,1790994171934,21:22:51.933,ready,false,37,24.6,2.940833,NORMAL,UNSPECIFIED,-0.0034,2.084,0.0082,0.3739,-0.0409,-0.0004,-0.9266,64.5775,0.5122,-0.0034,2.084,0.0082,-0.3739,0.0409,0.0004,0.9266,64.5775,0.5122,0,0,0,0,0,0,0,0,1,1,,,true,-0.0653,1.5588,-0.5476,268,0.0021,0,,,0.7672,surface,1.5587,1,FEATURE_POINT,-0.3819,-1.3851,-3.5821,18.638,50,0.0057,0,0.5122,0,0,0.01,99.9934,0,0,3.0898,1.5825,0,0,-1.0002,-0.02,0.99665,-0.03131,0.0756,0,-0.02993,0.72044,0.69287,0,-0.07616,-0.69281,0.71708,0,0.06639,-1.49577,-1.44958,1,0,0,0,false,true,-0.117,-0.1704,-0.0341,0.0074,-0.117,-0.1704,-0.0341,0.0074,false,,,,,,,,,,true,,,,,,,,,,,true,0,,,,,,,,,,,,2,0,0,,,
4728.7,1790994171990,21:22:51.990,ready,false,38,26.3,2.986734,NORMAL,UNSPECIFIED,-0.0036,2.0856,0.0106,0.3742,-0.0392,-0.0003,-0.9265,64.5775,0.5122,-0.0036,2.0856,0.0106,-0.3742,0.0392,0.0003,0.9265,64.5775,0.5122,0,0.9639,0,0,0,0,0,0,1,1,,,true,-0.063,1.5588,-0.5415,264,0.0022,0,,,0.7654,surface,1.5587,1,FEATURE_POINT,-0.1733,0.4605,-1.6692,18.5379,33.2,0.0029,0,0.5122,0,0,0.01,99.9934,0,0,3.0898,1.5825,0,0,-1.0002,-0.02,0.99693,-0.02979,0.07239,0,-0.02884,0.7199,0.69348,0,-0.07277,-0.69344,0.71683,0,0.06454,-1.4942,-1.45369,1,0,0,0,false,true,-0.117,-0.1704,-0.0341,0.0074,-0.117,-0.1704,-0.0341,0.0074,false,,,,,,,,,,true,,,,,,,,,,,true,0,,,,,,,,,,,,2,0,0,,,
4785,1790994172047,21:22:52.046,ready,false,39,32.5,3.042263,NORMAL,UNSPECIFIED,-0.0037,2.0839,0.011,0.3727,-0.0378,-0.0002,-0.9272,64.5775,0.5122,-0.0037,2.0839,0.011,-0.3727,0.0378,0.0002,0.9272,64.5775,0.5122,0,0,0,0,0,0,0,0,1,1,,,true,-0.0608,1.5587,-0.5378,264,0.0023,0,,,0.7617,surface,1.5587,1,FEATURE_POINT,-0.1675,0.4668,-1.6723,18.4634,66.7,0.0018,0,0.5122,0,0,0.01,99.9934,0,0,3.0898,1.5825,0,0,-1.0002,-0.02,0.99714,-0.02851,0.07,0,-0.02787,0.72223,0.69109,0,-0.07026,-0.69106,0.71937,0,0.06256,-1.49755,-1.44778,1,0,0,0,false,true,-0.117,-0.1704,-0.0341,0.0074,-0.117,-0.1704,-0.0341,0.0074,false,,,,,,,,,,true,,,,,,,,,,,true,0,,,,,,,,,,,,2,0,0,,,
4828.5,1790994172090,21:22:52.090,ready,false,40,22.1,3.091379,NORMAL,UNSPECIFIED,-0.0025,2.0858,0.0124,0.372,-0.0355,-0.0016,-0.9275,64.5775,0.5122,-0.0025,2.0858,0.0124,-0.372,0.0355,0.0016,0.9275,64.5775,0.5122,0,1.5956,0,0,0,0,0,0,1,1,,,true,-0.0589,1.5587,-0.5367,264,0.0024,0,,,0.7631,surface,1.5587,1,FEATURE_POINT,-0.1537,0.4712,-1.6734,18.9107,50,0.0026,0,0.5122,0,0,0.01,99.9934,0,0,3.0898,1.5825,0,0,-1.0002,-0.02,0.99748,-0.02933,0.06462,0,-0.02345,0.7232,0.69024,0,-0.06698,-0.69002,0.72069,0,0.05227,-1.49998,-1.44842,1,0,0,0,false,true,-0.117,-0.1704,-0.0341,0.0074,-0.117,-0.1704,-0.0341,0.0074,false,,,,,,,,,,true,,,,,,,,,,,true,0,,,,,,,,,,,,2,0,0,,,
4870.6,1790994172132,21:22:52.132,ready,false,41,25.2,3.145913,NORMAL,UNSPECIFIED,-0.0043,2.0844,0.0139,0.3716,-0.0343,-0.0018,-0.9278,64.5775,0.5122,-0.0043,2.0844,0.0139,-0.3716,0.0343,0.0018,0.9278,64.5775,0.5122,0,0,0,0,0,0,0,0,1,1,,,true,-0.0554,1.5587,-0.5373,264,0.0023,0,,,0.7634,surface,1.5587,1,FEATURE_POINT,-0.1497,0.4724,-1.6727,19.3949,50,0.0027,0,0.5122,0,0,0.01,99.9934,0,0,3.0898,1.5825,0,0,-1.0002,-0.02,0.99765,-0.02883,0.06221,0,-0.02208,0.72386,0.68959,0,-0.06492,-0.68935,0.72152,0,0.05121,-1.49937,-1.4472,1,0,0,0,false,true,-0.117,-0.1704,-0.0341,0.0074,-0.117,-0.1704,-0.0341,0.0074,false,,,,,,,,,,true,,,,,,,,,,,true,0,,,,,,,,,,,,2,0,0,,,
4915.1,1790994172177,21:22:52.176,ready,false,42,28.7,3.184591,NORMAL,UNSPECIFIED,-0.0037,2.0836,0.0136,0.3705,-0.0329,-0.0013,-0.9283,64.5775,0.5122,-0.0037,2.0836,0.0136,-0.3705,0.0329,0.0013,0.9283,64.5775,0.5122,0,0,0,0,0,0,0,0,1,1,,,true,-0.0535,1.5587,-0.5367,265,0.0023,0,,,0.7621,surface,0.4777,1,FEATURE_POINT,-0.1438,0.4777,-1.6753,19.7026,33.3,0.0011,0,0.5122,0,0,0.01,99.9934,0,0,3.0898,1.5825,0,0,-1.0002,-0.02,0.99784,-0.02673,0.06004,0,-0.02195,0.72551,0.68786,0,-0.06194,-0.6877,0.72335,0,0.05024,-1.50246,-1.44287,1,0,0,0,false,true,-0.117,-0.1704,-0.0341,0.0074,-0.117,-0.1704,-0.0341,0.0074,false,,,,,,,,,,true,,,,,,,,,,,true,0,,,,,,,,,,,,2,0,0,,,
4962.9,1790994172225,21:22:52.224,ready,false,43,21.6,3.226249,NORMAL,UNSPECIFIED,-0.0055,2.086,0.0121,0.3709,-0.0322,-0.0011,-0.9281,64.5775,0.5122,-0.0055,2.086,0.0121,-0.3709,0.0322,0.0011,0.9281,64.5775,0.5122,0,0.8188,0,0,0,0,0,0,1,1,,,true,-0.0987,1.0182,-1.106,265,0.0022,0,,,1.5488,surface,0.478,1,FEATURE_POINT,-0.143,0.478,-1.6755,19.82,50,0.0033,0,0.5122,0,0,0.01,99.9934,0,0,3.0898,1.5825,0,0,-1.0002,-0.02,0.99793,-0.026,0.05888,0,-0.02175,0.7248,0.68862,0,-0.06058,-0.68847,0.72273,0,0.05157,-1.50374,-1.44485,1,0,0,0,false,true,-0.117,-0.1704,-0.0341,0.0074,-0.117,-0.1704,-0.0341,0.0074,false,,,,,,,,,,true,,,,,,,,,,,true,0,,,,,,,,,,,,2,0,0,,,
5016,1790994172278,21:22:52.277,ready,false,44,23.6,3.280387,NORMAL,UNSPECIFIED,-0.0054,2.082,0.0132,0.3706,-0.0309,-0.0012,-0.9283,64.5775,0.5122,-0.0054,2.082,0.0132,-0.3706,0.0309,0.0012,0.9283,64.5775,0.5122,0,0,0,0,0,0,0,0,1,1,,,true,-0.1208,0.7481,-1.3908,310,0.0018,0,,,1.94,surface,0.4777,1,FEATURE_POINT,-0.137,0.4775,-1.6734,19.7248,50,0.0042,0,0.5122,0,0,0.01,99.9934,0,0,3.0898,1.5825,0,0,-1.0002,-0.02,0.99809,-0.02502,0.05645,0,-0.02074,0.72529,0.68813,0,-0.05816,-0.68799,0.72339,0,0.04929,-1.50108,-1.44193,1,0,0,0,false,true,-0.117,-0.1704,-0.0341,0.0074,-0.117,-0.1704,-0.0341,0.0074,false,,,,,,,,,,true,,,,,,,,,,,true,0,,,,,,,,,,,,2,0,0,,,
5060.4,1790994172322,21:22:52.322,ready,false,45,23.1,3.331871,NORMAL,UNSPECIFIED,-0.0031,2.0818,0.0128,0.3701,-0.0299,0,-0.9285,64.5775,0.5122,-0.0031,2.0818,0.0128,-0.3701,0.0299,0,0.9285,64.5775,0.5122,0,0.7198,0,0,0,0,0,0,1,1,,,true,-0.1289,0.6129,-1.532,310,0.0018,0,,,2.1354,surface,0.478,1,FEATURE_POINT,-0.1324,0.4804,-1.675,19.9995,50,0.0023,0,0.5122,0,0,0.01,99.9934,0,0,3.0898,1.5825,0,0,-1.0002,-0.02,0.99822,-0.0221,0.05548,0,-0.02212,0.72609,0.68724,0,-0.05548,-0.68724,0.72431,0,0.04988,-1.50286,-1.43975,1,0,0,0,false,true,-0.117,-0.1704,-0.0341,0.0074,-0.117,-0.1704,-0.0341,0.0074,false,,,,,,,,,,true,,,,,,,,,,,true,0,,,,,,,,,,,,2,0,0,,,
5106.1,1790994172368,21:22:52.367,ready,false,46,23.6,3.376835,NORMAL,UNSPECIFIED,0.0013,2.0837,0.0119,0.3682,-0.0287,0.0023,-0.9293,64.5775,0.5122,0.0013,2.0837,0.0119,-0.3682,0.0287,-0.0023,0.9293,64.5775,0.5122,0,0.1841,0,0,0,0,0,0,1,1,,,true,-0.1307,0.5455,-1.6048,310,0.0018,0,,,2.2355,surface,0.478,1,FEATURE_POINT,-0.127,0.49,-1.6817,20.1974,50,0.0049,0,0.5122,0,0,0.01,99.9934,0,0,3.0898,1.5825,0,0,-1.0002,-0.02,0.99834,-0.01681,0.05509,0,-0.02549,0.7288,0.68425,0,-0.05165,-0.68452,0.72716,0,0.05239,-1.51043,-1.43456,1,0,0,0,false,true,-0.117,-0.1704,-0.0341,0.0074,-0.117,-0.1704,-0.0341,0.0074,false,,,,,,,,,,true,,,,,,,,,,,true,0,,,,,,,,,,,,2,0,0,,,
5150.7,1790994172412,21:22:52.412,ready,false,47,25.3,3.421903,NORMAL,UNSPECIFIED,0.0028,2.0839,0.0138,0.3674,-0.0277,0.0026,-0.9296,64.5775,0.5122,0.0028,2.0839,0.0138,-0.3674,0.0277,-0.0026,0.9296,64.5775,0.5122,0,1.5118,0,0,0,0,0,0,1,1,,,true,-0.1293,0.5117,-1.6496,310,0.0019,0,,,2.2926,surface,0.4804,1,FEATURE_POINT,-0.1218,0.4931,-1.6828,20.4148,33.3,0.0023,0,0.5122,0,0,0.01,99.9934,0,0,3.0898,1.5825,0,0,-1.0002,-0.02,0.99845,-0.01548,0.0535,0,-0.02528,0.72997,0.68301,0,-0.04963,-0.6833,0.72845,0,0.0506,-1.51172,-1.43347,1,0,0,0,false,true,-0.117,-0.1704,-0.0341,0.0074,-0.117,-0.1704,-0.0341,0.0074,false,,,,,,,,,,true,,,,,,,,,,,true,0,,,,,,,,,,,,2,0,0,,,
5195.7,1790994172457,21:22:52.457,ready,false,48,23.4,3.465389,NORMAL,UNSPECIFIED,0.0075,2.0811,0.013,0.3663,-0.027,0.0042,-0.9301,64.5775,0.5122,0.0075,2.0811,0.013,-0.3663,0.027,-0.0042,0.9301,64.5775,0.5122,0,0,0,0,0,0,0,0,1,1,,,true,-0.1261,0.496,-1.673,310,0.0019,0,,,2.3179,surface,0.4804,1,FEATURE_POINT,-0.1165,0.4969,-1.685,20.5906,50,0.0056,0,0.5122,0,0,0.01,99.9934,0,0,3.0898,1.5825,0,0,-1.0002,-0.02,0.9985,-0.01206,0.05335,0,-0.02756,0.73158,0.6812,0,-0.04724,-0.68165,0.73016,0,0.05044,-1.51353,-1.4275,1,0,0,0,false,true,-0.117,-0.1704,-0.0341,0.0074,-0.117,-0.1704,-0.0341,0.0074,false,,,,,,,,,,true,,,,,,,,,,,true,0,,,,,,,,,,,,2,0,0,,,
5244.3,1790994172506,21:22:52.505,ready,false,49,24.9,3.511751,NORMAL,UNSPECIFIED,0.0076,2.0777,0.0144,0.3648,-0.0262,0.0058,-0.9307,64.5775,0.5122,0.0076,2.0777,0.0144,-0.3648,0.0262,-0.0058,0.9307,64.5775,0.5122,0,0,0,0,0,0,0,0,1,1,,,true,-0.122,0.4882,-1.6879,310,0.002,0,,,2.3326,surface,0.49,1,FEATURE_POINT,-0.1155,0.5014,-1.6868,20.5934,49.9,0.0037,0,0.5122,0,0,0.01,99.9934,0,0,3.0898,1.5825,0,0,-1.0002,-0.02,0.99856,-0.0083,0.05302,0,-0.02994,0.73381,0.6787,0,-0.04454,-0.67931,0.7325,0,0.05525,-1.51476,-1.42108,1,0,0,0,false,true,-0.117,-0.1704,-0.0341,0.0074,-0.117,-0.1704,-0.0341,0.0074,false,,,,,,,,,,true,,,,,,,,,,,true,0,,,,,,,,,,,,2,0,0,,,
5293.6,1790994172555,21:22:52.555,ready,false,50,23.2,3.558685,NORMAL,UNSPECIFIED,0.0101,2.0832,0.0122,0.364,-0.0258,0.0062,-0.931,64.5775,0.5122,0.0101,2.0832,0.0122,-0.364,0.0258,-0.0062,0.931,64.5775,0.5122,0,1.011,0,0,0,0,0,0,1,1,,,true,-0.1192,0.4891,-1.6935,310,0.002,0,,,2.3382,surface,0.49,1,FEATURE_POINT,-0.1121,0.5088,-1.6926,20.5624,50,0.0065,0,0.5122,0,0,0.01,99.9934,0,0,3.0898,1.5825,0,0,-1.0002,-0.02,0.99859,-0.00733,0.05257,0,-0.03027,0.73486,0.67754,0,-0.0436,-0.67817,0.73361,0,0.05352,-1.52258,-1.42091,1,0,0,0,false,true,-0.117,-0.1704,-0.0341,0.0074,-0.117,-0.1704,-0.0341,0.0074,false,,,,,,,,,,true,,,,,,,,,,,true,0,,,,,,,,,,,,2,0,0,,,
5336.4,1790994172598,21:22:52.598,ready,false,51,25,3.610354,NORMAL,UNSPECIFIED,0.0113,2.0881,0.0102,0.3644,-0.0264,0.0065,-0.9308,64.5775,0.5122,0.0113,2.0881,0.0102,-0.3644,0.0264,-0.0065,0.9308,64.5775,0.5122,0,1.4923,0,0,0,0,0,0,1,1,,,true,-0.1164,0.4896,-1.7032,310,0.0019,0,,,2.3468,surface,0.4931,1,FEATURE_POINT,-0.114,0.5104,-1.6953,20.8427,50,0.0054,0,0.5122,0,0,0.01,99.9934,0,0,3.0898,1.5825,0,0,-1.0002,-0.02,0.99853,-0.00703,0.05383,0,-0.03139,0.73429,0.67811,0,-0.0443,-0.6788,0.73299,0,0.05476,-1.5263,-1.42405,1,0,0,0,false,true,-0.117,-0.1704,-0.0341,0.0074,-0.117,-0.1704,-0.0341,0.0074,false,,,,,,,,,,true,,,,,,,,,,,true,0,,,,,,,,,,,,2,0,0,,,
5383.7,1790994172645,21:22:52.645,ready,false,52,24.3,3.650656,NORMAL,UNSPECIFIED,0.0094,2.0877,0.0123,0.363,-0.0288,0.0063,-0.9313,64.5775,0.5122,0.0094,2.0877,0.0123,-0.363,0.0288,-0.0063,0.9313,64.5775,0.5122,0,1.0525,0,0,0,0,0,0,1,1,,,true,-0.1159,0.4914,-1.7085,310,0.002,0,,,2.3506,surface,0.4931,1,FEATURE_POINT,-0.126,0.5141,-1.6988,20.8726,33.4,0.0028,0,0.5122,0,0,0.01,99.9934,0,0,3.0898,1.5825,0,0,-1.0002,-0.02,0.99827,-0.00921,0.05814,0,-0.03256,0.7364,0.67576,0,-0.04904,-0.67648,0.73483,0,0.05919,-1.52898,-1.42034,1,0,0,0,false,true,-0.117,-0.1704,-0.0341,0.0074,-0.117,-0.1704,-0.0341,0.0074,false,,,,,,,,,,true,,,,,,,,,,,true,0,,,,,,,,,,,,2,0,0,,,
5429.5,1790994172691,21:22:52.691,ready,false,53,25.2,3.69887,NORMAL,UNSPECIFIED,0.0097,2.0922,0.0161,0.3624,-0.0299,0.0059,-0.9315,64.5775,0.5122,0.0097,2.0922,0.0161,-0.3624,0.0299,-0.0059,0.9315,64.5775,0.5122,0,1.0892,0,0,0,0,0,0,1,1,,,true,-0.1218,0.4922,-1.7151,309,0.002,0,,,2.361,surface,0.4969,1,FEATURE_POINT,-0.1305,0.5166,-1.7012,20.9639,50,0.0059,0,0.5122,0,0,0.01,99.9934,0,0,3.0898,1.5825,0,0,-1.0002,-0.02,0.99814,-0.01075,0.06005,0,-0.03266,0.73727,0.67481,0,-0.05153,-0.67551,0.73555,0,0.05946,-1.5315,-1.42428,1,0,0,0,false,true,-0.117,-0.1704,-0.0341,0.0074,-0.117,-0.1704,-0.0341,0.0074,false,,,,,,,,,,true,,,,,,,,,,,true,0,,,,,,,,,,,,2,0,0,,,
5476.3,1790994172738,21:22:52.737,ready,false,54,24.8,3.743553,NORMAL,UNSPECIFIED,0.0083,2.0942,0.0178,0.3622,-0.0308,0.0054,-0.9316,64.5775,0.5122,0.0083,2.0942,0.0178,-0.3622,0.0308,-0.0054,0.9316,64.5775,0.5122,0,0,0,0,0,0,0,0,1,1,,,true,-0.127,0.4946,-1.7189,309,0.002,0,,,2.365,surface,0.4969,1,FEATURE_POINT,-0.1351,0.5172,-1.702,21.0135,49.9,0.003,0,0.5122,0,0,0.01,99.9934,0,0,3.0898,1.5825,0,0,-1.0002,-0.02,0.99804,-0.01233,0.06132,0,-0.03234,0.7375,0.67457,0,-0.05354,-0.67523,0.73566,0,0.0604,-1.53234,-1.42631,1,0,0,0,false,true,-0.117,-0.1704,-0.0341,0.0074,-0.117,-0.1704,-0.0341,0.0074,false,,,,,,,,,,true,,,,,,,,,,,true,0,,,,,,,,,,,,2,0,0,,,
5527.8,1790994172789,21:22:52.789,ready,false,55,25.4,3.791029,NORMAL,UNSPECIFIED,0.0031,2.0931,0.0126,0.3615,-0.0311,0.005,-0.9318,64.5775,0.5122,0.0031,2.0931,0.0126,-0.3615,0.0311,-0.005,0.9318,64.5775,0.5122,0,1.3969,0,0,0,0,0,0,1,1,,,true,-0.132,0.4958,-1.7215,309,0.0021,0,,,2.3615,surface,0.5014,1,FEATURE_POINT,-0.1406,0.5225,-1.7056,20.8501,50,0.0074,0,0.5122,0,0,0.01,99.9934,0,0,3.0898,1.5825,0,0,-1.0002,-0.02,0.99801,-0.01325,0.06162,0,-0.03178,0.73856,0.67343,0,-0.05443,-0.67405,0.73668,0,0.06406,-1.53739,-1.41902,1,0,0,0,false,true,-0.117,-0.1704,-0.0341,0.0074,-0.117,-0.1704,-0.0341,0.0074,false,,,,,,,,,,true,,,,,,,,,,,true,0,,,,,,,,,,,,2,0,0,,,
5576.3,1790994172838,21:22:52.838,ready,false,56,28,3.84239,NORMAL,UNSPECIFIED,0.0021,2.0865,0.0141,0.3598,-0.0318,0.0058,-0.9325,64.5775,0.5122,0.0021,2.0865,0.0141,-0.3598,0.0318,-0.0058,0.9325,64.5775,0.5122,0,0,0,0,0,0,0,0,1,1,,,true,-0.1372,0.4986,-1.7251,309,0.0021,0,,,2.3592,surface,0.5014,1,FEATURE_POINT,-0.1458,0.5255,-1.7065,20.8227,50,0.0068,0,0.5122,0,0,0.01,99.9934,0,0,3.0898,1.5825,0,0,-1.0002,-0.02,0.99791,-0.012,0.06356,0,-0.0338,0.74108,0.67057,0,-0.05514,-0.67131,0.73912,0,0.06918,-1.53678,-1.40975,1,0,0,0,false,true,-0.117,-0.1704,-0.0341,0.0074,-0.117,-0.1704,-0.0341,0.0074,false,,,,,,,,,,true,,,,,,,,,,,true,0,,,,,,,,,,,,2,0,0,,,
5626.9,1790994172888,21:22:52.888,ready,false,57,29.3,3.887979,NORMAL,UNSPECIFIED,-0.0007,2.0842,0.012,0.3567,-0.0322,0.0045,-0.9337,64.5775,0.5122,-0.0007,2.0842,0.012,-0.3567,0.0322,-0.0045,0.9337,64.5775,0.5122,0,0,0,0,0,0,0,0,1,1,,,true,-0.1427,0.5,-1.7291,309,0.0021,0,,,2.3582,surface,0.5088,1,FEATURE_POINT,-0.1477,0.5389,-1.7138,20.7285,50,0.0043,0,0.5122,0,0,0.01,99.9934,0,0,3.0898,1.5825,0,0,-1.0002,-0.02,0.99789,-0.01447,0.06334,0,-0.03144,0.74551,0.66575,0,-0.05685,-0.66633,0.74348,0,0.06694,-1.54581,-1.39639,1,0,0,0,false,true,-0.117,-0.1704,-0.0341,0.0074,-0.117,-0.1704,-0.0341,0.0074,false,,,,,,,,,,true,,,,,,,,,,,true,0,,,,,,,,,,,,2,0,0,,,
5686.8,1790994172948,21:22:52.948,ready,false,58,31.4,3.937246,NORMAL,UNSPECIFIED,-0.0014,2.0815,0.0115,0.3548,-0.0329,0.0039,-0.9344,64.5775,0.5122,-0.0014,2.0815,0.0115,-0.3548,0.0329,-0.0039,0.9344,64.5775,0.5122,0,0,0,0,0,0,0,0,1,1,,,true,-0.1466,0.5044,-1.7382,309,0.0021,0,,,2.36,surface,0.5104,1,FEATURE_POINT,-0.1502,0.5456,-1.7174,20.3196,50,0.0028,0,0.5122,0,0,0.01,99.9934,0,0,3.0898,1.5825,0,0,-1.0002,-0.02,0.99781,-0.01602,0.06419,0,-0.03063,0.7482,0.66277,0,-0.05864,-0.66328,0.74607,0,0.06586,-1.54975,-1.38802,1,0,0,0,false,true,-0.117,-0.1704,-0.0341,0.0074,-0.117,-0.1704,-0.0341,0.0074,false,,,,,,,,,,true,,,,,,,,,,,true,0,,,,,,,,,,,,2,0,0,,,
5734.7,1790994172996,21:22:52.996,ready,false,59,25.3,3.994716,NORMAL,UNSPECIFIED,-0.0013,2.087,0.0106,0.3545,-0.0346,0.0037,-0.9344,64.5775,0.5122,-0.0013,2.087,0.0106,-0.3545,0.0346,-0.0037,0.9344,64.5775,0.5122,0,0.6388,0,0,0,0,0,0,1,1,,,true,-0.1501,0.5074,-1.7476,309,0.0021,0,,,2.3683,surface,0.5141,1,FEATURE_POINT,-0.1574,0.5498,-1.7219,20.3753,49.9,0.0056,0,0.5122,0,0,0.01,99.9934,0,0,3.0898,1.5825,0,0,-1.0002,-0.02,0.99758,-0.0177,0.06726,0,-0.03136,0.74868,0.66219,0,-0.06208,-0.66269,0.74632,0,0.06739,-1.55549,-1.38984,1,0,0,0,false,true,-0.117,-0.1704,-0.0341,0.0074,-0.117,-0.1704,-0.0341,0.0074,false,,,,,,,,,,true,,,,,,,,,,,true,0,,,,,,,,,,,,2,0,0,,,
5792.3,1790994173054,21:22:53.053,ready,false,60,29.9,4.048938,NORMAL,UNSPECIFIED,0.0032,2.0904,0.0117,0.3539,-0.0365,0.0036,-0.9346,64.5775,0.5122,0.0032,2.0904,0.0117,-0.3539,0.0365,-0.0036,0.9346,64.5775,0.5122,0,0,0,0,0,0,0,0,1,1,,,true,-0.1556,0.5108,-1.7549,309,0.0021,0,,,2.3751,surface,0.5166,1,FEATURE_POINT,-0.1614,0.5527,-1.7254,20.0739,50.1,0.0058,0,0.5122,0,0,0.01,99.9934,0,0,3.0898,1.5825,0,0,-1.0002,-0.02,0.99731,-0.01911,0.0708,0,-0.03257,0.74954,0.66115,0,-0.0657,-0.66168,0.7469,0,0.06561,-1.55902,-1.39104,1,0,0,0,false,true,-0.117,-0.1704,-0.0341,0.0074,-0.117,-0.1704,-0.0341,0.0074,false,,,,,,,,,,true,,,,,,,,,,,true,0,,,,,,,,,,,,2,0,0,,,
5840.3,1790994173102,21:22:53.101,ready,false,61,26.9,4.101918,NORMAL,UNSPECIFIED,-0.005,2.0905,0.0101,0.3533,-0.0372,0.0022,-0.9348,64.5775,0.5122,-0.005,2.0905,0.0101,-0.3533,0.0372,-0.0022,0.9348,64.5775,0.5122,0,0,0,0,0,0,0,0,1,1,,,true,-0.1604,0.5137,-1.7605,309,0.0022,0,,,2.376,surface,0.5172,1,FEATURE_POINT,-0.1701,0.5562,-1.7271,20.1498,66.5,0.0084,0,0.5122,0,0,0.01,99.9934,0,0,3.0898,1.5825,0,0,-1.0002,-0.02,0.99723,-0.02216,0.07102,0,-0.03035,0.7504,0.66029,0,-0.06792,-0.66062,0.74765,0,0.06916,-1.56211,-1.38755,1,0,0,0,false,true,-0.117,-0.1704,-0.0341,0.0074,-0.117,-0.1704,-0.0341,0.0074,false,,,,,,,,,,true,,,,,,,,,,,true,0,,,,,,,,,,,,2,0,0,,,
5887.9,1790994173150,21:22:53.149,ready,false,62,22.5,4.152617,NORMAL,UNSPECIFIED,-0.012,2.0876,0.0075,0.3537,-0.0374,0.0011,-0.9346,64.5775,0.5122,-0.012,2.0876,0.0075,-0.3537,0.0374,-0.0011,0.9346,64.5775,0.5122,0,0.7097,0,0,0,0,0,0,1,1,,,true,-0.1673,0.5154,-1.7659,309,0.0022,0,,,2.375,surface,0.5225,1,FEATURE_POINT,-0.176,0.5541,-1.7252,20.2357,50,0.008,0,0.5122,0,0,0.01,99.9934,0,0,3.0898,1.5825,0,0,-1.0002,-0.02,0.9972,-0.02432,0.07071,0,-0.02859,0.74976,0.66109,0,-0.06909,-0.66127,0.74696,0,0.07217,-1.56054,-1.3848,1,0,0,0,false,true,-0.117,-0.1704,-0.0341,0.0074,-0.117,-0.1704,-0.0341,0.0074,false,,,,,,,,,,true,,,,,,,,,,,true,0,,,,,,,,,,,,2,0,0,,,
5933.6,1790994173195,21:22:53.195,ready,false,63,24.2,4.204824,NORMAL,UNSPECIFIED,-0.0063,2.0886,0.0041,0.3549,-0.0375,0.0012,-0.9342,64.5775,0.5122,-0.0063,2.0886,0.0041,-0.3549,0.0375,-0.0012,0.9342,64.5775,0.5122,0,0,0,0,0,0,0,0,1,1,,,true,-0.1734,0.519,-1.7634,309,0.0022,0,,,2.3697,surface,0.5255,1,FEATURE_POINT,-0.1709,0.5509,-1.7248,20.4003,33.3,0.0067,0,0.5122,0,0,0.01,99.9934,0,0,3.0898,1.5825,0,0,-1.0002,-0.02,0.99718,-0.02437,0.07095,0,-0.02889,0.74813,0.66292,0,-0.06923,-0.6631,0.74532,0,0.06687,-1.55999,-1.38717,1,0,0,0,false,true,-0.117,-0.1704,-0.0341,0.0074,-0.117,-0.1704,-0.0341,0.0074,false,,,,,,,,,,true,,,,,,,,,,,true,0,,,,,,,,,,,,2,0,0,,,
5985.5,1790994173247,21:22:53.247,ready,false,64,29.1,4.248789,NORMAL,UNSPECIFIED,-0.0001,2.0942,0.0079,0.3559,-0.0388,0.0027,-0.9337,64.5775,0.5122,-0.0001,2.0942,0.0079,-0.3559,0.0388,-0.0027,0.9337,64.5775,0.5122,0,0.8385,0,0,0,0,0,0,1,1,,,true,-0.1735,0.5222,-1.7584,309,0.0022,0,,,2.3708,surface,0.5389,1,FEATURE_POINT,-0.1732,0.5468,-1.7245,20.287,50.1,0.0092,0,0.5122,0,0,0.01,99.9934,0,0,3.0898,1.5825,0,0,-1.0002,-0.02,0.99698,-0.02256,0.07434,0,-0.03263,0.74673,0.66433,0,-0.0705,-0.66475,0.74373,0,0.06898,-1.55856,-1.39712,1,0,0,0,false,true,-0.117,-0.1704,-0.0341,0.0074,-0.117,-0.1704,-0.0341,0.0074,false,,,,,,,,,,true,,,,,,,,,,,true,0,,,,,,,,,,,,2,0,0,,,
6030.8,1790994173293,21:22:53.292,ready,false,65,22.5,4.296336,NORMAL,UNSPECIFIED,0.0021,2.0958,0.0065,0.3563,-0.0395,0.0033,-0.9335,64.5775,0.5122,0.0021,2.0958,0.0065,-0.3563,0.0395,-0.0033,0.9335,64.5775,0.5122,0,1.2226,0,0,0,0,0,0,1,1,,,true,-0.1738,0.5305,-1.7459,309,0.0022,0,,,2.3562,surface,0.5456,1,FEATURE_POINT,-0.1753,0.5459,-1.7252,20.461,49.9,0.003,0,0.5122,0,0,0.01,99.9934,0,0,3.0898,1.5825,0,0,-1.0002,-0.02,0.99686,-0.02196,0.07613,0,-0.03435,0.74608,0.66497,0,-0.0714,-0.6655,0.74298,0,0.07037,-1.55926,-1.39865,1,0,0,0,false,true,-0.117,-0.1704,-0.0341,0.0074,-0.117,-0.1704,-0.0341,0.0074,false,,,,,,,,,,true,,,,,,,,,,,true,0,,,,,,,,,,,,2,0,0,,,
6075.8,1790994173337,21:22:53.337,ready,false,66,25.4,4.34816,NORMAL,UNSPECIFIED,-0.0015,2.0941,0.006,0.3568,-0.0406,0.0034,-0.9333,64.5775,0.5122,-0.0015,2.0941,0.006,-0.3568,0.0406,-0.0034,0.9333,64.5775,0.5122,0,0,0,0,0,0,0,0,1,1,,,true,-0.1746,0.5381,-1.7357,309,0.0023,0,,,2.3419,surface,0.5456,1,FEATURE_POINT,-0.1835,0.5426,-1.7234,20.6421,50.1,0.004,0,0.5122,0,0,0.01,99.9934,0,0,3.0898,1.5825,0,0,-1.0002,-0.02,0.99669,-0.02264,0.0781,0,-0.03524,0.74533,0.66576,0,-0.07328,-0.66631,0.74207,0,0.07575,-1.55686,-1.39848,1,0,0,0,false,true,-0.117,-0.1704,-0.0341,0.0074,-0.117,-0.1704,-0.0341,0.0074,false,,,,,,,,,,true,,,,,,,,,,,true,0,,,,,,,,,,,,2,0,0,,,
6134.4,1790994173396,21:22:53.396,ready,false,67,34,4.389812,NORMAL,UNSPECIFIED,-0.0025,2.094,0.0066,0.3575,-0.0427,0.0035,-0.9329,64.5775,0.5122,-0.0025,2.094,0.0066,-0.3575,0.0427,-0.0035,0.9329,64.5775,0.5122,0,1.2106,0,0,0,0,0,0,1,1,,,true,-0.1789,0.5419,-1.7278,309,0.0022,0,,,2.3342,surface,0.5456,1,FEATURE_POINT,-0.1941,0.5384,-1.7219,20.2843,49.9,0.0012,0,0.5122,0,0,0.01,99.9934,0,0,3.0898,1.5825,0,0,-1.0002,-0.02,0.99633,-0.02406,0.0821,0,-0.03696,0.74442,0.66669,0,-0.07716,-0.66728,0.7408,0,0.08042,-1.55446,-1.4007,1,0,0,0,false,true,-0.117,-0.1704,-0.0341,0.0074,-0.117,-0.1704,-0.0341,0.0074,false,,,,,,,,,,true,,,,,,,,,,,true,0,,,,,,,,,,,,2,0,0,,,
6182.9,1790994173445,21:22:53.444,ready,false,68,26.5,4.440052,NORMAL,UNSPECIFIED,-0.0042,2.0969,0.0073,0.3579,-0.0437,0.0036,-0.9327,64.5775,0.5122,-0.0042,2.0969,0.0073,-0.3579,0.0437,-0.0036,0.9327,64.5775,0.5122,0,1.2089,0,0,0,0,0,0,1,1,,,true,-0.186,0.5437,-1.7209,309,0.0022,0,,,2.3306,surface,0.5456,1,FEATURE_POINT,-0.2006,0.5375,-1.7221,20.3178,50,0.0034,0,0.5122,0,0,0.01,99.9934,0,0,3.0898,1.5825,0,0,-1.0002,-0.02,0.99616,-0.02454,0.08405,0,-0.03798,0.74382,0.6673,0,-0.0789,-0.66793,0.74003,0,0.08441,-1.55495,-1.40426,1,0,0,0,false,true,-0.117,-0.1704,-0.0341,0.0074,-0.117,-0.1704,-0.0341,0.0074,false,,,,,,,,,,true,,,,,,,,,,,true,0,,,,,,,,,,,,2,0,0,,,
6227,1790994173489,21:22:53.488,ready,false,69,23.7,4.495641,NORMAL,UNSPECIFIED,-0.0077,2.0914,0.0013,0.3589,-0.0443,0.0038,-0.9323,64.5775,0.5122,-0.0077,2.0914,0.0013,-0.3589,0.0443,-0.0038,0.9323,64.5775,0.5122,0,0.896,0,0,0,0,0,0,1,1,,,true,-0.1928,0.5447,-1.717,310,0.0022,0,,,2.3193,surface,0.5456,1,FEATURE_POINT,-0.2066,0.5327,-1.7195,20.5484,49.9,0.0088,0,0.5122,0,0,0.01,99.9934,0,0,3.0898,1.5825,0,0,-1.0002,-0.02,0.99604,-0.02475,0.08536,0,-0.03888,0.74233,0.6689,0,-0.07992,-0.66958,0.73843,0,0.08912,-1.55186,-1.39926,1,0,0,0,false,true,-0.117,-0.1704,-0.0341,0.0074,-0.117,-0.1704,-0.0341,0.0074,false,,,,,,,,,,true,,,,,,,,,,,true,0,,,,,,,,,,,,2,0,0,,,
6272.9,1790994173535,21:22:53.534,ready,false,70,24.5,4.542587,NORMAL,UNSPECIFIED,-0.0089,2.0878,0.0023,0.3588,-0.0434,0.0036,-0.9324,64.5775,0.5122,-0.0089,2.0878,0.0023,-0.3588,0.0434,-0.0036,0.9324,64.5775,0.5122,0,0,0,0,0,0,0,0,1,1,,,true,-0.1989,0.5452,-1.7111,310,0.0022,0,,,2.3133,surface,0.5456,1,FEATURE_POINT,-0.2034,0.5314,-1.7174,20.677,50.1,0.0039,0,0.5122,0,0,0.01,99.9934,0,0,3.0898,1.5825,0,0,-1.0002,-0.02,0.99621,-0.02436,0.08355,0,-0.03793,0.74257,0.6687,0,-0.07833,-0.66933,0.73883,0,0.08823,-1.54906,-1.39705,1,0,0,0,false,true,-0.117,-0.1704,-0.0341,0.0074,-0.117,-0.1704,-0.0341,0.0074,false,,,,,,,,,,true,,,,,,,,,,,true,0,,,,,,,,,,,,2,0,0,,,
6317.6,1790994173579,21:22:53.579,ready,false,71,22.3,4.587839,NORMAL,UNSPECIFIED,-0.0066,2.0836,0.0033,0.3583,-0.0416,0.0034,-0.9327,64.5775,0.5122,-0.0066,2.0836,0.0033,-0.3583,0.0416,-0.0034,0.9327,64.5775,0.5122,0,0,0,0,0,0,0,0,1,1,,,true,-0.2002,0.5454,-1.7064,310,0.0021,0,,,2.3079,surface,0.5456,1,FEATURE_POINT,-0.1925,0.5313,-1.7157,20.8414,33.3,0.0049,0,0.5122,0,0,0.01,99.9934,0,0,3.0898,1.5825,0,0,-1.0002,-0.02,0.99652,-0.0235,0.08001,0,-0.03611,0.74323,0.66806,0,-0.07517,-0.66862,0.7398,0,0.08207,-1.54654,-1.39386,1,0,0,0,false,true,-0.117,-0.1704,-0.0341,0.0074,-0.117,-0.1704,-0.0341,0.0074,false,,,,,,,,,,true,,,,,,,,,,,true,0,,,,,,,,,,,,2,0,0,,,
6363.6,1790994173625,21:22:53.625,ready,false,72,26.3,4.634556,NORMAL,UNSPECIFIED,-0.0076,2.0836,0.0013,0.3585,-0.0405,0.0032,-0.9326,64.5775,0.5122,-0.0076,2.0836,0.0013,-0.3585,0.0405,-0.0032,0.9326,64.5775,0.5122,0,1.4897,0,0,0,0,0,0,1,1,,,true,-0.1955,0.5455,-1.7031,310,0.0021,0,,,2.3035,surface,0.5456,1,FEATURE_POINT,-0.1881,0.5318,-1.7156,20.9312,50,0.0022,0,0.5122,0,0,0.01,99.9934,0,0,3.0898,1.5825,0,0,-1.0002,-0.02,0.99671,-0.02299,0.07778,0,-0.03504,0.7429,0.66849,0,-0.07315,-0.66901,0.73964,0,0.08065,-1.5472,-1.39323,1,0,0,0,false,true,-0.117,-0.1704,-0.0341,0.0074,-0.117,-0.1704,-0.0341,0.0074,false,,,,,,,,,,true,,,,,,,,,,,true,0,,,,,,,,,,,,2,0,0,,,
6407.8,1790994173670,21:22:53.669,ready,false,73,24.5,4.677188,NORMAL,UNSPECIFIED,-0.0103,2.0785,0.004,0.3575,-0.0367,0.002,-0.9332,64.5775,0.5122,-0.0103,2.0785,0.004,-0.3575,0.0367,-0.002,0.9332,64.5775,0.5122,0,0,0,0,0,0,0,0,1,1,,,true,-0.191,0.5456,-1.7017,309,0.0022,0,,,2.3004,surface,0.5426,1,FEATURE_POINT,-0.1721,0.5344,-1.7131,21.1005,50,0.0064,0,0.5122,0,0,0.01,99.9934,0,0,3.0898,1.5825,0,0,-1.0002,-0.02,0.9973,-0.02258,0.0699,0,-0.02989,0.74443,0.66703,0,-0.0671,-0.66732,0.74174,0,0.07269,-1.54489,-1.38865,1,0,0,0,false,true,-0.117,-0.1704,-0.0341,0.0074,-0.117,-0.1704,-0.0341,0.0074,false,,,,,,,,,,true,,,,,,,,,,,true,0,,,,,,,,,,,,2,0,0,,,
6452.6,1790994173714,21:22:53.714,ready,false,74,24.2,4.722874,NORMAL,UNSPECIFIED,-0.0085,2.0819,0.002,0.3579,-0.0354,0.0016,-0.9331,64.5775,0.5122,-0.0085,2.0819,0.002,-0.3579,0.0354,-0.0016,0.9331,64.5775,0.5122,0,0,0,0,0,0,0,0,1,1,,,true,-0.1811,0.5441,-1.7029,309,0.0022,0,,,2.3024,surface,0.5384,1,FEATURE_POINT,-0.164,0.5361,-1.7142,21.2276,50,0.0043,0,0.5122,0,0,0.01,99.9934,0,0,3.0898,1.5825,0,0,-1.0002,-0.02,0.99749,-0.02227,0.06714,0,-0.02834,0.74385,0.66774,0,-0.06481,-0.66797,0.74136,0,0.06766,-1.54748,-1.39107,1,0,0,0,false,true,-0.117,-0.1704,-0.0341,0.0074,-0.117,-0.1704,-0.0341,0.0074,false,,,,,,,,,,true,,,,,,,,,,,true,0,,,,,,,,,,,,2,0,0,,,
6497.8,1790994173759,21:22:53.759,ready,false,75,24.4,4.767493,NORMAL,UNSPECIFIED,-0.0043,2.0815,0.0041,0.3576,-0.0348,0.0028,-0.9332,64.5775,0.5122,-0.0043,2.0815,0.0041,-0.3576,0.0348,-0.0028,0.9332,64.5775,0.5122,0,1.0392,0,0,0,0,0,0,1,1,,,true,-0.1724,0.5412,-1.7073,309,0.0022,0,,,2.3085,surface,0.5375,1,FEATURE_POINT,-0.1594,0.536,-1.7141,21.3172,33.3,0.0048,0,0.5122,0,0,0.01,99.9934,0,0,3.0898,1.5825,0,0,-1.0002,-0.02,0.99756,-0.01974,0.06699,0,-0.03008,0.74423,0.66725,0,-0.06303,-0.66763,0.74182,0,0.06712,-1.54646,-1.39161,1,0,0,0,false,true,-0.117,-0.1704,-0.0341,0.0074,-0.117,-0.1704,-0.0341,0.0074,false,,,,,,,,,,true,,,,,,,,,,,true,0,,,,,,,,,,,,2,0,0,,,
6545.9,1790994173808,21:22:53.807,ready,false,76,27.5,4.81299,NORMAL,UNSPECIFIED,-0.0045,2.0821,0.0058,0.3576,-0.0341,0.0031,-0.9332,64.5775,0.5122,-0.0045,2.0821,0.0058,-0.3576,0.0341,-0.0031,0.9332,64.5775,0.5122,0,1.5166,0,0,0,0,0,0,1,1,,,true,-0.1659,0.5393,-1.7099,309,0.0022,0,,,2.313,surface,0.5361,1,FEATURE_POINT,-0.157,0.5359,-1.7134,21.2645,50,0.0019,0,0.5122,0,0,0.01,99.9934,0,0,3.0898,1.5825,0,0,-1.0002,-0.02,0.99766,-0.01867,0.06578,0,-0.03007,0.74422,0.66726,0,-0.06141,-0.66767,0.74192,0,0.06749,-1.54578,-1.39335,1,0,0,0,false,true,-0.117,-0.1704,-0.0341,0.0074,-0.117,-0.1704,-0.0341,0.0074,false,,,,,,,,,,true,,,,,,,,,,,true,0,,,,,,,,,,,,2,0,0,,,
6600.9,1790994173863,21:22:53.862,ready,false,77,23.6,4.857468,NORMAL,UNSPECIFIED,-0.0004,2.087,0.0051,0.3588,-0.0333,0.0036,-0.9328,64.5775,0.5122,-0.0004,2.087,0.0051,-0.3588,0.0333,-0.0036,0.9328,64.5775,0.5122,0,0.8082,0,0,0,0,0,0,1,1,,,true,-0.1614,0.5377,-1.7116,305,0.0022,0,,,2.318,surface,0.5361,1,FEATURE_POINT,-0.1414,0.6264,-1.6108,20.9529,49.9,0.0064,0,0.5122,0,0,0.01,99.9934,0,0,3.0898,1.5825,0,0,-1.0002,-0.02,0.99776,-0.01722,0.06459,0,-0.0305,0.74249,0.66916,0,-0.05948,-0.66963,0.74031,0,0.06435,-1.54618,-1.40023,1,0,0,0,false,true,-0.117,-0.1704,-0.0341,0.0074,-0.117,-0.1704,-0.0341,0.0074,false,,,,,,,,,,true,,,,,,,,,,,true,0,,,,,,,,,,,,2,0,0,,,
6645.8,1790994173907,21:22:53.907,ready,false,78,26.4,4.916769,NORMAL,UNSPECIFIED,0.0018,2.0887,0.0074,0.3594,-0.0331,0.0041,-0.9326,64.5775,0.5122,0.0018,2.0887,0.0074,-0.3594,0.0331,-0.0041,0.9326,64.5775,0.5122,0,0,0,0,0,0,0,0,1,1,,,true,-0.1557,0.5369,-1.7111,305,0.0022,0,,,2.3209,surface,0.5361,1,FEATURE_POINT,-0.1396,0.6238,-1.6093,21.0898,50,0.0037,0,0.5122,0,0,0.01,99.9934,0,0,3.0898,1.5825,0,0,-1.0002,-0.02,0.99778,-0.01603,0.06464,0,-0.0315,0.74166,0.67004,0,-0.05868,-0.67059,0.7395,0,0.06446,-1.54407,-1.40513,1,0,0,0,false,true,-0.117,-0.1704,-0.0341,0.0074,-0.117,-0.1704,-0.0341,0.0074,false,,,,,,,,,,true,,,,,,,,,,,true,0,,,,,,,,,,,,2,0,0,,,
6696.1,1790994173958,21:22:53.957,ready,false,79,29.7,4.958955,NORMAL,UNSPECIFIED,0.0026,2.0894,0.0057,0.3597,-0.0327,0.0047,-0.9325,64.5775,0.5122,0.0026,2.0894,0.0057,-0.3597,0.0327,-0.0047,0.9325,64.5775,0.5122,0,0,0,0,0,0,0,0,1,1,,,true,-0.1519,0.5365,-1.7086,305,0.0022,0,,,2.3183,surface,0.5361,1,FEATURE_POINT,-0.1382,0.6239,-1.6098,20.9689,50,0.0021,0,0.5122,0,0,0.01,99.9934,0,0,3.0898,1.5825,0,0,-1.0002,-0.02,0.99782,-0.01471,0.06441,0,-0.03236,0.7412,0.67051,0,-0.0576,-0.67112,0.7391,0,0.06533,-1.5448,-1.4054,1,0,0,0,false,true,-0.117,-0.1704,-0.0341,0.0074,-0.117,-0.1704,-0.0341,0.0074,false,,,,,,,,,,true,,,,,,,,,,,true,0,,,,,,,,,,,,2,0,0,,,
6734.3,1790994173996,21:22:53.996,ready,false,80,21,5.00555,NORMAL,UNSPECIFIED,0.0037,2.0892,0.0071,0.3594,-0.0326,0.0049,-0.9326,64.5775,0.5122,0.0037,2.0892,0.0071,-0.3594,0.0326,-0.0049,0.9326,64.5775,0.5122,0,0.2354,0,0,0,0,0,0,1,1,,,true,-0.1492,0.5363,-1.7076,305,0.0023,0,,,2.3184,surface,0.5361,1,FEATURE_POINT,-0.1371,0.6243,-1.6098,21.483,49.9,0.0018,0,0.5122,0,0,0.01,99.9934,0,0,3.0898,1.5825,0,0,-1.0002,-0.02,0.99782,-0.01423,0.06441,0,-0.03267,0.74164,0.67,0,-0.0573,-0.67064,0.73956,0,0.06498,-1.54459,-1.40526,1,0,0,0,false,true,-0.117,-0.1704,-0.0341,0.0074,-0.117,-0.1704,-0.0341,0.0074,false,,,,,,,,,,true,,,,,,,,,,,true,0,,,,,,,,,,,,2,0,0,,,
6782.4,1790994174044,21:22:54.044,ready,false,81,30,5.052487,NORMAL,UNSPECIFIED,0.0055,2.0909,0.0091,0.359,-0.033,0.0055,-0.9327,64.5775,0.5122,0.0055,2.0909,0.0091,-0.359,0.033,-0.0055,0.9327,64.5775,0.5122,0,1.3603,0,0,0,0,0,0,1,1,,,true,-0.1474,0.5362,-1.7074,305,0.0023,0,,,2.321,surface,0.5361,1,FEATURE_POINT,-0.1379,0.6256,-1.611,21.418,33.4,0.0032,0,0.5122,0,0,0.01,99.9934,0,0,3.0898,1.5825,0,0,-1.0002,-0.02,0.99776,-0.01346,0.06551,0,-0.03393,0.74219,0.66933,0,-0.05763,-0.67006,0.74007,0,0.06594,-1.54566,-1.40662,1,0,0,0,false,true,-0.117,-0.1704,-0.0341,0.0074,-0.117,-0.1704,-0.0341,0.0074,false,,,,,,,,,,true,,,,,,,,,,,true,0,,,,,,,,,,,,2,0,0,,,
6829.9,1790994174092,21:22:54.091,ready,false,82,23.6,5.092377,NORMAL,UNSPECIFIED,0.0041,2.0891,0.0076,0.3588,-0.0333,0.0052,-0.9328,64.5775,0.5122,0.0041,2.0891,0.0076,-0.3588,0.0333,-0.0052,0.9328,64.5775,0.5122,0,0.5323,0,0,0,0,0,0,1,1,,,true,-0.147,0.5361,-1.7087,305,0.0023,0,,,2.3196,surface,0.5361,1,FEATURE_POINT,-0.1398,0.6259,-1.6111,21.377,50,0.0028,0,0.5122,0,0,0.01,99.9934,0,0,3.0898,1.5825,0,0,-1.0002,-0.02,0.99773,-0.01416,0.06578,0,-0.03358,0.74241,0.6691,0,-0.05831,-0.66979,0.74026,0,0.06654,-1.54579,-1.40372,1,0,0,0,false,true,-0.117,-0.1704,-0.0341,0.0074,-0.117,-0.1704,-0.0341,0.0074,false,,,,,,,,,,true,,,,,,,,,,,true,0,,,,,,,,,,,,2,0,0,,,
6869.9,1790994174131,21:22:54.131,ready,false,83,21.4,5.146195,NORMAL,UNSPECIFIED,0.0053,2.0922,0.0071,0.3591,-0.0337,0.0053,-0.9327,64.5775,0.5122,0.0053,2.0922,0.0071,-0.3591,0.0337,-0.0053,0.9327,64.5775,0.5122,0,0,0,0,0,0,0,0,1,1,,,true,-0.1478,0.5361,-1.7096,305,0.0023,0,,,2.3221,surface,0.5361,1,FEATURE_POINT,-0.1407,0.6267,-1.6126,21.7519,50,0.0034,0,0.5122,0,0,0.01,99.9934,0,0,3.0898,1.5825,0,0,-1.0002,-0.02,0.99767,-0.01426,0.06669,0,-0.03414,0.74209,0.66943,0,-0.05903,-0.67015,0.73988,0,0.06658,-1.54775,-1.40616,1,0,0,0,false,true,-0.117,-0.1704,-0.0341,0.0074,-0.117,-0.1704,-0.0341,0.0074,false,,,,,,,,,,true,,,,,,,,,,,true,0,,,,,,,,,,,,2,0,0,,,
6912.3,1790994174174,21:22:54.173,ready,false,84,25.9,5.187694,NORMAL,UNSPECIFIED,0.0047,2.0919,0.0096,0.3588,-0.0349,0.0051,-0.9327,64.5775,0.5122,0.0047,2.0919,0.0096,-0.3588,0.0349,-0.0051,0.9327,64.5775,0.5122,0,1.531,0,0,0,0,0,0,1,1,,,true,-0.1488,0.5361,-1.7112,305,0.0023,0,,,2.3249,surface,0.6238,1,FEATURE_POINT,-0.146,0.6257,-1.6122,21.9297,33.3,0.0025,0,0.5122,0,0,0.01,99.9934,0,0,3.0898,1.5825,0,0,-1.0002,-0.02,0.99751,-0.01548,0.06881,0,-0.03463,0.74243,0.66903,0,-0.06144,-0.66974,0.74005,0,0.06829,-1.54662,-1.40695,1,0,0,0,false,true,-0.117,-0.1704,-0.0341,0.0074,-0.117,-0.1704,-0.0341,0.0074,false,,,,,,,,,,true,,,,,,,,,,,true,0,,,,,,,,,,,,2,0,0,,,
6959.1,1790994174221,21:22:54.220,ready,false,85,26.7,5.226399,NORMAL,UNSPECIFIED,0.0055,2.094,0.009,0.3591,-0.0357,0.0051,-0.9326,64.5775,0.5122,0.0055,2.094,0.009,-0.3591,0.0357,-0.0051,0.9326,64.5775,0.5122,0,0.3213,0,0,0,0,0,0,1,1,,,true,-0.1475,0.5799,-1.6628,305,0.0023,0,,,2.2607,surface,0.6239,1,FEATURE_POINT,-0.1489,0.6255,-1.6131,21.8734,50,0.0023,0,0.5122,0,0,0.01,99.9934,0,0,3.0898,1.5825,0,0,-1.0002,-0.02,0.99739,-0.01607,0.07038,0,-0.03528,0.74201,0.66946,0,-0.06298,-0.6702,0.7395,0,0.06895,-1.54763,-1.40889,1,0,0,0,false,true,-0.117,-0.1704,-0.0341,0.0074,-0.117,-0.1704,-0.0341,0.0074,false,,,,,,,,,,true,,,,,,,,,,,true,0,,,,,,,,,,,,2,0,0,,,
7011.4,1790994174273,21:22:54.273,ready,false,86,28,5.271987,NORMAL,UNSPECIFIED,0.0041,2.0897,0.0112,0.3582,-0.0361,0.0057,-0.9329,64.5775,0.5122,0.0041,2.0897,0.0112,-0.3582,0.0361,-0.0057,0.9329,64.5775,0.5122,0,1.198,0,0,0,0,0,0,1,1,,,true,-0.1483,0.6019,-1.6389,305,0.0023,0,,,2.227,surface,0.6243,1,FEATURE_POINT,-0.1523,0.6259,-1.6124,21.5981,50,0.005,0,0.5122,0,0,0.01,99.9934,0,0,3.0898,1.5825,0,0,-1.0002,-0.02,0.99733,-0.01514,0.07138,0,-0.03651,0.74335,0.6679,0,-0.06317,-0.66873,0.74082,0,0.07293,-1.54585,-1.40427,1,0,0,0,false,true,-0.117,-0.1704,-0.0341,0.0074,-0.117,-0.1704,-0.0341,0.0074,false,,,,,,,,,,true,,,,,,,,,,,true,0,,,,,,,,,,,,2,0,0,,,
7058.9,1790994174321,21:22:54.320,ready,false,87,27.5,5.322617,NORMAL,UNSPECIFIED,0.0058,2.0908,0.0154,0.3572,-0.037,0.0055,-0.9333,64.5775,0.5122,0.0058,2.0908,0.0154,-0.3572,0.037,-0.0055,0.9333,64.5775,0.5122,0,0,0,0,0,0,0,0,1,1,,,true,-0.1504,0.6131,-1.6265,305,0.0023,0,,,2.2145,surface,0.6255,1,FEATURE_POINT,-0.1545,0.6279,-1.6137,21.5436,50,0.0047,0,0.5122,0,0,0.01,99.9934,0,0,3.0898,1.5825,0,0,-1.0002,-0.02,0.9972,-0.01625,0.073,0,-0.03664,0.74473,0.66636,0,-0.0652,-0.66717,0.74205,0,0.07184,-1.54671,-1.4051,1,0,0,0,false,true,-0.117,-0.1704,-0.0341,0.0074,-0.117,-0.1704,-0.0341,0.0074,false,,,,,,,,,,true,,,,,,,,,,,true,0,,,,,,,,,,,,2,0,0,,,
7110.4,1790994174372,21:22:54.372,ready,false,88,32,5.370979,NORMAL,UNSPECIFIED,0.004,2.0893,0.0116,0.3573,-0.0375,0.0056,-0.9332,64.5775,0.5122,0.004,2.0893,0.0116,-0.3573,0.0375,-0.0056,0.9332,64.5775,0.5122,0,0.9839,0,0,0,0,0,0,1,1,,,true,-0.1526,0.6193,-1.6214,305,0.0023,0,,,2.2028,surface,0.6256,1,FEATURE_POINT,-0.1583,0.6285,-1.6146,21.331,49.9,0.0045,0,0.5122,0,0,0.01,99.9934,0,0,3.0898,1.5825,0,0,-1.0002,-0.02,0.99712,-0.01631,0.07405,0,-0.03731,0.74462,0.66645,0,-0.06601,-0.66729,0.74186,0,0.0747,-1.54797,-1.40131,1,0,0,0,false,true,-0.117,-0.1704,-0.0341,0.0074,-0.117,-0.1704,-0.0341,0.0074,false,,,,,,,,,,true,,,,,,,,,,,true,0,,,,,,,,,,,,2,0,0,,,
7165.1,1790994174427,21:22:54.426,ready,false,89,34.6,5.418121,NORMAL,UNSPECIFIED,0.0001,2.0869,0.0081,0.357,-0.0374,0.0048,-0.9333,64.5775,0.5122,0.0001,2.0869,0.0081,-0.357,0.0374,-0.0048,0.9333,64.5775,0.5122,0,1.4523,0,0,0,0,0,0,1,1,,,true,-0.1556,0.6224,-1.6196,305,0.0023,0,,,2.195,surface,0.6257,1,FEATURE_POINT,-0.16,0.6303,-1.6151,21.0294,50,0.0058,0,0.5122,0,0,0.01,99.9934,0,0,3.0898,1.5825,0,0,-1.0002,-0.02,0.99716,-0.0177,0.0732,0,-0.03567,0.74502,0.66609,0,-0.06633,-0.66681,0.74227,0,0.07489,-1.54935,-1.39605,1,0,0,0,false,true,-0.117,-0.1704,-0.0341,0.0074,-0.117,-0.1704,-0.0341,0.0074,false,,,,,,,,,,true,,,,,,,,,,,true,0,,,,,,,,,,,,2,0,0,,,
7208.8,1790994174470,21:22:54.470,ready,false,90,27.4,5.470189,NORMAL,UNSPECIFIED,-0.0006,2.0892,0.0092,0.3573,-0.0374,0.0043,-0.9332,64.5775,0.5122,-0.0006,2.0892,0.0092,-0.3573,0.0374,-0.0043,0.9332,64.5775,0.5122,0,1.2259,0,0,0,0,0,0,1,1,,,true,-0.158,0.6241,-1.6199,305,0.0023,0,,,2.1967,surface,0.6259,1,FEATURE_POINT,-0.1602,0.63,-1.615,21.2095,50,0.0027,0,0.5122,0,0,0.01,99.9934,0,0,3.0898,1.5825,0,0,-1.0002,-0.02,0.99716,-0.0188,0.07288,0,-0.03467,0.74468,0.66652,0,-0.0668,-0.66715,0.74192,0,0.07369,-1.54962,-1.39928,1,0,0,0,false,true,-0.117,-0.1704,-0.0341,0.0074,-0.117,-0.1704,-0.0341,0.0074,false,,,,,,,,,,true,,,,,,,,,,,true,0,,,,,,,,,,,,2,0,0,,,
7252.9,1790994174515,21:22:54.514,ready,false,91,26.5,5.521353,NORMAL,UNSPECIFIED,0.0016,2.0907,0.0116,0.357,-0.0378,0.0047,-0.9333,64.5775,0.5122,0.0016,2.0907,0.0116,-0.357,0.0378,-0.0047,0.9333,64.5775,0.5122,0,1.1594,0,0,0,0,0,0,1,1,,,true,-0.1593,0.625,-1.6197,305,0.0024,0,,,2.199,surface,0.6259,1,FEATURE_POINT,-0.1606,0.6304,-1.6157,21.3562,50,0.0036,0,0.5122,0,0,0.01,99.9934,0,0,3.0898,1.5825,0,0,-1.0002,-0.02,0.99709,-0.01821,0.07397,0,-0.03581,0.74506,0.66604,0,-0.06724,-0.66675,0.74224,0,0.07405,-1.54989,-1.40125,1,0,0,0,false,true,-0.117,-0.1704,-0.0341,0.0074,-0.117,-0.1704,-0.0341,0.0074,false,,,,,,,,,,true,,,,,,,,,,,true,0,,,,,,,,,,,,2,0,0,,,
7301.2,1790994174563,21:22:54.562,ready,false,92,26.9,5.566399,NORMAL,UNSPECIFIED,0.0005,2.093,0.0128,0.3571,-0.0378,0.0044,-0.9333,64.5775,0.5122,0.0005,2.093,0.0128,-0.3571,0.0378,-0.0044,0.9333,64.5775,0.5122,0,0,0,0,0,0,0,0,1,1,,,true,-0.1602,0.6255,-1.6202,305,0.0023,0,,,2.2014,surface,0.6259,1,FEATURE_POINT,-0.161,0.6311,-1.616,21.2867,33.3,0.0028,0,0.5122,0,0,0.01,99.9934,0,0,3.0898,1.5825,0,0,-1.0002,-0.02,0.99711,-0.01883,0.07361,0,-0.03511,0.74499,0.66615,0,-0.06738,-0.66681,0.74218,0,0.07383,-1.55074,-1.4038,1,0,0,0,false,true,-0.117,-0.1704,-0.0341,0.0074,-0.117,-0.1704,-0.0341,0.0074,false,,,,,,,,,,true,,,,,,,,,,,true,0,,,,,,,,,,,,2,0,0,,,
7361.4,1790994174623,21:22:54.623,ready,false,93,40,5.614418,NORMAL,UNSPECIFIED,0.0008,2.092,0.0115,0.3569,-0.0376,0.0042,-0.9334,64.5775,0.5122,0.0008,2.092,0.0115,-0.3569,0.0376,-0.0042,0.9334,64.5775,0.5122,0,0,0,0,0,0,0,0,1,1,,,true,-0.1609,0.6257,-1.621,305,0.0023,0,,,2.2003,surface,0.6267,1,FEATURE_POINT,-0.1599,0.6317,-1.6163,20.8219,50,0.0017,0,0.5122,0,0,0.01,99.9934,0,0,3.0898,1.5825,0,0,-1.0002,-0.02,0.99713,-0.019,0.07329,0,-0.03475,0.74517,0.66597,0,-0.06726,-0.6666,0.74237,0,0.07265,-1.55117,-1.40179,1,0,0,0,false,true,-0.117,-0.1704,-0.0341,0.0074,-0.117,-0.1704,-0.0341,0.0074,false,,,,,,,,,,true,,,,,,,,,,,true,0,,,,,,,,,,,,2,0,0,,,
7412.7,1790994174674,21:22:54.674,ready,false,94,24.3,5.661131,NORMAL,UNSPECIFIED,0.0011,2.0886,0.0124,0.356,-0.0374,0.0044,-0.9337,64.5775,0.5122,0.0011,2.0886,0.0124,-0.356,0.0374,-0.0044,0.9337,64.5775,0.5122,0,1.1481,0,0,0,0,0,0,1,1,,,true,-0.1607,0.6262,-1.6214,305,0.0024,0,,,2.1986,surface,0.6279,1,FEATURE_POINT,-0.1587,0.6332,-1.6163,20.689,66.7,0.0035,0,0.5122,0,0,0.01,99.9934,0,0,3.0898,1.5825,0,0,-1.0002,-0.02,0.99717,-0.01832,0.07295,0,-0.0349,0.74644,0.66453,0,-0.06663,-0.6652,0.74369,0,0.07262,-1.55076,-1.39721,1,0,0,0,false,true,-0.117,-0.1704,-0.0341,0.0074,-0.117,-0.1704,-0.0341,0.0074,false,,,,,,,,,,true,,,,,,,,,,,true,0,,,,,,,,,,,,2,0,0,,,
7458.6,1790994174720,21:22:54.720,ready,false,95,26.2,5.727767,NORMAL,UNSPECIFIED,0.0008,2.0891,0.0137,0.3555,-0.0371,0.0043,-0.9339,64.5775,0.5122,0.0008,2.0891,0.0137,-0.3555,0.0371,-0.0043,0.9339,64.5775,0.5122,0,1.2088,0,0,0,0,0,0,1,1,,,true,-0.16,0.627,-1.6219,305,0.0024,0,,,2.1997,surface,0.6285,1,FEATURE_POINT,-0.1576,0.6351,-1.617,20.7988,49.9,0.0015,0,0.5122,0,0,0.01,99.9934,0,0,3.0898,1.5825,0,0,-1.0002,-0.02,0.99721,-0.01833,0.07233,0,-0.03441,0.74715,0.66376,0,-0.06621,-0.6644,0.74444,0,0.07197,-1.55174,-1.39692,1,0,0,0,false,true,-0.117,-0.1704,-0.0341,0.0074,-0.117,-0.1704,-0.0341,0.0074,false,,,,,,,,,,true,,,,,,,,,,,true,0,,,,,,,,,,,,2,0,0,,,
7506.6,1790994174768,21:22:54.768,ready,false,96,26.2,5.771485,NORMAL,UNSPECIFIED,0.0005,2.0922,0.0128,0.3559,-0.0366,0.0041,-0.9338,64.5775,0.5122,0.0005,2.0922,0.0128,-0.3559,0.0366,-0.0041,0.9338,64.5775,0.5122,0,0,0,0,0,0,0,0,1,1,,,true,-0.1591,0.6278,-1.6231,305,0.0024,0,,,2.2014,surface,0.63,1,FEATURE_POINT,-0.1557,0.6362,-1.6181,20.8022,50,0.0033,0,0.5122,0,0,0.01,99.9934,0,0,3.0898,1.5825,0,0,-1.0002,-0.02,0.99729,-0.01835,0.07127,0,-0.03373,0.7467,0.66431,0,-0.06541,-0.66491,0.74405,0,0.0709,-1.55378,-1.39942,1,0,0,0,false,true,-0.117,-0.1704,-0.0341,0.0074,-0.117,-0.1704,-0.0341,0.0074,false,,,,,,,,,,true,,,,,,,,,,,true,0,,,,,,,,,,,,2,0,0,,,
7549.9,1790994174812,21:22:54.811,ready,false,97,23.6,5.820202,NORMAL,UNSPECIFIED,0.0024,2.0909,0.0135,0.3559,-0.0366,0.0043,-0.9338,64.5775,0.5122,0.0024,2.0909,0.0135,-0.3559,0.0366,-0.0043,0.9338,64.5775,0.5122,0,0,0,0,0,0,0,0,1,1,,,true,-0.1578,0.6289,-1.6241,305,0.0024,0,,,2.2011,surface,0.6303,1,FEATURE_POINT,-0.1539,0.6349,-1.6172,21.0262,50,0.0024,0,0.5122,0,0,0.01,99.9934,0,0,3.0898,1.5825,0,0,-1.0002,-0.02,0.99729,-0.01803,0.07133,0,-0.03402,0.74667,0.66433,0,-0.06524,-0.66495,0.74403,0,0.06961,-1.55219,-1.39931,1,0,0,0,false,true,-0.117,-0.1704,-0.0341,0.0074,-0.117,-0.1704,-0.0341,0.0074,false,,,,,,,,,,true,,,,,,,,,,,true,0,,,,,,,,,,,,2,0,0,,,
7595.1,1790994174857,21:22:54.856,ready,false,98,27.7,5.865562,NORMAL,UNSPECIFIED,0.0006,2.0894,0.0106,0.3564,-0.0363,0.0044,-0.9336,64.5775,0.5122,0.0006,2.0894,0.0106,-0.3564,0.0363,-0.0044,0.9336,64.5775,0.5122,0,0.9314,0,0,0,0,0,0,1,1,,,true,-0.1561,0.6296,-1.6232,305,0.0024,0,,,2.1966,surface,0.6304,1,FEATURE_POINT,-0.1545,0.6334,-1.6162,21.1408,33.3,0.0037,0,0.5122,0,0,0.01,99.9934,0,0,3.0898,1.5825,0,0,-1.0002,-0.02,0.99733,-0.01756,0.07088,0,-0.03415,0.74587,0.66522,0,-0.06455,-0.66587,0.74327,0,0.07141,-1.55129,-1.39785,1,0,0,0,false,true,-0.117,-0.1704,-0.0341,0.0074,-0.117,-0.1704,-0.0341,0.0074,false,,,,,,,,,,true,,,,,,,,,,,true,0,,,,,,,,,,,,2,0,0,,,
7644.5,1790994174906,21:22:54.906,ready,false,99,32.1,5.907366,NORMAL,UNSPECIFIED,0.0025,2.0917,0.0103,0.3567,-0.0361,0.0047,-0.9335,64.5775,0.5122,0.0025,2.0917,0.0103,-0.3567,0.0361,-0.0047,0.9335,64.5775,0.5122,0,0.6791,0,0,0,0,0,0,1,1,,,true,-0.1555,0.63,-1.6213,305,0.0024,0,,,2.1963,surface,0.6311,1,FEATURE_POINT,-0.1526,0.6337,-1.617,21.051,50,0.003,0,0.5122,0,0,0.01,99.9934,0,0,3.0898,1.5825,0,0,-1.0002,-0.02,0.99735,-0.01693,0.07081,0,-0.03461,0.74549,0.66562,0,-0.06406,-0.66631,0.74292,0,0.07057,-1.55237,-1.4001,1,0,0,0,false,true,-0.117,-0.1704,-0.0341,0.0074,-0.117,-0.1704,-0.0341,0.0074,false,,,,,,,,,,true,,,,,,,,,,,true,0,,,,,,,,,,,,2,0,0,,,
7688.8,1790994174951,21:22:54.950,ready,false,100,22.5,5.952075,NORMAL,UNSPECIFIED,0.002,2.0906,0.0098,0.3567,-0.0363,0.0052,-0.9335,64.5775,0.5122,0.002,2.0906,0.0098,-0.3567,0.0363,-0.0052,0.9335,64.5775,0.5122,0,0,0,0,0,0,0,0,1,1,,,true,-0.1542,0.6305,-1.6206,305,0.0024,0,,,2.1941,surface,0.6317,1,FEATURE_POINT,-0.1544,0.6331,-1.6167,21.1982,50,0.0013,0,0.5122,0,0,0.01,99.9934,0,0,3.0898,1.5825,0,0,-1.0002,-0.02,0.99731,-0.01627,0.07143,0,-0.03552,0.74542,0.66564,0,-0.06407,-0.66639,0.74284,0,0.07286,-1.55181,-1.39896,1,0,0,0,false,true,-0.117,-0.1704,-0.0341,0.0074,-0.117,-0.1704,-0.0341,0.0074,false,,,,,,,,,,true,,,,,,,,,,,true,0,,,,,,,,,,,,2,0,0,,,
7734.7,1790994174996,21:22:54.996,ready,false,101,24.3,6.005583,NORMAL,UNSPECIFIED,0.0025,2.0921,0.0102,0.3569,-0.0361,0.0053,-0.9334,64.5775,0.5122,0.0025,2.0921,0.0102,-0.3569,0.0361,-0.0053,0.9334,64.5775,0.5122,0,1.2076,0,0,0,0,0,0,1,1,,,true,-0.1544,0.6311,-1.6195,305,0.0024,0,,,2.1943,surface,0.6331,1,FEATURE_POINT,-0.1535,0.6333,-1.617,21.2618,33.4,0.0017,0,0.5122,0,0,0.01,99.9934,0,0,3.0898,1.5825,0,0,-1.0002,-0.02,0.99733,-0.01594,0.07123,0,-0.03564,0.74525,0.66583,0,-0.0637,-0.66659,0.7427,0,0.07268,-1.55228,-1.40076,1,0,0,0,false,true,-0.117,-0.1704,-0.0341,0.0074,-0.117,-0.1704,-0.0341,0.0074,false,,,,,,,,,,true,,,,,,,,,,,true,0,,,,,,,,,,,,2,0,0,,,
7783.3,1790994175045,21:22:55.044,ready,false,102,28.9,6.049487,NORMAL,UNSPECIFIED,0.0016,2.0913,0.0092,0.3568,-0.0361,0.0052,-0.9335,64.5775,0.5122,0.0016,2.0913,0.0092,-0.3568,0.0361,-0.0052,0.9335,64.5775,0.5122,0,0,0,0,0,0,0,0,1,1,,,true,-0.1539,0.6321,-1.6183,305,0.0024,0,,,2.1914,surface,0.6332,1,FEATURE_POINT,-0.1542,0.6337,-1.6172,21.1932,49.9,0.0016,0,0.5122,0,0,0.01,99.9934,0,0,3.0898,1.5825,0,0,-1.0002,-0.02,0.99733,-0.01599,0.07119,0,-0.03557,0.74535,0.66572,0,-0.0637,-0.66648,0.7428,0,0.07333,-1.55258,-1.39916,1,0,0,0,false,true,-0.117,-0.1704,-0.0341,0.0074,-0.117,-0.1704,-0.0341,0.0074,false,,,,,,,,,,true,,,,,,,,,,,true,0,,,,,,,,,,,,2,0,0,,,
7838.7,1790994175100,21:22:55.100,ready,false,103,22.3,6.093755,NORMAL,UNSPECIFIED,0.0027,2.0941,0.0122,0.357,-0.0363,0.0054,-0.9334,64.5775,0.5122,0.0027,2.0941,0.0122,-0.357,0.0363,-0.0054,0.9334,64.5775,0.5122,0,0,0,0,0,0,0,0,1,1,,,true,-0.1541,0.6327,-1.618,309,0.0024,0,,,2.195,surface,0.6333,1,FEATURE_POINT,-0.1521,0.6544,-1.5928,20.8789,50,0.0043,0,0.5122,0,0,0.01,99.9934,0,0,3.0898,1.5825,0,0,-1.0002,-0.02,0.99731,-0.01575,0.07162,0,-0.03606,0.74508,0.666,0,-0.06385,-0.66679,0.74251,0,0.07361,-1.55209,-1.40397,1,0,0,0,false,true,-0.117,-0.1704,-0.0341,0.0074,-0.117,-0.1704,-0.0341,0.0074,false,,,,,,,,,,true,,,,,,,,,,,true,0,,,,,,,,,,,,2,0,0,,,
7891.5,1790994175153,21:22:55.153,ready,false,104,33.1,6.155361,NORMAL,UNSPECIFIED,0.0002,2.0919,0.0093,0.3569,-0.0365,0.0053,-0.9334,64.5775,0.5122,0.0002,2.0919,0.0093,-0.3569,0.0365,-0.0053,0.9334,64.5775,0.5122,0,0.8341,0,0,0,0,0,0,1,1,,,true,-0.1543,0.633,-1.6172,309,0.0024,0,,,2.1904,surface,0.6334,1,FEATURE_POINT,-0.1549,0.6549,-1.5931,20.685,49.9,0.0045,0,0.5122,0,0,0.01,99.9934,0,0,3.0898,1.5825,0,0,-1.0002,-0.02,0.99728,-0.01616,0.07185,0,-0.03591,0.74516,0.66592,0,-0.0643,-0.66669,0.74256,0,0.07555,-1.5526,-1.39993,1,0,0,0,false,true,-0.117,-0.1704,-0.0341,0.0074,-0.117,-0.1704,-0.0341,0.0074,false,,,,,,,,,,true,,,,,,,,,,,true,0,,,,,,,,,,,,2,0,0,,,
7990.5,1790994175252,21:22:55.251,revealing,true,105,69.8,6.198106,NORMAL,UNSPECIFIED,0,2.0903,0.0121,0.3571,-0.0364,0.0044,-0.9333,64.5775,0.5122,0,2.0903,0.0121,-0.3571,0.0364,-0.0044,0.9333,64.5775,0.5122,0,1.5062,-0.1543,0.633,-1.6172,0,0.9988,0,-0.0482,1,196.9,382.4,false,,,,309,0.0024,0,,,,,0.6334,,,,,,19.6297,66.7,0.0033,0,0.5122,0,0,0.01,99.9934,0,0,3.0898,1.5825,0,0,-1.0002,-0.02,0.9973,-0.01777,0.07119,0,-0.03429,0.74488,0.66632,0,-0.06487,-0.66696,0.74226,0,0.0725,-1.54894,-1.40179,1,-0.1543,0.633,-1.6172,true,true,0.0556,0.3344,-1.5775,0.013,-0.2051,-0.2985,-0.0597,0.013,true,-0.1543,0.633,-1.6172,1.7523,184.6,111.5,1.5668,,,true,,,,,,,,,,,true,0,,,,,,,,,,,,7,0,1,true,0,COLOCACIÓN
8050.6,1790994175312,21:22:55.312,revealing,true,106,34.1,6.2604,NORMAL,UNSPECIFIED,0.0049,2.0932,0.0141,0.3573,-0.0371,0.0054,-0.9332,64.5775,0.5122,0.0049,2.0932,0.0141,-0.3573,0.0371,-0.0054,0.9332,64.5775,0.5122,0,1.3452,-0.1543,0.633,-1.6172,0,0.9988,0,-0.0482,1,196.8,382.3,false,,,,309,0.0024,0,,,,,0.6334,,,,,,19.3251,99.9,0.0061,0,0.5122,0,0,0.01,99.9934,0,0,3.0898,1.5825,0,0,-1.0002,-0.02,0.99719,-0.01653,0.0731,0,-0.03653,0.74456,0.66656,0,-0.06545,-0.66735,0.74186,0,0.0725,-1.54897,-1.40608,1,-0.1543,0.633,-1.6172,true,true,0.0556,0.3344,-1.5775,0.013,-0.2051,-0.2985,-0.0597,0.013,true,-0.1543,0.633,-1.6172,1.7523,183.7,112.1,1.5703,,,true,,,,,,,,,,,true,0,,,,,,,,,,,,7,0,1,true,0,
8114.3,1790994175362,21:22:55.362,revealing,true,107,27.3,6.356077,NORMAL,UNSPECIFIED,0.0037,2.0889,0.0104,0.3576,-0.0361,0.0043,-0.9332,64.5775,0.5122,0.0037,2.0889,0.0104,-0.3576,0.0361,-0.0043,0.9332,64.5775,0.5122,0,0,-0.1543,0.633,-1.6172,0,0.9988,0,-0.0482,1,195.3,381.7,false,,,,309,0.0025,0,,,,,0.6334,,,,,,19.3846,50.1,0.0059,0,0.5122,0,0,0.01,99.9934,0,0,3.0898,1.5825,0,0,-1.0002,-0.02,0.99736,-0.01787,0.07038,0,-0.03374,0.74418,0.66712,0,-0.0643,-0.66774,0.74162,0,0.06746,-1.54752,-1.40149,1,-0.1543,0.633,-1.6172,true,true,0.0556,0.3344,-1.5775,0.013,-0.2051,-0.2985,-0.0597,0.013,true,-0.1543,0.633,-1.6172,1.7523,182.6,110.4,1.564,81,255/0/255,true,,,,,,,,,,,true,0,,,,,,,,,,,,7,0,1,true,0,
8158.3,1790994175420,21:22:55.419,revealing,true,108,23.9,6.412995,NORMAL,UNSPECIFIED,0.0028,2.0895,0.0104,0.3574,-0.0363,0.0043,-0.9332,64.5775,0.5122,0.0028,2.0895,0.0104,-0.3574,0.0363,-0.0043,0.9332,64.5775,0.5122,0,1.3247,-0.1543,0.633,-1.6172,0,0.9988,0,-0.0482,1,195.8,382.1,false,,,,309,0.0025,0,,,,,0.6334,,,,,,19.1822,66.7,0.0011,0,0.5122,0,0,0.01,99.9934,0,0,3.0898,1.5825,0,0,-1.0002,-0.02,0.99734,-0.01795,0.07071,0,-0.03388,0.74444,0.66683,0,-0.06461,-0.66745,0.74185,0,0.0687,-1.54853,-1.40123,1,-0.1543,0.633,-1.6172,true,true,0.0556,0.3344,-1.5775,0.013,-0.2051,-0.2985,-0.0597,0.013,true,-0.1543,0.633,-1.6172,1.7523,183.2,110.9,1.5647,,,true,,,,,,,,,,,true,0,,,,,,,,,,,,7,0,1,true,0.0011,
8212,1790994175474,21:22:55.473,revealing,true,109,27.7,6.474345,NORMAL,UNSPECIFIED,-0.0033,2.0918,0.013,0.3573,-0.0359,0.0031,-0.9333,64.5775,0.5122,-0.0033,2.0918,0.013,-0.3573,0.0359,-0.0031,0.9333,64.5775,0.5122,0,0,-0.1543,0.633,-1.6172,0,0.9988,0,-0.0482,1,196.7,382.3,false,,,,309,0.0025,0,,,,,0.6334,,,,,,19.1228,49.9,0.007,0,0.5122,0,0,0.01,99.9934,0,0,3.0898,1.5825,0,0,-1.0002,-0.02,0.9974,-0.01981,0.06932,0,-0.03154,0.74465,0.66671,0,-0.06483,-0.66717,0.74208,0,0.07007,-1.54902,-1.40405,1,-0.1543,0.633,-1.6172,true,true,0.0556,0.3344,-1.5775,0.013,-0.2051,-0.2985,-0.0597,0.013,true,-0.1543,0.633,-1.6172,1.7523,185.3,111.6,1.5678,,,true,,,,,,,,,,,true,0,,,,,,,,,,,,7,0,1,true,0,
8259.1,1790994175520,21:22:55.520,revealing,true,110,27.4,6.524448,NORMAL,UNSPECIFIED,-0.005,2.09,0.0126,0.3568,-0.0355,0.0028,-0.9335,64.5775,0.5122,-0.005,2.09,0.0126,-0.3568,0.0355,-0.0028,0.9335,64.5775,0.5122,0,0.2997,-0.1543,0.633,-1.6172,0,0.9988,0,-0.0482,1,196.5,382.6,false,,,,309,0.0024,0,,,,,0.6334,,,,,,19.3518,50,0.0025,0,0.5122,0,0,0.01,99.9934,0,0,3.0898,1.5825,0,0,-1.0002,-0.02,0.99746,-0.02015,0.06835,0,-0.03058,0.74535,0.66597,0,-0.06437,-0.66637,0.74284,0,0.06967,-1.54946,-1.40088,1,-0.1543,0.633,-1.6172,true,true,0.0556,0.3344,-1.5775,0.013,-0.2051,-0.2985,-0.0597,0.013,true,-0.1543,0.633,-1.6172,1.7523,185.5,111.6,1.5669,,,true,,,,,,,,,,,true,0,,,,,,,,,,,,7,0,1,true,0,
8374.4,1790994175636,21:22:55.635,revealing,true,111,93.9,6.571268,NORMAL,UNSPECIFIED,-0.0035,2.0907,0.012,0.3571,-0.0354,0.0027,-0.9334,64.5775,0.5122,-0.0035,2.0907,0.012,-0.3571,0.0354,-0.0027,0.9334,64.5775,0.5122,0,0,-0.1543,0.633,-1.6172,0,0.9988,0,-0.0482,1,195.9,382.5,false,,,,309,0.0025,0,,,,,0.6334,,,,,,18.2824,49.9,0.0017,0,0.5122,0,0,0.01,99.9934,0,0,3.0898,1.5825,0,0,-1.0002,-0.02,0.99748,-0.02015,0.06799,0,-0.03038,0.74494,0.66644,0,-0.06408,-0.66683,0.74245,0,0.06781,-1.54953,-1.40199,1,-0.1543,0.633,-1.6172,true,true,0.0556,0.3344,-1.5775,0.013,-0.2051,-0.2985,-0.0597,0.013,true,-0.1543,0.633,-1.6172,1.7523,184.7,111.6,1.5666,,,true,,,,,,,,,,,true,1,0,0,0,1.5775,0,0,0,0.0678,-1.5495,-1.402,WebglFramebuffer,7,0,1,true,0,
8480.7,1790994175690,21:22:55.690,revealing,true,112,24.4,6.619909,NORMAL,UNSPECIFIED,-0.0014,2.089,0.0119,0.3572,-0.0356,0.003,-0.9334,64.5775,0.5122,-0.0014,2.089,0.0119,-0.3572,0.0356,-0.003,0.9334,64.5775,0.5122,0,0,-0.1543,0.633,-1.6172,0,0.9988,0,-0.0482,1,195.6,382,false,,,,309,0.0024,0,,,,,0.6334,,,,,,18.289,100,0.0027,0,0.5122,0,0,0.01,99.9934,0,0,3.0898,1.5825,0,0,-1.0002,-0.02,0.99745,-0.01974,0.06857,0,-0.03108,0.74482,0.66654,0,-0.06423,-0.66698,0.74231,0,0.06708,-1.54802,-1.40114,1,-0.1543,0.633,-1.6172,true,true,0.0556,0.3344,-1.5775,0.013,-0.2051,-0.2985,-0.0597,0.013,true,-0.1543,0.633,-1.6172,1.7523,184.1,110.8,1.5654,81,255/0/255,true,,,,,,,,,,,true,1,0,0,0,1.5775,0,0,0,0.0671,-1.548,-1.4011,WebglFramebuffer,7,0,1,true,0,
8528,1790994175790,21:22:55.789,revealing,true,113,27.6,6.743808,NORMAL,UNSPECIFIED,-0.0005,2.088,0.0127,0.3565,-0.035,0.0033,-0.9336,64.5775,0.5122,-0.0005,2.088,0.0127,-0.3565,0.035,-0.0033,0.9336,64.5775,0.5122,0,1.2853,-0.1543,0.633,-1.6172,0,0.9988,0,-0.0482,1,194.8,382.6,false,,,,309,0.0024,0,,,,,0.6334,,,,,,17.4682,100,0.0016,0,0.5122,0,0,0.01,99.9934,0,0,3.0898,1.5825,0,0,-1.0002,-0.02,0.99753,-0.01876,0.06765,0,-0.0311,0.7458,0.66544,0,-0.06294,-0.66591,0.74337,0,0.06624,-1.54876,-1.39887,1,-0.1543,0.633,-1.6172,true,true,0.0556,0.3344,-1.5775,0.013,-0.2051,-0.2985,-0.0597,0.013,true,-0.1543,0.633,-1.6172,1.7523,182.9,111.4,1.5665,,,true,,,,,,,,,,,true,1,0,0,0,1.5775,0,0,0,0.0662,-1.5488,-1.3989,WebglFramebuffer,7,0,1,true,0,
8593,1790994175855,21:22:55.854,revealing,true,114,40.5,6.839581,NORMAL,UNSPECIFIED,-0.0011,2.086,0.0111,0.3565,-0.034,0.0037,-0.9337,64.5775,0.5122,-0.0011,2.086,0.0111,-0.3565,0.034,-0.0037,0.9337,64.5775,0.5122,0,0,-0.1543,0.633,-1.6172,0,0.9988,0,-0.0482,1,194,382.6,false,,,,309,0.0024,0,,,,,0.6334,,,,,,17.2622,50,0.0026,0,0.5122,0,0,0.01,99.9934,0,0,3.0898,1.5825,0,0,-1.0002,-0.02,0.99766,-0.0174,0.06609,0,-0.03107,0.74582,0.66543,0,-0.06087,-0.66592,0.74353,0,0.06658,-1.54845,-1.39625,1,-0.1543,0.633,-1.6172,true,true,0.0556,0.3344,-1.5775,0.013,-0.2051,-0.2985,-0.0597,0.013,true,-0.1543,0.633,-1.6172,1.7523,181.7,110.9,1.5639,,,true,,,,,,,,,,,true,1,0,0,0,1.5775,0,0,0,0.0666,-1.5485,-1.3963,WebglFramebuffer,7,0,1,true,0,
8675.2,1790994175937,21:22:55.936,revealing,true,115,46.8,6.891798,NORMAL,UNSPECIFIED,0.0034,2.0918,0.0119,0.3576,-0.0343,0.0049,-0.9332,64.5775,0.5122,0.0034,2.0918,0.0119,-0.3576,0.0343,-0.0049,0.9332,64.5775,0.5122,0,1.2501,-0.1543,0.633,-1.6172,0,0.9988,0,-0.0482,1,193.7,382.2,false,,,,309,0.0025,0,,,,,0.6334,,,,,,16.7511,66.6,0.0074,0,0.5122,0,0,0.01,99.9934,0,0,3.0898,1.5825,0,0,-1.0002,-0.02,0.9976,-0.01546,0.06752,0,-0.03362,0.74424,0.66707,0,-0.06056,-0.66774,0.74193,0,0.06767,-1.5488,-1.4045,1,-0.1543,0.633,-1.6172,true,true,0.0556,0.3344,-1.5775,0.013,-0.2051,-0.2985,-0.0597,0.013,true,-0.1543,0.633,-1.6172,1.7523,180.5,111.5,1.5672,,,true,,,,,,,,,,,true,1,0,0,0,1.5775,0,0,0,0.0677,-1.5488,-1.4045,WebglFramebuffer,7,0,1,true,0,
8765.9,1790994176028,21:22:56.027,revealing,true,116,46.6,6.968389,NORMAL,UNSPECIFIED,0,2.0929,0.0104,0.3583,-0.0335,0.0039,-0.933,64.5775,0.5122,0,2.0929,0.0104,-0.3583,0.0335,-0.0039,0.933,64.5775,0.5122,0,0,-0.1543,0.633,-1.6172,0,0.9988,0,-0.0482,1,193.3,381.7,false,,,,309,0.0025,0,,,,,0.6334,,,,,,16.1773,83.3,0.0039,0,0.5122,0,0,0.01,99.9934,0,0,3.0898,1.5825,0,0,-1.0002,-0.02,0.99772,-0.01667,0.06536,0,-0.03136,0.74319,0.66834,0,-0.05971,-0.66887,0.74098,0,0.0663,-1.54847,-1.40651,1,-0.1543,0.633,-1.6172,true,true,0.0556,0.3344,-1.5775,0.013,-0.2051,-0.2985,-0.0597,0.013,true,-0.1543,0.633,-1.6172,1.7523,180.7,110.9,1.5653,,,true,,,,,,,,,,,true,1,0,0,0,1.5775,0,0,0,0.0663,-1.5485,-1.4065,WebglFramebuffer,7,0,1,true,0,
8890,1790994176098,21:22:56.097,revealing,true,117,46.7,7.060921,NORMAL,UNSPECIFIED,0.0021,2.087,0.0128,0.3571,-0.034,0.0044,-0.9335,64.5775,0.5122,0.0021,2.087,0.0128,-0.3571,0.034,-0.0044,0.9335,64.5775,0.5122,0,0,-0.1543,0.633,-1.6172,0,0.9988,0,-0.0482,1,193.5,381.7,false,,,,309,0.0025,0,,,,,0.6334,,,,,,15.9861,83.3,0.0067,0,0.5122,0,0,0.01,99.9934,0,0,3.0898,1.5825,0,0,-1.0002,-0.02,0.99765,-0.016,0.06667,0,-0.03258,0.74499,0.66628,0,-0.06033,-0.66689,0.74271,0,0.06667,-1.54622,-1.40012,1,-0.1543,0.633,-1.6172,true,true,0.0556,0.3344,-1.5775,0.013,-0.2051,-0.2985,-0.0597,0.013,true,-0.1543,0.633,-1.6172,1.7523,180.5,110.2,1.5652,81,255/0/255,true,,,,,,,,,,,true,1,0,0,0,1.5775,0,0,0,0.0667,-1.5462,-1.4001,WebglFramebuffer,7,0,1,true,0,
8934.9,1790994176197,21:22:56.196,revealing,true,118,24.5,7.12932,NORMAL,UNSPECIFIED,0.0013,2.0885,0.0111,0.3576,-0.034,0.0042,-0.9333,64.5775,0.5122,0.0013,2.0885,0.0111,-0.3576,0.034,-0.0042,0.9333,64.5775,0.5122,0,0,-0.1543,0.633,-1.6172,0,0.9988,0,-0.0482,1,193.6,381.7,false,,,,309,0.0025,0,,,,,0.6334,,,,,,15.3996,100,0.0024,0,0.5122,0,0,0.01,99.9934,0,0,3.0898,1.5825,0,0,-1.0002,-0.02,0.99765,-0.0165,0.06652,0,-0.03218,0.74427,0.6671,0,-0.06052,-0.66767,0.74199,0,0.06656,-1.547,-1.40159,1,-0.1543,0.633,-1.6172,true,true,0.0556,0.3344,-1.5775,0.013,-0.2051,-0.2985,-0.0597,0.013,true,-0.1543,0.633,-1.6172,1.7523,180.8,110.3,1.5642,,,true,,,,,,,,,,,true,1,0,0,0,1.5775,0,0,0,0.0666,-1.547,-1.4016,WebglFramebuffer,7,0,1,true,0,
9006.3,1790994176268,21:22:56.267,revealing,true,119,48.5,7.249504,NORMAL,UNSPECIFIED,-0.0031,2.0879,0.0081,0.3576,-0.0338,0.0034,-0.9332,64.5775,0.5122,-0.0031,2.0879,0.0081,-0.3576,0.0338,-0.0034,0.9332,64.5775,0.5122,0,1.6685,-0.1543,0.633,-1.6172,0,0.9988,0,-0.0482,1,194.2,382,false,,,,309,0.0025,0,,,,,0.6334,,,,,,15.2681,33.3,0.0054,0,0.5122,0,0,0.01,99.9934,0,0,3.0898,1.5825,0,0,-1.0002,-0.02,0.99769,-0.01795,0.06555,0,-0.03045,0.74416,0.66731,0,-0.06075,-0.66776,0.74189,0,0.06722,-1.54839,-1.39913,1,-0.1543,0.633,-1.6172,true,true,0.0556,0.3344,-1.5775,0.013,-0.2051,-0.2985,-0.0597,0.013,true,-0.1543,0.633,-1.6172,1.7523,182.3,110.2,1.5611,,,true,,,,,,,,,,,true,1,0,0,0,1.5775,0,0,0,0.0672,-1.5484,-1.3991,WebglFramebuffer,7,0,1,true,0,
9070.1,1790994176332,21:22:56.331,revealing,true,120,43.8,7.296909,NORMAL,UNSPECIFIED,-0.0026,2.0882,0.0108,0.3572,-0.0339,0.0033,-0.9334,64.5775,0.5122,-0.0026,2.0882,0.0108,-0.3572,0.0339,-0.0033,0.9334,64.5775,0.5122,0,0.573,-0.1543,0.633,-1.6172,0,0.9988,0,-0.0482,1,194.2,382.1,false,,,,309,0.0025,0,,,,,0.6334,,,,,,15.2965,66.6,0.0027,0,0.5122,0,0,0.01,99.9934,0,0,3.0898,1.5825,0,0,-1.0002,-0.02,0.99767,-0.01804,0.06575,0,-0.03046,0.74479,0.6666,0,-0.061,-0.66705,0.74251,0,0.06686,-1.54817,-1.39985,1,-0.1543,0.633,-1.6172,true,true,0.0556,0.3344,-1.5775,0.013,-0.2051,-0.2985,-0.0597,0.013,true,-0.1543,0.633,-1.6172,1.7523,182.3,110.7,1.5639,,,true,,,,,,,,,,,true,1,0,0,0,1.5775,0,0,0,0.0669,-1.5482,-1.3998,WebglFramebuffer,7,0,1,true,0,
9146,1790994176408,21:22:56.407,revealing,true,121,48.5,7.366016,NORMAL,UNSPECIFIED,-0.0007,2.0885,0.0121,0.3572,-0.0338,0.0035,-0.9334,64.5775,0.5122,-0.0007,2.0885,0.0121,-0.3572,0.0338,-0.0035,0.9334,64.5775,0.5122,0,0.6858,-0.1543,0.633,-1.6172,0,0.9988,0,-0.0482,1,193.6,381.9,false,,,,309,0.0025,0,,,,,0.6334,,,,,,15.0879,66.7,0.0024,0,0.5122,0,0,0.01,99.9934,0,0,3.0898,1.5825,0,0,-1.0002,-0.02,0.99769,-0.01764,0.06553,0,-0.03061,0.7448,0.66658,0,-0.06057,-0.66705,0.74255,0,0.06535,-1.54745,-1.40115,1,-0.1543,0.633,-1.6172,true,true,0.0556,0.3344,-1.5775,0.013,-0.2051,-0.2985,-0.0597,0.013,true,-0.1543,0.633,-1.6172,1.7523,181.4,110.6,1.5653,,,true,,,,,,,,,,,true,1,0,0,0,1.5775,0,0,0,0.0654,-1.5474,-1.4012,WebglFramebuffer,7,0,1,true,0,
9265.2,1790994176476,21:22:56.475,revealing,true,122,33.8,7.436636,NORMAL,UNSPECIFIED,0.0011,2.0917,0.0131,0.3575,-0.0338,0.0041,-0.9333,64.5775,0.5122,0.0011,2.0917,0.0131,-0.3575,0.0338,-0.0041,0.9333,64.5775,0.5122,0,0,-0.1543,0.633,-1.6172,0,0.9988,0,-0.0482,1,193.4,382.1,false,,,,309,0.0025,0,,,,,0.6334,,,,,,15.0432,83.3,0.0037,0,0.5122,0,0,0.01,99.9934,0,0,3.0898,1.5825,0,0,-1.0002,-0.02,0.99769,-0.01657,0.06595,0,-0.03173,0.74439,0.66699,0,-0.06014,-0.66754,0.74214,0,0.06604,-1.54828,-1.40489,1,-0.1543,0.633,-1.6172,true,true,0.0556,0.3344,-1.5775,0.013,-0.2051,-0.2985,-0.0597,0.013,true,-0.1543,0.633,-1.6172,1.7523,180.7,111.4,1.5678,81,255/0/255,true,,,,,,,,,,,true,1,0,0,0,1.5775,0,0,0,0.066,-1.5483,-1.4049,WebglFramebuffer,7,0,1,true,0,
9315.8,1790994176577,21:22:56.577,revealing,true,123,27.4,7.52135,NORMAL,UNSPECIFIED,0.0033,2.0925,0.0123,0.3572,-0.0339,0.0044,-0.9334,64.5775,0.5122,0.0033,2.0925,0.0123,-0.3572,0.0339,-0.0044,0.9334,64.5775,0.5122,0,0.3253,-0.1543,0.633,-1.6172,0,0.9988,0,-0.0482,1,193.2,382.8,false,,,,309,0.0025,0,,,,,0.6334,,,,,,14.5231,100,0.0024,0,0.5122,0,0,0.01,99.9934,0,0,3.0898,1.5825,0,0,-1.0002,-0.02,0.99766,-0.01596,0.06654,0,-0.03253,0.74484,0.66645,0,-0.0602,-0.66706,0.74257,0,0.06556,-1.55033,-1.40396,1,-0.1543,0.633,-1.6172,true,true,0.0556,0.3344,-1.5775,0.013,-0.2051,-0.2985,-0.0597,0.013,true,-0.1543,0.633,-1.6172,1.7523,180.1,112.4,1.5685,,,true,,,,,,,,,,,true,1,0,0,0,1.5775,0,0,0,0.0656,-1.5503,-1.404,WebglFramebuffer,7,0,1,true,0,
9376.6,1790994176638,21:22:56.638,revealing,true,124,37.2,7.627761,NORMAL,UNSPECIFIED,0.0019,2.091,0.0141,0.3563,-0.0339,0.0045,-0.9337,64.5775,0.5122,0.0019,2.091,0.0141,-0.3563,0.0339,-0.0045,0.9337,64.5775,0.5122,0,1.4955,-0.1543,0.633,-1.6172,0,0.9988,0,-0.0482,1,193.5,383.3,false,,,,309,0.0025,0,,,,,0.6334,,,,,,14.7156,49.9,0.0027,0,0.5122,0,0,0.01,99.9934,0,0,3.0898,1.5825,0,0,-1.0002,-0.02,0.99767,-0.01578,0.06644,0,-0.03249,0.74602,0.66513,0,-0.06007,-0.66574,0.74377,0,0.06687,-1.55055,-1.4014,1,-0.1543,0.633,-1.6172,true,true,0.0556,0.3344,-1.5775,0.013,-0.2051,-0.2985,-0.0597,0.013,true,-0.1543,0.633,-1.6172,1.7523,180.6,112.8,1.5699,,,true,,,,,,,,,,,true,1,0,0,0,1.5775,0,0,0,0.0669,-1.5506,-1.4014,WebglFramebuffer,7,0,1,true,0,
9443.1,1790994176705,21:22:56.704,revealing,true,125,38.7,7.679223,NORMAL,UNSPECIFIED,0.0014,2.0887,0.0124,0.3564,-0.0339,0.0045,-0.9337,64.5775,0.5122,0.0014,2.0887,0.0124,-0.3564,0.0339,-0.0045,0.9337,64.5775,0.5122,0,0.604,-0.1543,0.633,-1.6172,0,0.9988,0,-0.0482,1,193.6,383.1,false,,,,309,0.0025,0,,,,,0.6334,,,,,,14.7478,66.7,0.0029,0,0.5122,0,0,0.01,99.9934,0,0,3.0898,1.5825,0,0,-1.0002,-0.02,0.99766,-0.01573,0.06648,0,-0.03256,0.74598,0.66517,0,-0.06005,-0.66578,0.74373,0,0.06737,-1.54989,-1.39865,1,-0.1543,0.633,-1.6172,true,true,0.0556,0.3344,-1.5775,0.013,-0.2051,-0.2985,-0.0597,0.013,true,-0.1543,0.633,-1.6172,1.7523,180.7,112.1,1.5671,,,true,,,,,,,,,,,true,1,0,0,0,1.5775,0,0,0,0.0674,-1.5499,-1.3987,WebglFramebuffer,7,0,1,true,0,
9505.5,1790994176767,21:22:56.767,revealing,true,126,35.1,7.743496,NORMAL,UNSPECIFIED,0.0001,2.0894,0.0135,0.3565,-0.034,0.0042,-0.9337,64.5775,0.5122,0.0001,2.0894,0.0135,-0.3565,0.034,-0.0042,0.9337,64.5775,0.5122,0,0,-0.1543,0.633,-1.6172,0,0.9988,0,-0.0482,1,194,382.8,false,,,,309,0.0025,0,,,,,0.6334,,,,,,14.8756,66.6,0.0018,0,0.5122,0,0,0.01,99.9934,0,0,3.0898,1.5825,0,0,-1.0002,-0.02,0.99765,-0.01643,0.06656,0,-0.03211,0.74581,0.66539,0,-0.06058,-0.66596,0.74353,0,0.06781,-1.54933,-1.40028,1,-0.1543,0.633,-1.6172,true,true,0.0556,0.3344,-1.5775,0.013,-0.2051,-0.2985,-0.0597,0.013,true,-0.1543,0.633,-1.6172,1.7523,181.4,112,1.568,,,true,,,,,,,,,,,true,1,0,0,0,1.5775,0,0,0,0.0678,-1.5493,-1.4003,WebglFramebuffer,7,0,1,true,0,
9626.5,1790994176835,21:22:56.834,revealing,true,127,43.6,7.810249,NORMAL,UNSPECIFIED,0.0034,2.0924,0.0139,0.3567,-0.0345,0.0044,-0.9336,64.5775,0.5122,0.0034,2.0924,0.0139,-0.3567,0.0345,-0.0044,0.9336,64.5775,0.5122,0,0,-0.1543,0.633,-1.6172,0,0.9988,0,-0.0482,1,193.8,383.1,false,,,,309,0.0025,0,,,,,0.6334,,,,,,14.8695,66.7,0.0045,0,0.5122,0,0,0.01,99.9934,0,0,3.0898,1.5825,0,0,-1.0002,-0.02,0.99758,-0.01638,0.0676,0,-0.03287,0.74554,0.66565,0,-0.0613,-0.66626,0.7432,0,0.06624,-1.55064,-1.40337,1,-0.1543,0.633,-1.6172,true,true,0.0556,0.3344,-1.5775,0.013,-0.2051,-0.2985,-0.0597,0.013,true,-0.1543,0.633,-1.6172,1.7523,180.9,112.9,1.5703,81,255/0/255,true,,,,,,,,,,,true,1,0,0,0,1.5775,0,0,0,0.0662,-1.5506,-1.4034,WebglFramebuffer,7,0,1,true,0,
9676.6,1790994176938,21:22:56.938,revealing,true,128,29.2,7.869352,NORMAL,UNSPECIFIED,0.0026,2.0919,0.0174,0.3563,-0.0345,0.0044,-0.9337,64.5775,0.5122,0.0026,2.0919,0.0174,-0.3563,0.0345,-0.0044,0.9337,64.5775,0.5122,0,1.0872,-0.1543,0.633,-1.6172,0,0.9988,0,-0.0482,1,194,382.8,false,,,,309,0.0025,0,,,,,0.6334,,,,,,14.3478,100,0.0036,0,0.5122,0,0,0.01,99.9934,0,0,3.0898,1.5825,0,0,-1.0002,-0.02,0.99759,-0.01643,0.06747,0,-0.03269,0.74605,0.66509,0,-0.06127,-0.66569,0.74371,0,0.06687,-1.54903,-1.40436,1,-0.1543,0.633,-1.6172,true,true,0.0556,0.3344,-1.5775,0.013,-0.2051,-0.2985,-0.0597,0.013,true,-0.1543,0.633,-1.6172,1.7523,181.2,112.8,1.573,,,true,,,,,,,,,,,true,1,0,0,0,1.5775,0,0,0,0.0669,-1.549,-1.4044,WebglFramebuffer,7,0,1,true,0,
9736.5,1790994176998,21:22:56.998,revealing,true,129,39.1,7.986544,NORMAL,UNSPECIFIED,-0.0016,2.0914,0.0159,0.3559,-0.0341,0.004,-0.9339,64.5775,0.5122,-0.0016,2.0914,0.0159,-0.3559,0.0341,-0.004,0.9339,64.5775,0.5122,0,0,-0.1543,0.633,-1.6172,0,0.9988,0,-0.0482,1,194.6,383.5,false,,,,309,0.0025,0,,,,,0.6334,,,,,,14.5825,50,0.0044,0,0.5122,0,0,0.01,99.9934,0,0,3.0898,1.5825,0,0,-1.0002,-0.02,0.99764,-0.01684,0.06661,0,-0.03176,0.74665,0.66446,0,-0.06092,-0.665,0.74435,0,0.06896,-1.55097,-1.40137,1,-0.1543,0.633,-1.6172,true,true,0.0556,0.3344,-1.5775,0.013,-0.2051,-0.2985,-0.0597,0.013,true,-0.1543,0.633,-1.6172,1.7523,182.4,113.4,1.5719,,,true,,,,,,,,,,,true,1,0,0,0,1.5775,0,0,0,0.069,-1.551,-1.4014,WebglFramebuffer,7,0,1,true,0,
9806.8,1790994177068,21:22:57.068,revealing,true,130,41.4,8.037602,NORMAL,UNSPECIFIED,0.0004,2.0888,0.0153,0.3561,-0.0336,0.0037,-0.9339,64.5775,0.5122,0.0004,2.0888,0.0153,-0.3561,0.0336,-0.0037,0.9339,64.5775,0.5122,0,0,-0.1543,0.633,-1.6172,0,0.9988,0,-0.0482,1,193.3,382.9,false,,,,309,0.0025,0,,,,,0.6334,,,,,,14.5467,50,0.0033,0,0.5122,0,0,0.01,99.9934,0,0,3.0898,1.5825,0,0,-1.0002,-0.02,0.99771,-0.01711,0.06544,0,-0.0308,0.74643,0.66475,0,-0.06022,-0.66525,0.74419,0,0.06486,-1.54894,-1.39992,1,-0.1543,0.633,-1.6172,true,true,0.0556,0.3344,-1.5775,0.013,-0.2051,-0.2985,-0.0597,0.013,true,-0.1543,0.633,-1.6172,1.7523,180.9,112.1,1.5696,,,true,,,,,,,,,,,true,1,0,0,0,1.5775,0,0,0,0.0649,-1.5489,-1.3999,WebglFramebuffer,7,0,1,true,0,
9866.1,1790994177128,21:22:57.127,revealing,true,131,35.7,8.105091,NORMAL,UNSPECIFIED,0.0017,2.0931,0.0164,0.3565,-0.0335,0.0041,-0.9337,64.5775,0.5122,0.0017,2.0931,0.0164,-0.3565,0.0335,-0.0041,0.9337,64.5775,0.5122,0,0,-0.1543,0.633,-1.6172,0,0.9988,0,-0.0482,1,193,383,false,,,,309,0.0025,0,,,,,0.6334,,,,,,14.7784,83.3,0.0047,0,0.5122,0,0,0.01,99.9934,0,0,3.0898,1.5825,0,0,-1.0002,-0.02,0.99772,-0.01632,0.06555,0,-0.03152,0.74579,0.66543,0,-0.05975,-0.66598,0.74357,0,0.06521,-1.55009,-1.40511,1,-0.1543,0.633,-1.6172,true,true,0.0556,0.3344,-1.5775,0.013,-0.2051,-0.2985,-0.0597,0.013,true,-0.1543,0.633,-1.6172,1.7523,180.3,113.1,1.5727,,,true,,,,,,,,,,,true,1,0,0,0,1.5775,0,0,0,0.0652,-1.5501,-1.4051,WebglFramebuffer,7,0,1,true,0,
9990.4,1790994177193,21:22:57.193,revealing,true,132,37,8.170303,NORMAL,UNSPECIFIED,0.0012,2.0913,0.0149,0.3564,-0.0332,0.0038,-0.9337,64.5775,0.5122,0.0012,2.0913,0.0149,-0.3564,0.0332,-0.0038,0.9337,64.5775,0.5122,0,1.3232,-0.1543,0.633,-1.6172,0,0.9988,0,-0.0482,1,192.6,383,false,,,,309,0.0025,0,,,,,0.6334,,,,,,14.8319,50,0.0024,0,0.5122,0,0,0.01,99.9934,0,0,3.0898,1.5825,0,0,-1.0002,-0.02,0.99777,-0.01667,0.06469,0,-0.03068,0.74589,0.66536,0,-0.05934,-0.66586,0.74371,0,0.06382,-1.54998,-1.40263,1,-0.1543,0.633,-1.6172,true,true,0.0556,0.3344,-1.5775,0.013,-0.2051,-0.2985,-0.0597,0.013,true,-0.1543,0.633,-1.6172,1.7523,180,112.7,1.5704,81,255/0/255,true,,,,,,,,,,,true,1,0,0,0,1.5775,0,0,0,0.0638,-1.55,-1.4026,WebglFramebuffer,7,0,1,true,0,
10034.6,1790994177296,21:22:57.296,revealing,true,133,24.1,8.233992,NORMAL,UNSPECIFIED,0.0009,2.0881,0.0162,0.3562,-0.0328,0.0039,-0.9338,64.5775,0.5122,0.0009,2.0881,0.0162,-0.3562,0.0328,-0.0039,0.9338,64.5775,0.5122,0,1.1236,-0.1543,0.633,-1.6172,0,0.9988,0,-0.0482,1,192.3,382.5,false,,,,309,0.0025,0,,,,,0.6334,,,,,,14.3187,100,0.0035,0,0.5122,0,0,0.01,99.9934,0,0,3.0898,1.5825,0,0,-1.0002,-0.02,0.99782,-0.01603,0.06401,0,-0.03067,0.74625,0.66495,0,-0.05842,-0.66547,0.74414,0,0.06405,-1.54742,-1.40059,1,-0.1543,0.633,-1.6172,true,true,0.0556,0.3344,-1.5775,0.013,-0.2051,-0.2985,-0.0597,0.013,true,-0.1543,0.633,-1.6172,1.7523,179.5,111.6,1.5696,,,true,,,,,,,,,,,true,1,0,0,0,1.5775,0,0,0,0.064,-1.5474,-1.4006,WebglFramebuffer,7,0,1,true,0,
10096.9,1790994177358,21:22:57.358,revealing,true,134,41.4,8.34968,NORMAL,UNSPECIFIED,0.0028,2.0895,0.0173,0.3561,-0.0323,0.0044,-0.9339,64.5775,0.5122,0.0028,2.0895,0.0173,-0.3561,0.0323,-0.0044,0.9339,64.5775,0.5122,0,0,-0.1543,0.633,-1.6172,0,0.9988,0,-0.0482,1,191.5,382.6,false,,,,309,0.0025,0,,,,,0.6334,,,,,,14.4919,33.4,0.0026,0,0.5122,0,0,0.01,99.9934,0,0,3.0898,1.5825,0,0,-1.0002,-0.02,0.99788,-0.0147,0.06345,0,-0.03128,0.74631,0.66487,0,-0.05713,-0.66544,0.74426,0,0.06358,-1.54789,-1.40227,1,-0.1543,0.633,-1.6172,true,true,0.0556,0.3344,-1.5775,0.013,-0.2051,-0.2985,-0.0597,0.013,true,-0.1543,0.633,-1.6172,1.7523,178.2,112.2,1.5715,,,true,,,,,,,,,,,true,1,0,0,0,1.5775,0,0,0,0.0636,-1.5479,-1.4023,WebglFramebuffer,7,0,1,true,0,
10161.1,1790994177423,21:22:57.422,revealing,true,135,38.6,8.394989,NORMAL,UNSPECIFIED,0.0035,2.0892,0.0176,0.3558,-0.0315,0.0041,-0.934,64.5775,0.5122,0.0035,2.0892,0.0176,-0.3558,0.0315,-0.0041,0.934,64.5775,0.5122,0,1.0415,-0.1543,0.633,-1.6172,0,0.9988,0,-0.0482,1,190.2,382.9,false,,,,309,0.0025,0,,,,,0.6334,,,,,,14.6004,66.6,0.0009,0,0.5122,0,0,0.01,99.9934,0,0,3.0898,1.5825,0,0,-1.0002,-0.02,0.99798,-0.01483,0.06169,0,-0.02998,0.74673,0.66445,0,-0.05592,-0.66496,0.74479,0,0.06014,-1.54831,-1.40151,1,-0.1543,0.633,-1.6172,true,true,0.0556,0.3344,-1.5775,0.013,-0.2051,-0.2985,-0.0597,0.013,true,-0.1543,0.633,-1.6172,1.7523,176.9,112.4,1.572,,,true,,,,,,,,,,,true,1,0,0,0,1.5775,0,0,0,0.0601,-1.5483,-1.4015,WebglFramebuffer,7,0,1,true,0,
10235.5,1790994177497,21:22:57.497,revealing,true,136,41.1,8.461692,NORMAL,UNSPECIFIED,0.0023,2.0929,0.0164,0.3562,-0.0313,0.0039,-0.9339,64.5775,0.5122,0.0023,2.0929,0.0164,-0.3562,0.0313,-0.0039,0.9339,64.5775,0.5122,0,0,-0.1543,0.633,-1.6172,0,0.9988,0,-0.0482,1,190.3,383.5,false,,,,309,0.0025,0,,,,,0.6334,,,,,,14.4826,66.7,0.004,0,0.5122,0,0,0.01,99.9934,0,0,3.0898,1.5825,0,0,-1.0002,-0.02,0.998,-0.01497,0.06135,0,-0.02968,0.74628,0.66497,0,-0.05574,-0.66547,0.74434,0,0.06075,-1.55093,-1.40402,1,-0.1543,0.633,-1.6172,true,true,0.0556,0.3344,-1.5775,0.013,-0.2051,-0.2985,-0.0597,0.013,true,-0.1543,0.633,-1.6172,1.7523,177.2,113.6,1.5729,,,true,,,,,,,,,,,true,1,0,0,0,1.5775,0,0,0,0.0607,-1.5509,-1.404,WebglFramebuffer,7,0,1,true,0,
10360.9,1790994177564,21:22:57.564,revealing,true,137,41.3,8.534254,NORMAL,UNSPECIFIED,0.0022,2.091,0.0163,0.3556,-0.0312,0.004,-0.9341,64.5775,0.5122,0.0022,2.091,0.0163,-0.3556,0.0312,-0.004,0.9341,64.5775,0.5122,0,0.6561,-0.1543,0.633,-1.6172,0,0.9988,0,-0.0482,1,190.2,383.8,false,,,,309,0.0025,0,,,,,0.6334,,,,,,14.5224,66.6,0.0019,0,0.5122,0,0,0.01,99.9934,0,0,3.0898,1.5825,0,0,-1.0002,-0.02,0.99802,-0.01477,0.06122,0,-0.02968,0.7471,0.66405,0,-0.05554,-0.66455,0.74518,0,0.06072,-1.5513,-1.40083,1,-0.1543,0.633,-1.6172,true,true,0.0556,0.3344,-1.5775,0.013,-0.2051,-0.2985,-0.0597,0.013,true,-0.1543,0.633,-1.6172,1.7523,177.1,113.7,1.5725,81,255/0/255,true,,,,,,,,,,,true,1,0,0,0,1.5775,0,0,0,0.0607,-1.5513,-1.4008,WebglFramebuffer,7,0,1,true,0,
10412.9,1790994177675,21:22:57.674,revealing,true,138,26.5,8.600461,NORMAL,UNSPECIFIED,0.0017,2.0924,0.0181,0.3555,-0.0311,0.0038,-0.9342,64.5775,0.5122,0.0017,2.0924,0.0181,-0.3555,0.0311,-0.0038,0.9342,64.5775,0.5122,0,0,-0.1543,0.633,-1.6172,0,0.9988,0,-0.0482,1,190.2,384,false,,,,308,0.0025,0,,,,,0.6334,,,,,,13.9776,100,0.0023,0,0.5122,0,0,0.01,99.9934,0,0,3.0898,1.5825,0,0,-1.0002,-0.02,0.99804,-0.01509,0.06079,0,-0.02913,0.74727,0.66388,0,-0.05544,-0.66434,0.74537,0,0.06026,-1.55151,-1.4027,1,-0.1543,0.633,-1.6172,true,true,0.0556,0.3344,-1.5775,0.013,-0.2051,-0.2985,-0.0597,0.013,true,-0.1543,0.633,-1.6172,1.7523,177.2,114.2,1.5749,,,true,,,,,,,,,,,true,1,0,0,0,1.5775,0,0,0,0.0603,-1.5515,-1.4027,WebglFramebuffer,7,0,1,true,0,
10483,1790994177745,21:22:57.744,revealing,true,139,31.7,8.726351,NORMAL,UNSPECIFIED,-0.0004,2.0918,0.0219,0.3547,-0.0311,0.0037,-0.9344,64.5775,0.5122,-0.0004,2.0918,0.0219,-0.3547,0.0311,-0.0037,0.9344,64.5775,0.5122,0,1.6499,-0.1543,0.633,-1.6172,0,0.9988,0,-0.0482,1,190.8,384.1,false,,,,308,0.0025,0,,,,,0.6334,,,,,,14.0044,50,0.0043,0,0.5122,0,0,0.01,99.9934,0,0,3.0898,1.5825,0,0,-1.0002,-0.02,0.99804,-0.01517,0.06074,0,-0.02895,0.7483,0.66273,0,-0.05551,-0.66319,0.74639,0,0.06217,-1.55079,-1.40262,1,-0.1543,0.633,-1.6172,true,true,0.0556,0.3344,-1.5775,0.013,-0.2051,-0.2985,-0.0597,0.013,true,-0.1543,0.633,-1.6172,1.7523,178.1,114.6,1.5783,,,true,,,,,,,,,,,true,1,0,0,0,1.5775,0,0,0,0.0622,-1.5508,-1.4026,WebglFramebuffer,7,0,1,true,0,
10545.3,1790994177807,21:22:57.806,revealing,true,140,37.8,8.79209,NORMAL,UNSPECIFIED,0.0003,2.0903,0.0211,0.3535,-0.0305,0.0045,-0.9349,64.5775,0.5122,0.0003,2.0903,0.0211,-0.3535,0.0305,-0.0045,0.9349,64.5775,0.5122,0,1.1372,-0.1543,0.633,-1.6172,0,0.9988,0,-0.0482,1,190.2,385.6,false,,,,308,0.0025,0,,,,,0.6334,,,,,,14.2142,66.6,0.0019,0,0.5122,0,0,0.01,99.9934,0,0,3.0898,1.5825,0,0,-1.0002,-0.02,0.9981,-0.01308,0.06017,0,-0.03,0.75003,0.66072,0,-0.05377,-0.66127,0.74821,0,0.06356,-1.55381,-1.39687,1,-0.1543,0.633,-1.6172,true,true,0.0556,0.3344,-1.5775,0.013,-0.2051,-0.2985,-0.0597,0.013,true,-0.1543,0.633,-1.6172,1.7523,176.9,116.1,1.5785,,,true,,,,,,,,,,,true,1,0,0,0,1.5775,0,0,0,0.0636,-1.5538,-1.3969,WebglFramebuffer,7,0,1,true,0,
10615.4,1790994177877,21:22:57.877,revealing,true,141,39,8.847165,NORMAL,UNSPECIFIED,0.0015,2.091,0.02,0.3531,-0.03,0.005,-0.9351,64.5775,0.5122,0.0015,2.091,0.02,-0.3531,0.03,-0.005,0.9351,64.5775,0.5122,0,0,-0.1543,0.633,-1.6172,0,0.9988,0,-0.0482,1,189.5,386.5,false,,,,308,0.0025,0,,,,,0.6334,,,,,,14.2173,66.7,0.0018,0,0.5122,0,0,0.01,99.9934,0,0,3.0898,1.5825,0,0,-1.0002,-0.02,0.99815,-0.01194,0.05969,0,-0.03049,0.75062,0.66003,0,-0.05269,-0.66063,0.74886,0,0.0633,-1.55634,-1.39519,1,-0.1543,0.633,-1.6172,true,true,0.0556,0.3344,-1.5775,0.013,-0.2051,-0.2985,-0.0597,0.013,true,-0.1543,0.633,-1.6172,1.7523,175.9,117.2,1.5789,,,true,,,,,,,,,,,true,1,0,0,0,1.5775,0,0,0,0.0633,-1.5563,-1.3952,WebglFramebuffer,7,0,1,true,0,
10743.8,1790994177944,21:22:57.943,revealing,true,142,43.5,8.916295,NORMAL,UNSPECIFIED,0.0029,2.0888,0.0196,0.3527,-0.0303,0.0055,-0.9352,64.5775,0.5122,0.0029,2.0888,0.0196,-0.3527,0.0303,-0.0055,0.9352,64.5775,0.5122,0,1.2055,-0.1543,0.633,-1.6172,0,0.9988,0,-0.0482,1,189.6,386.7,false,,,,308,0.0025,0,,,,,0.6334,,,,,,14.2994,66.6,0.0026,0,0.5122,0,0,0.01,99.9934,0,0,3.0898,1.5825,0,0,-1.0002,-0.02,0.99811,-0.01102,0.06053,0,-0.03169,0.7512,0.65931,0,-0.05273,-0.65998,0.74943,0,0.06434,-1.55612,-1.39207,1,-0.1543,0.633,-1.6172,true,true,0.0556,0.3344,-1.5775,0.013,-0.2051,-0.2985,-0.0597,0.013,true,-0.1543,0.633,-1.6172,1.7523,175.6,117.1,1.578,81,255/0/255,true,,,,,,,,,,,true,1,0,0,0,1.5775,0,0,0,0.0643,-1.5561,-1.3921,WebglFramebuffer,7,0,1,true,0,
10791.7,1790994178053,21:22:58.053,revealing,true,143,26.3,8.978195,NORMAL,UNSPECIFIED,0.002,2.0924,0.0211,0.3526,-0.0297,0.006,-0.9353,64.5775,0.5122,0.002,2.0924,0.0211,-0.3526,0.0297,-0.006,0.9353,64.5775,0.5122,0,0,-0.1543,0.633,-1.6172,0,0.9988,0,-0.0482,1,189.5,387.2,false,,,,308,0.0025,0,,,,,0.6334,,,,,,13.7802,100,0.004,0,0.5122,0,0,0.01,99.9934,0,0,3.0898,1.5825,0,0,-1.0002,-0.02,0.99816,-0.00983,0.05982,0,-0.03211,0.75126,0.65923,0,-0.05142,-0.65994,0.74956,0,0.06623,-1.55798,-1.39535,1,-0.1543,0.633,-1.6172,true,true,0.0556,0.3344,-1.5775,0.013,-0.2051,-0.2985,-0.0597,0.013,true,-0.1543,0.633,-1.6172,1.7523,175.3,118.5,1.5815,,,true,,,,,,,,,,,true,1,0,0,0,1.5775,0,0,0,0.0662,-1.558,-1.3953,WebglFramebuffer,7,0,1,true,0,
10859.5,1790994178121,21:22:58.121,revealing,true,144,39.1,9.105007,NORMAL,UNSPECIFIED,0.003,2.0855,0.0207,0.3518,-0.0294,0.0068,-0.9356,64.5775,0.5122,0.003,2.0855,0.0207,-0.3518,0.0294,-0.0068,0.9356,64.5775,0.5122,0,0,-0.1543,0.633,-1.6172,0,0.9988,0,-0.0482,1,189.1,386.9,false,,,,308,0.0025,0,,,,,0.6334,,,,,,13.8771,50.1,0.007,0,0.5122,0,0,0.01,99.9934,0,0,3.0898,1.5825,0,0,-1.0002,-0.02,0.99818,-0.00796,0.05974,0,-0.03338,0.75233,0.65794,0,-0.05018,-0.65874,0.7507,0,0.06761,-1.55529,-1.38783,1,-0.1543,0.633,-1.6172,true,true,0.0556,0.3344,-1.5775,0.013,-0.2051,-0.2985,-0.0597,0.013,true,-0.1543,0.633,-1.6172,1.7523,174.2,117,1.5778,,,true,,,,,,,,,,,true,1,0,0,0,1.5775,0,0,0,0.0676,-1.5553,-1.3878,WebglFramebuffer,7,0,1,true,0,
10939,1790994178201,21:22:58.200,revealing,true,145,57.6,9.159628,NORMAL,UNSPECIFIED,0.0039,2.0901,0.0232,0.351,-0.0295,0.0066,-0.9359,64.5775,0.5122,0.0039,2.0901,0.0232,-0.351,0.0295,-0.0066,0.9359,64.5775,0.5122,0,0,-0.1543,0.633,-1.6172,0,0.9988,0,-0.0482,1,189,388.5,false,,,,308,0.0025,0,,,,,0.6334,,,,,,13.7472,66.6,0.0053,0,0.5122,0,0,0.01,99.9934,0,0,3.0898,1.5825,0,0,-1.0002,-0.02,0.99817,-0.00846,0.05987,0,-0.033,0.75347,0.65666,0,-0.05067,-0.65743,0.75181,0,0.06628,-1.55957,-1.39014,1,-0.1543,0.633,-1.6172,true,true,0.0556,0.3344,-1.5775,0.013,-0.2051,-0.2985,-0.0597,0.013,true,-0.1543,0.633,-1.6172,1.7523,174.3,119.8,1.584,,,true,,,,,,,,,,,true,1,0,0,0,1.5775,0,0,0,0.0663,-1.5596,-1.3901,WebglFramebuffer,7,0,1,true,0,
11004.7,1790994178266,21:22:58.266,revealing,true,146,43.2,9.220891,NORMAL,UNSPECIFIED,0.0013,2.0898,0.0233,0.3506,-0.03,0.0061,-0.936,64.5775,0.5122,0.0013,2.0898,0.0233,-0.3506,0.03,-0.0061,0.936,64.5775,0.5122,0,1.1043,-0.1543,0.633,-1.6172,0,0.9988,0,-0.0482,1,190.1,388.8,false,,,,308,0.0025,0,,,,,0.6334,,,,,,13.8969,83.3,0.0026,0,0.5122,0,0,0.01,99.9934,0,0,3.0898,1.5825,0,0,-1.0002,-0.02,0.99812,-0.00969,0.06051,0,-0.03245,0.75402,0.65605,0,-0.05198,-0.65678,0.75229,0,0.06774,-1.56046,-1.38861,1,-0.1543,0.633,-1.6172,true,true,0.0556,0.3344,-1.5775,0.013,-0.2051,-0.2985,-0.0597,0.013,true,-0.1543,0.633,-1.6172,1.7523,176,120.2,1.5843,,,true,,,,,,,,,,,true,1,0,0,0,1.5775,0,0,0,0.0677,-1.5605,-1.3886,WebglFramebuffer,7,0,1,true,0,
11151.4,1790994178341,21:22:58.341,revealing,true,147,36.2,9.301023,NORMAL,UNSPECIFIED,-0.0003,2.0918,0.0256,0.3516,-0.03,0.0056,-0.9357,64.5775,0.5122,-0.0003,2.0918,0.0256,-0.3516,0.03,-0.0056,0.9357,64.5775,0.5122,0,0,-0.1543,0.633,-1.6172,0,0.9988,0,-0.0482,1,190.4,387.6,false,,,,327,0.0054,0,,,,,0.6334,,,,,,13.8405,49.9,0.0035,0,0.5122,0,0,0.01,99.9934,0,0,3.0898,1.5825,0,0,-1.0002,-0.02,0.99813,-0.01072,0.06014,0,-0.03153,0.75274,0.65756,0,-0.05232,-0.65823,0.75099,0,0.06761,-1.5577,-1.39472,1,-0.1543,0.633,-1.6172,true,true,0.0556,0.3344,-1.5775,0.013,-0.2051,-0.2985,-0.0597,0.013,true,-0.1543,0.633,-1.6172,1.7523,176.8,119.2,1.5858,81,255/0/255,true,,,,,,,,,,,true,1,0,0,0,1.5775,0,0,0,0.0676,-1.5577,-1.3947,WebglFramebuffer,7,0,1,true,0,
11198.7,1790994178460,21:22:58.460,revealing,true,148,23.3,9.383297,NORMAL,UNSPECIFIED,0.001,2.0911,0.0272,0.3509,-0.0302,0.0057,-0.9359,64.5775,0.5122,0.001,2.0911,0.0272,-0.3509,0.0302,-0.0057,0.9359,64.5775,0.5122,0,0.6452,-0.1543,0.633,-1.6172,0,0.9988,0,-0.0482,1,190.3,388.1,false,,,,327,0.0049,0,,,,,0.6334,,,,,,13.2961,100,0.0022,0,0.5122,0,0,0.01,99.9934,0,0,3.0898,1.5825,0,0,-1.0002,-0.02,0.99811,-0.01051,0.06054,0,-0.03188,0.7537,0.65645,0,-0.05253,-0.65713,0.75194,0,0.06705,-1.55815,-1.39324,1,-0.1543,0.633,-1.6172,true,true,0.0556,0.3344,-1.5775,0.013,-0.2051,-0.2985,-0.0597,0.013,true,-0.1543,0.633,-1.6172,1.7523,176.5,119.8,1.5877,,,true,,,,,,,,,,,true,1,0,0,0,1.5775,0,0,0,0.067,-1.5581,-1.3932,WebglFramebuffer,7,0,1,true,0,
11261.6,1790994178523,21:22:58.523,revealing,true,149,39.2,9.515,NORMAL,UNSPECIFIED,0.0028,2.0901,0.0273,0.3507,-0.0305,0.0064,-0.936,64.5775,0.5122,0.0028,2.0901,0.0273,-0.3507,0.0305,-0.0064,0.936,64.5775,0.5122,0,0,-0.1543,0.633,-1.6172,0,0.9988,0,-0.0482,1,190.4,388.1,false,,,,327,0.0046,0,,,,,0.6334,,,,,,13.5563,50,0.0021,0,0.5122,0,0,0.01,99.9934,0,0,3.0898,1.5825,0,0,-1.0002,-0.02,0.99806,-0.00942,0.06159,0,-0.03337,0.75392,0.65612,0,-0.05261,-0.6569,0.75214,0,0.06835,-1.55779,-1.39205,1,-0.1543,0.633,-1.6172,true,true,0.0556,0.3344,-1.5775,0.013,-0.2051,-0.2985,-0.0597,0.013,true,-0.1543,0.633,-1.6172,1.7523,176.1,119.7,1.5875,,,true,,,,,,,,,,,true,1,0,0,0,1.5775,0,0,0,0.0683,-1.5578,-1.3921,WebglFramebuffer,7,0,1,true,0,
11337.5,1790994178599,21:22:58.599,revealing,true,150,54.1,9.562434,NORMAL,UNSPECIFIED,0.003,2.0904,0.0256,0.3511,-0.0302,0.0058,-0.9358,64.5775,0.5122,0.003,2.0904,0.0256,-0.3511,0.0302,-0.0058,0.9358,64.5775,0.5122,0,1.2706,-0.1543,0.633,-1.6172,0,0.9988,0,-0.0482,1,189.7,387.9,false,,,,327,0.0043,0,,,,,0.6334,,,,,,13.5182,66.7,0.0017,0,0.5122,0,0,0.01,99.9934,0,0,3.0898,1.5825,0,0,-1.0002,-0.02,0.99811,-0.01028,0.06057,0,-0.0321,0.75336,0.65682,0,-0.05238,-0.65752,0.75161,0,0.06548,-1.55797,-1.39249,1,-0.1543,0.633,-1.6172,true,true,0.0556,0.3344,-1.5775,0.013,-0.2051,-0.2985,-0.0597,0.013,true,-0.1543,0.633,-1.6172,1.7523,175.6,119.4,1.5858,,,true,,,,,,,,,,,true,1,0,0,0,1.5775,0,0,0,0.0655,-1.558,-1.3925,WebglFramebuffer,7,0,1,true,0,
11414.2,1790994178676,21:22:58.675,revealing,true,151,47.9,9.623489,NORMAL,UNSPECIFIED,0.0016,2.0833,0.0257,0.3504,-0.0301,0.0064,-0.9361,64.5775,0.5122,0.0016,2.0833,0.0257,-0.3504,0.0301,-0.0064,0.9361,64.5775,0.5122,0,0,-0.1543,0.633,-1.6172,0,0.9988,0,-0.0482,1,190.1,387.4,false,,,,327,0.0041,0,,,,,0.6334,,,,,,13.4685,83.2,0.0072,0,0.5122,0,0,0.01,99.9934,0,0,3.0898,1.5825,0,0,-1.0002,-0.02,0.99811,-0.00899,0.06078,0,-0.03312,0.75436,0.65562,0,-0.05175,-0.6564,0.75264,0,0.0687,-1.5547,-1.38535,1,-0.1543,0.633,-1.6172,true,true,0.0556,0.3344,-1.5775,0.013,-0.2051,-0.2985,-0.0597,0.013,true,-0.1543,0.633,-1.6172,1.7523,175.8,117.7,1.5823,,,true,,,,,,,,,,,true,1,0,0,0,1.5775,0,0,0,0.0687,-1.5547,-1.3854,WebglFramebuffer,7,0,1,true,0,
11578.3,1790994178748,21:22:58.748,revealing,true,152,52.2,9.705688,NORMAL,UNSPECIFIED,0.006,2.0904,0.0305,0.3505,-0.0302,0.0067,-0.9361,64.5775,0.5122,0.006,2.0904,0.0305,-0.3505,0.0302,-0.0067,0.9361,64.5775,0.5122,0,0,-0.1543,0.633,-1.6172,0,0.9988,0,-0.0482,1,189.4,387.9,false,,,,327,0.0039,0,,,,,0.6334,,,,,,13.5048,66.7,0.0095,0,0.5122,0,0,0.01,99.9934,0,0,3.0898,1.5825,0,0,-1.0002,-0.02,0.99808,-0.00867,0.06127,0,-0.0337,0.75427,0.6557,0,-0.05189,-0.65651,0.75253,0,0.06607,-1.55666,-1.39394,1,-0.1543,0.633,-1.6172,true,true,0.0556,0.3344,-1.5775,0.013,-0.2051,-0.2985,-0.0597,0.013,true,-0.1543,0.633,-1.6172,1.7523,174.7,119.9,1.5907,81,255/0/255,true,,,,,,,,,,,true,1,0,0,0,1.5775,0,0,0,0.0661,-1.5567,-1.3939,WebglFramebuffer,7,0,1,true,0,
11628.5,1790994178890,21:22:58.890,revealing,true,153,26.1,9.77409,NORMAL,UNSPECIFIED,0.0061,2.0901,0.0269,0.3506,-0.0301,0.0066,-0.936,64.5775,0.5122,0.0061,2.0901,0.0269,-0.3506,0.0301,-0.0066,0.936,64.5775,0.5122,0,0.9459,-0.1543,0.633,-1.6172,0,0.9988,0,-0.0482,1,189.1,388.3,false,,,,327,0.0037,0,,,,,0.6334,,,,,,12.859,100,0.0035,0,0.5122,0,0,0.01,99.9934,0,0,3.0898,1.5825,0,0,-1.0002,-0.02,0.99811,-0.00873,0.06088,0,-0.03342,0.75404,0.65598,0,-0.05163,-0.65677,0.75232,0,0.06512,-1.55827,-1.39169,1,-0.1543,0.633,-1.6172,true,true,0.0556,0.3344,-1.5775,0.013,-0.2051,-0.2985,-0.0597,0.013,true,-0.1543,0.633,-1.6172,1.7523,174.3,119.9,1.5876,,,true,,,,,,,,,,,true,1,0,0,0,1.5775,0,0,0,0.0651,-1.5583,-1.3917,WebglFramebuffer,7,0,1,true,0,
11712.4,1790994178974,21:22:58.974,revealing,true,154,49,9.942347,NORMAL,UNSPECIFIED,-0.0012,2.086,0.022,0.3513,-0.0299,0.0054,-0.9358,64.5775,0.5122,-0.0012,2.086,0.022,-0.3513,0.0299,-0.0054,0.9358,64.5775,0.5122,0,0,-0.1543,0.633,-1.6172,0,0.9988,0,-0.0482,1,190.3,387.4,false,,,,327,0.0036,0,,,,,0.6334,,,,,,12.765,50,0.0097,0,0.5122,0,0,0.01,99.9934,0,0,3.0898,1.5825,0,0,-1.0002,-0.02,0.99815,-0.01088,0.05977,0,-0.03115,0.75306,0.65721,0,-0.05216,-0.65786,0.75133,0,0.0673,-1.55646,-1.38736,1,-0.1543,0.633,-1.6172,true,true,0.0556,0.3344,-1.5775,0.013,-0.2051,-0.2985,-0.0597,0.013,true,-0.1543,0.633,-1.6172,1.7523,176.7,117.7,1.5795,,,true,,,,,,,,,,,true,1,0,0,0,1.5775,0,0,0,0.0673,-1.5565,-1.3874,WebglFramebuffer,7,0,1,true,0,
11782.4,1790994179044,21:22:59.044,revealing,true,155,37,10.00302,NORMAL,UNSPECIFIED,-0.0015,2.0885,0.0254,0.3502,-0.0299,0.0046,-0.9362,64.5775,0.5122,-0.0015,2.0885,0.0254,-0.3502,0.0299,-0.0046,0.9362,64.5775,0.5122,0,0,-0.1543,0.633,-1.6172,0,0.9988,0,-0.0482,1,190.1,388.7,false,,,,327,0.0035,0,,,,,0.6334,,,,,,12.9171,83.3,0.0042,0,0.5122,0,0,0.01,99.9934,0,0,3.0898,1.5825,0,0,-1.0002,-0.02,0.99817,-0.01231,0.05921,0,-0.02957,0.7547,0.6554,0,-0.05276,-0.65596,0.75295,0,0.06463,-1.55957,-1.38781,1,-0.1543,0.633,-1.6172,true,true,0.0556,0.3344,-1.5775,0.013,-0.2051,-0.2985,-0.0597,0.013,true,-0.1543,0.633,-1.6172,1.7523,177.1,120,1.5853,,,true,,,,,,,,,,,true,1,0,0,0,1.5775,0,0,0,0.0646,-1.5596,-1.3878,WebglFramebuffer,7,0,1,true,0,
11858.2,1790994179120,21:22:59.119,revealing,true,156,48.8,10.084739,NORMAL,UNSPECIFIED,0.0048,2.0891,0.0273,0.3498,-0.0303,0.0057,-0.9363,64.5775,0.5122,0.0048,2.0891,0.0273,-0.3498,0.0303,-0.0057,0.9363,64.5775,0.5122,0,0.9123,-0.1543,0.633,-1.6172,0,0.9988,0,-0.0482,1,189.3,389.1,false,,,,327,0.0034,0,,,,,0.6334,,,,,,12.9446,66.7,0.0066,0,0.5122,0,0,0.01,99.9934,0,0,3.0898,1.5825,0,0,-1.0002,-0.02,0.9981,-0.01055,0.06064,0,-0.03179,0.75528,0.65463,0,-0.05271,-0.65531,0.75352,0,0.06308,-1.55992,-1.38841,1,-0.1543,0.633,-1.6172,true,true,0.0556,0.3344,-1.5775,0.013,-0.2051,-0.2985,-0.0597,0.013,true,-0.1543,0.633,-1.6172,1.7523,175.1,120.7,1.5883,,,true,,,,,,,,,,,true,1,0,0,0,1.5775,0,0,0,0.0631,-1.5599,-1.3884,WebglFramebuffer,7,0,1,true,0,
12047,1790994179207,21:22:59.206,revealing,true,157,65.8,10.149438,NORMAL,UNSPECIFIED,0.0019,2.084,0.0206,0.3501,-0.0302,0.0057,-0.9362,64.5775,0.5122,0.0019,2.084,0.0206,-0.3501,0.0302,-0.0057,0.9362,64.5775,0.5122,0,0.6281,-0.1543,0.633,-1.6172,0,0.9988,0,-0.0482,1,189.8,388.8,false,,,,327,0.0033,0,,,,,0.6334,,,,,,12.7996,83.3,0.0089,0,0.5122,0,0,0.01,99.9934,0,0,3.0898,1.5825,0,0,-1.0002,-0.02,0.99811,-0.01056,0.06054,0,-0.03175,0.75481,0.65518,0,-0.05261,-0.65586,0.75305,0,0.06537,-1.55952,-1.38103,1,-0.1543,0.633,-1.6172,true,true,0.0556,0.3344,-1.5775,0.013,-0.2051,-0.2985,-0.0597,0.013,true,-0.1543,0.633,-1.6172,1.7523,175.9,119,1.5793,81,255/0/255,true,,,,,,,,,,,true,1,0,0,0,1.5775,0,0,0,0.0654,-1.5595,-1.381,WebglFramebuffer,7,0,1,true,0,
12095.7,1790994179357,21:22:59.357,revealing,true,158,29.4,10.219211,NORMAL,UNSPECIFIED,0.0023,2.0846,0.0209,0.3505,-0.0303,0.0057,-0.9361,64.5775,0.5122,0.0023,2.0846,0.0209,-0.3505,0.0303,-0.0057,0.9361,64.5775,0.5122,0,0,-0.1543,0.633,-1.6172,0,0.9988,0,-0.0482,1,189.8,388.4,false,,,,327,0.0032,0,,,,,0.6334,,,,,,12.1836,100,0.0008,0,0.5122,0,0,0.01,99.9934,0,0,3.0898,1.5825,0,0,-1.0002,-0.02,0.9981,-0.01063,0.06063,0,-0.0318,0.7543,0.65576,0,-0.0527,-0.65645,0.75253,0,0.06506,-1.5587,-1.38288,1,-0.1543,0.633,-1.6172,true,true,0.0556,0.3344,-1.5775,0.013,-0.2051,-0.2985,-0.0597,0.013,true,-0.1543,0.633,-1.6172,1.7523,175.8,118.7,1.5794,,,true,,,,,,,,,,,true,1,0,0,0,1.5775,0,0,0,0.0651,-1.5587,-1.3829,WebglFramebuffer,7,0,1,true,0,
12169.1,1790994179431,21:22:59.430,revealing,true,159,40.8,10.406246,NORMAL,UNSPECIFIED,0,2.0908,0.0196,0.3515,-0.03,0.0053,-0.9357,64.5775,0.5122,0,2.0908,0.0196,-0.3515,0.03,-0.0053,0.9357,64.5775,0.5122,0,0,-0.1543,0.633,-1.6172,0,0.9988,0,-0.0482,1,190,388.6,false,,,,327,0.0031,0,,,,,0.6334,,,,,,12.3277,49.9,0.0067,0,0.5122,0,0,0.01,99.9934,0,0,3.0898,1.5825,0,0,-1.0002,-0.02,0.99814,-0.01123,0.05987,0,-0.03096,0.75288,0.65742,0,-0.05246,-0.65806,0.75114,0,0.06573,-1.56122,-1.38922,1,-0.1543,0.633,-1.6172,true,true,0.0556,0.3344,-1.5775,0.013,-0.2051,-0.2985,-0.0597,0.013,true,-0.1543,0.633,-1.6172,1.7523,176.4,119.7,1.5808,,,true,,,,,,,,,,,true,1,0,0,0,1.5775,0,0,0,0.0657,-1.5612,-1.3892,WebglFramebuffer,7,0,1,true,0,
12269.3,1790994179531,21:22:59.531,revealing,true,160,76,10.468288,NORMAL,UNSPECIFIED,-0.0002,2.091,0.019,0.3516,-0.0291,0.0047,-0.9357,64.5775,0.5122,-0.0002,2.091,0.019,-0.3516,0.0291,-0.0047,0.9357,64.5775,0.5122,0,0,-0.1543,0.633,-1.6172,0,0.9988,0,-0.0482,1,188.8,388.7,false,,,,327,0.0031,0,,,,,0.6334,,,,,,12.0929,66.7,0.0006,0,0.5122,0,0,0.01,99.9934,0,0,3.0898,1.5825,0,0,-1.0002,-0.02,0.99826,-0.01168,0.05779,0,-0.02926,0.75278,0.65762,0,-0.05118,-0.65817,0.75113,0,0.06234,-1.56155,-1.38936,1,-0.1543,0.633,-1.6172,true,true,0.0556,0.3344,-1.5775,0.013,-0.2051,-0.2985,-0.0597,0.013,true,-0.1543,0.633,-1.6172,1.7523,175.3,119.7,1.5803,,,true,,,,,,,,,,,true,1,0,0,0,1.5775,0,0,0,0.0623,-1.5615,-1.3894,WebglFramebuffer,7,0,1,true,0,
12354.8,1790994179616,21:22:59.616,revealing,true,161,62.4,10.53326,NORMAL,UNSPECIFIED,-0.0017,2.0888,0.0211,0.3523,-0.0291,0.0043,-0.9354,64.5775,0.5122,-0.0017,2.0888,0.0211,-0.3523,0.0291,-0.0043,0.9354,64.5775,0.5122,0,1.1021,-0.1543,0.633,-1.6172,0,0.9988,0,-0.0482,1,189.1,386.9,false,,,,327,0.003,0,,,,,0.6334,,,,,,12.0546,99.9,0.0033,0,0.5122,0,0,0.01,99.9934,0,0,3.0898,1.5825,0,0,-1.0002,-0.02,0.99826,-0.01239,0.05757,0,-0.02867,0.75173,0.65884,0,-0.05144,-0.65935,0.75007,0,0.06268,-1.5564,-1.39191,1,-0.1543,0.633,-1.6172,true,true,0.0556,0.3344,-1.5775,0.013,-0.2051,-0.2985,-0.0597,0.013,true,-0.1543,0.633,-1.6172,1.7523,176,117.4,1.5791,,,true,,,,,,,,,,,true,1,0,0,0,1.5775,0,0,0,0.0627,-1.5564,-1.3919,WebglFramebuffer,7,0,1,true,0,
12589.7,1790994179739,21:22:59.738,revealing,true,162,98.7,10.632207,NORMAL,UNSPECIFIED,-0.0002,2.0917,0.0218,0.3526,-0.029,0.0043,-0.9353,64.5775,0.5122,-0.0002,2.0917,0.0218,-0.3526,0.029,-0.0043,0.9353,64.5775,0.5122,0,0.8523,-0.1543,0.633,-1.6172,0,0.9988,0,-0.0482,1,188.6,386.9,false,,,,327,0.003,0,,,,,0.6334,,,,,,11.6668,100,0.0033,0,0.5122,0,0,0.01,99.9934,0,0,3.0898,1.5825,0,0,-1.0002,-0.02,0.99828,-0.01238,0.05737,0,-0.02858,0.75127,0.65938,0,-0.05126,-0.65988,0.74962,0,0.06113,-1.55703,-1.39553,1,-0.1543,0.633,-1.6172,true,true,0.0556,0.3344,-1.5775,0.013,-0.2051,-0.2985,-0.0597,0.013,true,-0.1543,0.633,-1.6172,1.7523,175.3,117.9,1.5811,81,255/0/255,true,,,,,,,,,,,true,1,0,0,0,1.5775,0,0,0,0.0611,-1.557,-1.3955,WebglFramebuffer,7,0,1,true,0,
12640.3,1790994179902,21:22:59.901,revealing,true,163,28.9,10.717756,NORMAL,UNSPECIFIED,0.0009,2.0908,0.0192,0.3527,-0.0293,0.0045,-0.9353,64.5775,0.5122,0.0009,2.0908,0.0192,-0.3527,0.0293,-0.0045,0.9353,64.5775,0.5122,0,0,-0.1543,0.633,-1.6172,0,0.9988,0,-0.0482,1,188.7,387,false,,,,327,0.003,0,,,,,0.6334,,,,,,11.1128,100,0.003,0,0.5122,0,0,0.01,99.9934,0,0,3.0898,1.5825,0,0,-1.0002,-0.02,0.99824,-0.01219,0.05803,0,-0.02916,0.75111,0.65953,0,-0.05163,-0.66006,0.74943,0,0.06107,-1.5577,-1.39337,1,-0.1543,0.633,-1.6172,true,true,0.0556,0.3344,-1.5775,0.013,-0.2051,-0.2985,-0.0597,0.013,true,-0.1543,0.633,-1.6172,1.7523,175.1,117.7,1.5786,,,true,,,,,,,,,,,true,1,0,0,0,1.5775,0,0,0,0.0611,-1.5577,-1.3934,WebglFramebuffer,7,0,1,true,0,
12710.4,1790994179972,21:22:59.972,revealing,true,164,47,10.951102,NORMAL,UNSPECIFIED,0.0001,2.0915,0.0209,0.3525,-0.0294,0.0044,-0.9354,64.5775,0.5122,0.0001,2.0915,0.0209,-0.3525,0.0294,-0.0044,0.9354,64.5775,0.5122,0,0,-0.1543,0.633,-1.6172,0,0.9988,0,-0.0482,1,188.9,387.2,false,,,,327,0.0029,0,,,,,0.6334,,,,,,11.4281,50.1,0.002,0,0.5122,0,0,0.01,99.9934,0,0,3.0898,1.5825,0,0,-1.0002,-0.02,0.99824,-0.01246,0.05803,0,-0.02894,0.75151,0.65909,0,-0.05182,-0.65961,0.74982,0,0.06155,-1.55804,-1.39418,1,-0.1543,0.633,-1.6172,true,true,0.0556,0.3344,-1.5775,0.013,-0.2051,-0.2985,-0.0597,0.013,true,-0.1543,0.633,-1.6172,1.7523,175.6,118.2,1.5807,,,true,,,,,,,,,,,true,1,0,0,0,1.5775,0,0,0,0.0616,-1.558,-1.3942,WebglFramebuffer,7,0,1,true,0,
12813.8,1790994180075,21:23:00.075,revealing,true,165,80.4,11.00334,NORMAL,UNSPECIFIED,-0.0004,2.0871,0.0198,0.3518,-0.0291,0.0045,-0.9356,64.5775,0.5122,-0.0004,2.0871,0.0198,-0.3518,0.0291,-0.0045,0.9356,64.5775,0.5122,0,0.766,-0.1543,0.633,-1.6172,0,0.9988,0,-0.0482,1,188.7,387.4,false,,,,327,0.0029,0,,,,,0.6334,,,,,,11.2524,66.6,0.0046,0,0.5122,0,0,0.01,99.9934,0,0,3.0898,1.5825,0,0,-1.0002,-0.02,0.99826,-0.01203,0.05766,0,-0.02894,0.75243,0.65803,0,-0.0513,-0.65856,0.75078,0,0.06177,-1.55737,-1.38824,1,-0.1543,0.633,-1.6172,true,true,0.0556,0.3344,-1.5775,0.013,-0.2051,-0.2985,-0.0597,0.013,true,-0.1543,0.633,-1.6172,1.7523,175.3,117.6,1.5779,,,true,,,,,,,,,,,true,1,0,0,0,1.5775,0,0,0,0.0618,-1.5574,-1.3882,WebglFramebuffer,7,0,1,true,0,
12903.3,1790994180165,21:23:00.164,revealing,true,166,60.8,11.073344,NORMAL,UNSPECIFIED,-0.0001,2.0882,0.0204,0.3518,-0.029,0.0047,-0.9356,64.5775,0.5122,-0.0001,2.0882,0.0204,-0.3518,0.029,-0.0047,0.9356,64.5775,0.5122,0,0.8312,-0.1543,0.633,-1.6172,0,0.9988,0,-0.0482,1,188.6,387.5,false,,,,327,0.0029,0,,,,,0.6334,,,,,,11.2457,99.9,0.0012,0,0.5122,0,0,0.01,99.9934,0,0,3.0898,1.5825,0,0,-1.0002,-0.02,0.99828,-0.01164,0.05749,0,-0.02912,0.75246,0.65799,0,-0.05092,-0.65853,0.75083,0,0.06192,-1.55782,-1.38931,1,-0.1543,0.633,-1.6172,true,true,0.0556,0.3344,-1.5775,0.013,-0.2051,-0.2985,-0.0597,0.013,true,-0.1543,0.633,-1.6172,1.7523,175.1,118,1.5791,,,true,,,,,,,,,,,true,1,0,0,0,1.5775,0,0,0,0.0619,-1.5578,-1.3893,WebglFramebuffer,7,0,1,true,0,
13191.9,1790994180285,21:23:00.284,revealing,true,167,93.5,11.182316,NORMAL,UNSPECIFIED,-0.0004,2.0924,0.021,0.3517,-0.0289,0.0041,-0.9356,64.5775,0.5122,-0.0004,2.0924,0.021,-0.3517,0.0289,-0.0041,0.9356,64.5775,0.5122,0,1.6821,-0.1543,0.633,-1.6172,0,0.9988,0,-0.0482,1,188.4,388.3,false,,,,327,0.0028,0,,,,,0.6334,,,,,,10.9566,83.3,0.0043,0,0.5122,0,0,0.01,99.9934,0,0,3.0898,1.5825,0,0,-1.0002,-0.02,0.9983,-0.01271,0.05694,0,-0.02795,0.75253,0.65797,0,-0.05121,-0.65844,0.75089,0,0.05992,-1.56081,-1.3925,1,-0.1543,0.633,-1.6172,true,true,0.0556,0.3344,-1.5775,0.013,-0.2051,-0.2985,-0.0597,0.013,true,-0.1543,0.633,-1.6172,1.7523,175.2,119.7,1.5823,81,255/0/255,true,,,,,,,,,,,true,1,0,0,0,1.5775,0,0,0,0.0599,-1.5608,-1.3925,WebglFramebuffer,7,0,1,true,0,
13267.8,1790994180529,21:23:00.529,revealing,true,168,48.4,11.268764,NORMAL,UNSPECIFIED,-0.002,2.0878,0.0198,0.3514,-0.0291,0.0039,-0.9358,64.5775,0.5122,-0.002,2.0878,0.0198,-0.3514,0.0291,-0.0039,0.9358,64.5775,0.5122,0,0,-0.1543,0.633,-1.6172,0,0.9988,0,-0.0482,1,188.9,388,false,,,,327,0.0028,0,,,,,0.6334,,,,,,10.2693,100,0.0051,0,0.5122,0,0,0.01,99.9934,0,0,3.0898,1.5825,0,0,-1.0002,-0.02,0.99828,-0.01317,0.05717,0,-0.02771,0.75303,0.6574,0,-0.05171,-0.65785,0.75137,0,0.06092,-1.55914,-1.38726,1,-0.1543,0.633,-1.6172,true,true,0.0556,0.3344,-1.5775,0.013,-0.2051,-0.2985,-0.0597,0.013,true,-0.1543,0.633,-1.6172,1.7523,176,118.5,1.5788,,,true,,,,,,,,,,,true,1,0,0,0,1.5775,0,0,0,0.0609,-1.5591,-1.3873,WebglFramebuffer,7,0,1,true,0,
13345.4,1790994180607,21:23:00.607,revealing,true,169,34,11.559412,NORMAL,UNSPECIFIED,0.0001,2.0851,0.0188,0.3508,-0.0294,0.0041,-0.936,64.5775,0.5122,0.0001,2.0851,0.0188,-0.3508,0.0294,-0.0041,0.936,64.5775,0.5122,0,0,-0.1543,0.633,-1.6172,0,0.9988,0,-0.0482,1,188.7,388.4,false,,,,327,0.0028,0,,,,,0.6334,,,,,,10.531,66.6,0.0036,0,0.5122,0,0,0.01,99.9934,0,0,3.0898,1.5825,0,0,-1.0002,-0.02,0.99823,-0.01299,0.05795,0,-0.0283,0.75386,0.65643,0,-0.05222,-0.65691,0.75216,0,0.05992,-1.55945,-1.38287,1,-0.1543,0.633,-1.6172,true,true,0.0556,0.3344,-1.5775,0.013,-0.2051,-0.2985,-0.0597,0.013,true,-0.1543,0.633,-1.6172,1.7523,175.6,118.5,1.5773,,,true,,,,,,,,,,,true,1,0,0,0,1.5775,0,0,0,0.0599,-1.5594,-1.3829,WebglFramebuffer,7,0,1,true,0,
13432.9,1790994180695,21:23:00.694,revealing,true,170,54.6,11.651224,NORMAL,UNSPECIFIED,0.0001,2.0873,0.0195,0.3508,-0.0298,0.0042,-0.936,64.5775,0.5122,0.0001,2.0873,0.0195,-0.3508,0.0298,-0.0042,0.936,64.5775,0.5122,0,0,-0.1543,0.633,-1.6172,0,0.9988,0,-0.0482,1,189.2,388.8,false,,,,327,0.0028,0,,,,,0.6334,,,,,,10.6194,83.3,0.0023,0,0.5122,0,0,0.01,99.9934,0,0,3.0898,1.5825,0,0,-1.0002,-0.02,0.99819,-0.01308,0.05868,0,-0.0287,0.75391,0.65636,0,-0.05282,-0.65685,0.75217,0,0.06082,-1.56081,-1.38469,1,-0.1543,0.633,-1.6172,true,true,0.0556,0.3344,-1.5775,0.013,-0.2051,-0.2985,-0.0597,0.013,true,-0.1543,0.633,-1.6172,1.7523,176.1,119.3,1.5794,,,true,,,,,,,,,,,true,1,0,0,0,1.5775,0,0,0,0.0608,-1.5608,-1.3847,WebglFramebuffer,7,0,1,true,0,
13535.6,1790994180797,21:23:00.797,revealing,true,171,81.2,11.718192,NORMAL,UNSPECIFIED,-0.0012,2.0883,0.0189,0.3506,-0.0301,0.004,-0.936,64.5775,0.5122,-0.0012,2.0883,0.0189,-0.3506,0.0301,-0.004,0.936,64.5775,0.5122,0,1.2722,-0.1543,0.633,-1.6172,0,0.9988,0,-0.0482,1,189.8,389.3,false,,,,327,0.0027,0,,,,,0.6334,,,,,,10.5322,83.3,0.0018,0,0.5122,0,0,0.01,99.9934,0,0,3.0898,1.5825,0,0,-1.0002,-0.02,0.99816,-0.01364,0.05907,0,-0.02852,0.75411,0.65613,0,-0.05349,-0.6566,0.75234,0,0.06181,-1.56243,-1.38433,1,-0.1543,0.633,-1.6172,true,true,0.0556,0.3344,-1.5775,0.013,-0.2051,-0.2985,-0.0597,0.013,true,-0.1543,0.633,-1.6172,1.7523,177,120,1.5797,,,true,,,,,,,,,,,true,1,0,0,0,1.5775,0,0,0,0.0618,-1.5624,-1.3843,WebglFramebuffer,7,0,1,true,0,
13798.7,1790994180910,21:23:00.910,revealing,true,172,86.3,11.794194,NORMAL,UNSPECIFIED,0.002,2.0898,0.0213,0.3505,-0.0303,0.0045,-0.9361,64.5775,0.5122,0.002,2.0898,0.0213,-0.3505,0.0303,-0.0045,0.9361,64.5775,0.5122,0,0,-0.1543,0.633,-1.6172,0,0.9988,0,-0.0482,1,189.5,389.4,false,,,,327,0.0027,0,,,,,0.6334,,,,,,10.3631,99.9,0.0042,0,0.5122,0,0,0.01,99.9934,0,0,3.0898,1.5825,0,0,-1.0002,-0.02,0.99812,-0.01277,0.05987,0,-0.02969,0.75432,0.65584,0,-0.05353,-0.65638,0.75253,0,0.06122,-1.56235,-1.38666,1,-0.1543,0.633,-1.6172,true,true,0.0556,0.3344,-1.5775,0.013,-0.2051,-0.2985,-0.0597,0.013,true,-0.1543,0.633,-1.6172,1.7523,176.1,120.6,1.5829,81,255/0/255,true,,,,,,,,,,,true,1,0,0,0,1.5775,0,0,0,0.0612,-1.5624,-1.3867,WebglFramebuffer,7,0,1,true,0,
13881.8,1790994181143,21:23:01.143,revealing,true,173,58.4,11.901641,NORMAL,UNSPECIFIED,0.0021,2.0921,0.0217,0.3505,-0.0302,0.0051,-0.9361,64.5775,0.5122,0.0021,2.0921,0.0217,-0.3505,0.0302,-0.0051,0.9361,64.5775,0.5122,0,0,-0.1543,0.633,-1.6172,0,0.9988,0,-0.0482,1,189.6,389.7,false,,,,327,0.0027,0,,,,,0.6334,,,,,,9.7558,100,0.0024,0,0.5122,0,0,0.01,99.9934,0,0,3.0898,1.5825,0,0,-1.0002,-0.02,0.99812,-0.01169,0.06014,0,-0.03068,0.75424,0.65589,0,-0.05303,-0.6565,0.75246,0,0.06323,-1.56369,-1.38861,1,-0.1543,0.633,-1.6172,true,true,0.0556,0.3344,-1.5775,0.013,-0.2051,-0.2985,-0.0597,0.013,true,-0.1543,0.633,-1.6172,1.7523,176,121.4,1.5847,,,true,,,,,,,,,,,true,1,0,0,0,1.5775,0,0,0,0.0632,-1.5637,-1.3886,WebglFramebuffer,7,0,1,true,0,
13949.9,1790994181212,21:23:01.211,revealing,true,174,38.6,12.163624,NORMAL,UNSPECIFIED,-0.0004,2.0908,0.0211,0.3505,-0.0299,0.0048,-0.9361,64.5775,0.5122,-0.0004,2.0908,0.0211,-0.3505,0.0299,-0.0048,0.9361,64.5775,0.5122,0,0,-0.1543,0.633,-1.6172,0,0.9988,0,-0.0482,1,189.8,389.6,false,,,,327,0.0027,0,,,,,0.6334,,,,,,10.2465,83.4,0.0029,0,0.5122,0,0,0.01,99.9934,0,0,3.0898,1.5825,0,0,-1.0002,-0.02,0.99817,-0.01203,0.05933,0,-0.0299,0.75427,0.65589,0,-0.05264,-0.65646,0.75252,0,0.06402,-1.56319,-1.38717,1,-0.1543,0.633,-1.6172,true,true,0.0556,0.3344,-1.5775,0.013,-0.2051,-0.2985,-0.0597,0.013,true,-0.1543,0.633,-1.6172,1.7523,176.5,121,1.5833,,,true,,,,,,,,,,,true,1,0,0,0,1.5775,0,0,0,0.064,-1.5632,-1.3872,WebglFramebuffer,7,0,1,true,0,
14072.1,1790994181334,21:23:01.333,revealing,true,175,100.6,12.251012,NORMAL,UNSPECIFIED,0.0005,2.0844,0.0231,0.3499,-0.0305,0.0053,-0.9363,64.5775,0.5122,0.0005,2.0844,0.0231,-0.3499,0.0305,-0.0053,0.9363,64.5775,0.5122,0,0,-0.1543,0.633,-1.6172,0,0.9988,0,-0.0482,1,190.4,388.7,false,,,,327,0.0027,0,,,,,0.6334,,,,,,10.0415,66.7,0.0068,0,0.5122,0,0,0.01,99.9934,0,0,3.0898,1.5825,0,0,-1.0002,-0.02,0.99809,-0.01142,0.06074,0,-0.03121,0.75506,0.65491,0,-0.05334,-0.65556,0.75326,0,0.06584,-1.5587,-1.38255,1,-0.1543,0.633,-1.6172,true,true,0.0556,0.3344,-1.5775,0.013,-0.2051,-0.2985,-0.0597,0.013,true,-0.1543,0.633,-1.6172,1.7523,176.8,119.1,1.5816,,,true,,,,,,,,,,,true,1,0,0,0,1.5775,0,0,0,0.0658,-1.5587,-1.3826,WebglFramebuffer,7,0,1,true,0,
14191,1790994181453,21:23:01.452,revealing,true,176,82.6,12.310867,NORMAL,UNSPECIFIED,0.0012,2.0872,0.0256,0.3499,-0.0307,0.0053,-0.9363,64.5775,0.5122,0.0012,2.0872,0.0256,-0.3499,0.0307,-0.0053,0.9363,64.5775,0.5122,0,0,-0.1543,0.633,-1.6172,0,0.9988,0,-0.0482,1,190.5,388.8,false,,,,327,0.0027,0,,,,,0.6334,,,,,,9.8777,100,0.0038,0,0.5122,0,0,0.01,99.9934,0,0,3.0898,1.5825,0,0,-1.0002,-0.02,0.99806,-0.01146,0.0612,0,-0.03148,0.75511,0.65484,0,-0.05371,-0.6555,0.75328,0,0.06585,-1.55927,-1.38612,1,-0.1543,0.633,-1.6172,true,true,0.0556,0.3344,-1.5775,0.013,-0.2051,-0.2985,-0.0597,0.013,true,-0.1543,0.633,-1.6172,1.7523,177,119.9,1.5854,,,true,,,,,,,,,,,true,1,0,0,0,1.5775,0,0,0,0.0659,-1.5593,-1.3861,WebglFramebuffer,7,0,1,true,0,
14457.8,1790994181563,21:23:01.562,revealing,true,177,77.5,12.448092,NORMAL,UNSPECIFIED,0.0003,2.0935,0.0261,0.3503,-0.0307,0.005,-0.9361,64.5775,0.5122,0.0003,2.0935,0.0261,-0.3503,0.0307,-0.005,0.9361,64.5775,0.5122,0,1.0148,-0.1543,0.633,-1.6172,0,0.9988,0,-0.0482,1,190.7,389.5,false,,,,327,0.0026,0,,,,,0.6334,,,,,,9.7999,100,0.0064,0,0.5122,0,0,0.01,99.9934,0,0,3.0898,1.5825,0,0,-1.0002,-0.02,0.99807,-0.01221,0.06092,0,-0.03078,0.75457,0.6555,0,-0.05397,-0.65611,0.75274,0,0.06554,-1.56258,-1.39197,1,-0.1543,0.633,-1.6172,true,true,0.0556,0.3344,-1.5775,0.013,-0.2051,-0.2985,-0.0597,0.013,true,-0.1543,0.633,-1.6172,1.7523,177.5,121.8,1.5893,81,255/0/255,true,,,,,,,,,,,true,1,0,0,0,1.5775,0,0,0,0.0655,-1.5626,-1.392,WebglFramebuffer,7,0,1,true,0,
14507,1790994181769,21:23:01.768,revealing,true,178,26.5,12.562598,NORMAL,UNSPECIFIED,0.0018,2.0903,0.0242,0.3501,-0.0313,0.0057,-0.9362,64.5775,0.5122,0.0018,2.0903,0.0242,-0.3501,0.0313,-0.0057,0.9362,64.5775,0.5122,0,0,-0.1543,0.633,-1.6172,0,0.9988,0,-0.0482,1,191.2,389.4,false,,,,327,0.0026,0,,,,,0.6334,,,,,,9.3053,100,0.0041,0,0.5122,0,0,0.01,99.9934,0,0,3.0898,1.5825,0,0,-1.0002,-0.02,0.99798,-0.01126,0.06255,0,-0.03255,0.75474,0.65521,0,-0.05459,-0.65592,0.75285,0,0.06755,-1.5617,-1.38792,1,-0.1543,0.633,-1.6172,true,true,0.0556,0.3344,-1.5775,0.013,-0.2051,-0.2985,-0.0597,0.013,true,-0.1543,0.633,-1.6172,1.7523,177.5,121,1.5861,,,true,,,,,,,,,,,true,1,0,0,0,1.5775,0,0,0,0.0676,-1.5617,-1.3879,WebglFramebuffer,7,0,1,true,0,
14572.1,1790994181834,21:23:01.833,revealing,true,179,41.7,12.820455,NORMAL,UNSPECIFIED,0.0017,2.0887,0.0275,0.3499,-0.0315,0.006,-0.9362,64.5775,0.5122,0.0017,2.0887,0.0275,-0.3499,0.0315,-0.006,0.9362,64.5775,0.5122,0,1.3684,-0.1543,0.633,-1.6172,0,0.9988,0,-0.0482,1,191.7,388.8,false,,,,327,0.0026,0,,,,,0.6334,,,,,,9.9085,49.9,0.0036,0,0.5122,0,0,0.01,99.9934,0,0,3.0898,1.5825,0,0,-1.0002,-0.02,0.99794,-0.01092,0.06324,0,-0.03323,0.75509,0.65478,0,-0.05491,-0.65553,0.75317,0,0.0692,-1.55913,-1.38847,1,-0.1543,0.633,-1.6172,true,true,0.0556,0.3344,-1.5775,0.013,-0.2051,-0.2985,-0.0597,0.013,true,-0.1543,0.633,-1.6172,1.7523,178,120.3,1.588,,,true,,,,,,,,,,,true,1,0,0,0,1.5775,0,0,0,0.0692,-1.5591,-1.3885,WebglFramebuffer,7,0,1,true,0,
14706.4,1790994181968,21:23:01.968,revealing,true,180,112.1,12.870002,NORMAL,UNSPECIFIED,0.0062,2.0905,0.0269,0.3508,-0.0318,0.0063,-0.9359,64.5775,0.5122,0.0062,2.0905,0.0269,-0.3508,0.0318,-0.0063,0.9359,64.5775,0.5122,0,0,-0.1543,0.633,-1.6172,0,0.9988,0,-0.0482,1,190.9,388,false,,,,327,0.0026,0,,,,,0.6334,,,,,,9.6617,66.7,0.0049,0,0.5122,0,0,0.01,99.9934,0,0,3.0898,1.5825,0,0,-1.0002,-0.02,0.99789,-0.01055,0.06402,0,-0.03413,0.75376,0.65626,0,-0.05518,-0.65706,0.75181,0,0.06663,-1.55797,-1.39256,1,-0.1543,0.633,-1.6172,true,true,0.0556,0.3344,-1.5775,0.013,-0.2051,-0.2985,-0.0597,0.013,true,-0.1543,0.633,-1.6172,1.7523,176.6,119.7,1.5877,,,true,,,,,,,,,,,true,1,0,0,0,1.5775,0,0,0,0.0666,-1.558,-1.3926,WebglFramebuffer,7,0,1,true,0,
14816.5,1790994182078,21:23:02.078,revealing,true,181,88.1,12.933476,NORMAL,UNSPECIFIED,0.0056,2.094,0.0271,0.351,-0.0317,0.006,-0.9358,64.5775,0.5122,0.0056,2.094,0.0271,-0.351,0.0317,-0.006,0.9358,64.5775,0.5122,0,0.9787,-0.1543,0.633,-1.6172,0,0.9988,0,-0.0482,1,190.9,388.5,false,,,,327,0.0026,0,,,,,0.6334,,,,,,9.6046,100,0.0036,0,0.5122,0,0,0.01,99.9934,0,0,3.0898,1.5825,0,0,-1.0002,-0.02,0.99792,-0.01111,0.06353,0,-0.03341,0.75354,0.65655,0,-0.05516,-0.65731,0.7516,0,0.06585,-1.56002,-1.39559,1,-0.1543,0.633,-1.6172,true,true,0.0556,0.3344,-1.5775,0.013,-0.2051,-0.2985,-0.0597,0.013,true,-0.1543,0.633,-1.6172,1.7523,176.8,120.8,1.5898,,,true,,,,,,,,,,,true,1,0,0,0,1.5775,0,0,0,0.0659,-1.56,-1.3956,WebglFramebuffer,7,0,1,true,0,
15141,1790994182186,21:23:02.185,revealing,true,182,87.8,13.068254,NORMAL,UNSPECIFIED,0.0039,2.0904,0.0266,0.3505,-0.0316,0.0064,-0.936,64.5775,0.5122,0.0039,2.0904,0.0266,-0.3505,0.0316,-0.0064,0.936,64.5775,0.5122,0,0.6113,-0.1543,0.633,-1.6172,0,0.9988,0,-0.0482,1,191.4,388.6,false,,,,327,0.0026,0,,,,,0.6334,,,,,,9.5727,100,0.004,0,0.5122,0,0,0.01,99.9934,0,0,3.0898,1.5825,0,0,-1.0002,-0.02,0.99792,-0.01015,0.06371,0,-0.03418,0.75428,0.65566,0,-0.05471,-0.65647,0.75236,0,0.06902,-1.55931,-1.39086,1,-0.1543,0.633,-1.6172,true,true,0.0556,0.3344,-1.5775,0.013,-0.2051,-0.2985,-0.0597,0.013,true,-0.1543,0.633,-1.6172,1.7523,177.2,120.3,1.5877,81,255/0/255,true,,,,,,,,,,,true,1,0,0,0,1.5775,0,0,0,0.069,-1.5593,-1.3909,WebglFramebuffer,7,0,1,true,0,
15195.2,1790994182457,21:23:02.456,revealing,true,183,26.7,13.176353,NORMAL,UNSPECIFIED,0.0026,2.0883,0.0274,0.3499,-0.0312,0.006,-0.9362,64.5775,0.5122,0.0026,2.0883,0.0274,-0.3499,0.0312,-0.006,0.9362,64.5775,0.5122,0,1.5384,-0.1543,0.633,-1.6172,0,0.9988,0,-0.0482,1,191,388.7,false,,,,327,0.0026,0,,,,,0.6334,,,,,,8.9845,100,0.0026,0,0.5122,0,0,0.01,99.9934,0,0,3.0898,1.5825,0,0,-1.0002,-0.02,0.99798,-0.01058,0.06256,0,-0.03305,0.75503,0.65485,0,-0.05417,-0.6556,0.75316,0,0.06788,-1.55875,-1.3883,1,-0.1543,0.633,-1.6172,true,true,0.0556,0.3344,-1.5775,0.013,-0.2051,-0.2985,-0.0597,0.013,true,-0.1543,0.633,-1.6172,1.7523,177.1,120.1,1.5876,,,true,,,,,,,,,,,true,1,0,0,0,1.5775,0,0,0,0.0679,-1.5588,-1.3883,WebglFramebuffer,7,0,1,true,0,
15262.2,1790994182524,21:23:02.523,revealing,true,184,40.6,13.50763,NORMAL,UNSPECIFIED,0.0023,2.0891,0.0261,0.3503,-0.0308,0.006,-0.9361,64.5775,0.5122,0.0023,2.0891,0.0261,-0.3503,0.0308,-0.006,0.9361,64.5775,0.5122,0,0.7612,-0.1543,0.633,-1.6172,0,0.9988,0,-0.0482,1,190.6,388.6,false,,,,327,0.0025,0,,,,,0.6334,,,,,,9.5809,49.9,0.0015,0,0.5122,0,0,0.01,99.9934,0,0,3.0898,1.5825,0,0,-1.0002,-0.02,0.99804,-0.01032,0.06178,0,-0.03277,0.75451,0.65547,0,-0.05338,-0.65621,0.75269,0,0.06754,-1.55906,-1.38912,1,-0.1543,0.633,-1.6172,true,true,0.0556,0.3344,-1.5775,0.013,-0.2051,-0.2985,-0.0597,0.013,true,-0.1543,0.633,-1.6172,1.7523,176.7,120,1.5865,,,true,,,,,,,,,,,true,1,0,0,0,1.5775,0,0,0,0.0675,-1.5591,-1.3891,WebglFramebuffer,7,0,1,true,0,
15370.8,1790994182632,21:23:02.632,revealing,true,185,88.4,13.561279,NORMAL,UNSPECIFIED,0.0032,2.0926,0.0246,0.3499,-0.0329,0.0053,-0.9362,64.5775,0.5122,0.0032,2.0926,0.0246,-0.3499,0.0329,-0.0053,0.9362,64.5775,0.5122,0,0,-0.1543,0.633,-1.6172,0,0.9988,0,-0.0482,1,192.5,390,false,,,,327,0.0025,0,,,,,0.6334,,,,,,9.5419,66.7,0.004,0,0.5122,0,0,0.01,99.9934,0,0,3.0898,1.5825,0,0,-1.0002,-0.02,0.99778,-0.01313,0.06528,0,-0.0329,0.75509,0.6548,0,-0.05789,-0.65549,0.75298,0,0.06713,-1.56395,-1.38894,1,-0.1543,0.633,-1.6172,true,true,0.0556,0.3344,-1.5775,0.013,-0.2051,-0.2985,-0.0597,0.013,true,-0.1543,0.633,-1.6172,1.7523,179.2,122.2,1.5884,,,true,,,,,,,,,,,true,1,0,0,0,1.5775,0,0,0,0.0671,-1.564,-1.3889,WebglFramebuffer,7,0,1,true,0,
15542.8,1790994182804,21:23:02.804,revealing,true,186,149.4,13.622183,NORMAL,UNSPECIFIED,0.0027,2.09,0.0245,0.3493,-0.033,0.0055,-0.9364,64.5775,0.5122,0.0027,2.09,0.0245,-0.3493,0.033,-0.0055,0.9364,64.5775,0.5122,0,0.8151,-0.1543,0.633,-1.6172,0,0.9988,0,-0.0482,1,192.9,390.3,false,,,,327,0.0025,0,,,,,0.6334,,,,,,9.1691,100,0.0026,0,0.5122,0,0,0.01,99.9934,0,0,3.0898,1.5825,0,0,-1.0002,-0.02,0.99776,-0.01284,0.0657,0,-0.03333,0.75588,0.65386,0,-0.05806,-0.65458,0.75376,0,0.06841,-1.56372,-1.38527,1,-0.1543,0.633,-1.6172,true,true,0.0556,0.3344,-1.5775,0.013,-0.2051,-0.2985,-0.0597,0.013,true,-0.1543,0.633,-1.6172,1.7523,179.6,122,1.5875,,,true,,,,,,,,,,,true,1,0,0,0,1.5775,0,0,0,0.0684,-1.5637,-1.3853,WebglFramebuffer,7,0,1,true,0,
15836.5,1790994182938,21:23:02.937,revealing,true,187,78.8,13.73266,NORMAL,UNSPECIFIED,0.0016,2.0892,0.025,0.3491,-0.0329,0.0052,-0.9365,64.5775,0.5122,0.0016,2.0892,0.025,-0.3491,0.0329,-0.0052,0.9365,64.5775,0.5122,0,0,-0.1543,0.633,-1.6172,0,0.9988,0,-0.0482,1,192.9,390.3,false,,,,327,0.0025,0,,,,,0.6334,,,,,,9.0018,100,0.0014,0,0.5122,0,0,0.01,99.9934,0,0,3.0898,1.5825,0,0,-1.0002,-0.02,0.99778,-0.01321,0.0653,0,-0.03276,0.75616,0.65357,0,-0.05801,-0.65425,0.75405,0,0.06827,-1.56339,-1.38442,1,-0.1543,0.633,-1.6172,true,true,0.0556,0.3344,-1.5775,0.013,-0.2051,-0.2985,-0.0597,0.013,true,-0.1543,0.633,-1.6172,1.7523,179.8,121.9,1.5876,81,255/0/255,true,,,,,,,,,,,true,1,0,0,0,1.5775,0,0,0,0.0683,-1.5634,-1.3844,WebglFramebuffer,7,0,1,true,0,
15894.9,1790994183156,21:23:03.156,revealing,true,188,32.4,13.936704,NORMAL,UNSPECIFIED,0.0008,2.0921,0.0264,0.349,-0.0329,0.0044,-0.9365,64.5775,0.5122,0.0008,2.0921,0.0264,-0.349,0.0329,-0.0044,0.9365,64.5775,0.5122,0,1.3064,-0.1543,0.633,-1.6172,0,0.9988,0,-0.0482,1,192.8,390.7,false,,,,327,0.0025,0,,,,,0.6334,,,,,,8.5591,100,0.0032,0,0.5122,0,0,0.01,99.9934,0,0,3.0898,1.5825,0,0,-1.0002,-0.02,0.9978,-0.01466,0.06468,0,-0.03124,0.75636,0.65341,0,-0.0585,-0.654,0.75423,0,0.06605,-1.56508,-1.38692,1,-0.1543,0.633,-1.6172,true,true,0.0556,0.3344,-1.5775,0.013,-0.2051,-0.2985,-0.0597,0.013,true,-0.1543,0.633,-1.6172,1.7523,180.2,123,1.5905,,,true,,,,,,,,,,,true,1,0,0,0,1.5775,0,0,0,0.0661,-1.5651,-1.3869,WebglFramebuffer,7,0,1,true,0,
15976.2,1790994183238,21:23:03.237,revealing,true,189,50.8,14.202369,NORMAL,UNSPECIFIED,0.0013,2.092,0.0268,0.3493,-0.0329,0.0048,-0.9364,64.5775,0.5122,0.0013,2.092,0.0268,-0.3493,0.0329,-0.0048,0.9364,64.5775,0.5122,0,1.0133,-0.1543,0.633,-1.6172,0,0.9988,0,-0.0482,1,192.8,390.3,false,,,,327,0.0025,0,,,,,0.6334,,,,,,8.9317,50,0.0006,0,0.5122,0,0,0.01,99.9934,0,0,3.0898,1.5825,0,0,-1.0002,-0.02,0.99779,-0.01408,0.06495,0,-0.0319,0.75596,0.65384,0,-0.05831,-0.65447,0.75384,0,0.067,-1.56392,-1.38809,1,-0.1543,0.633,-1.6172,true,true,0.0556,0.3344,-1.5775,0.013,-0.2051,-0.2985,-0.0597,0.013,true,-0.1543,0.633,-1.6172,1.7523,180.1,122.5,1.5904,,,true,,,,,,,,,,,true,1,0,0,0,1.5775,0,0,0,0.067,-1.5639,-1.3881,WebglFramebuffer,7,0,1,true,0,
16084.9,1790994183346,21:23:03.346,revealing,true,190,83.4,14.265074,NORMAL,UNSPECIFIED,0.001,2.0947,0.0245,0.3493,-0.033,0.0045,-0.9364,64.5775,0.5122,0.001,2.0947,0.0245,-0.3493,0.033,-0.0045,0.9364,64.5775,0.5122,0,0.9628,-0.1543,0.633,-1.6172,0,0.9988,0,-0.0482,1,192.8,391.3,false,,,,327,0.0025,0,,,,,0.6334,,,,,,8.9593,83.4,0.0036,0,0.5122,0,0,0.01,99.9934,0,0,3.0898,1.5825,0,0,-1.0002,-0.02,0.99779,-0.01467,0.06487,0,-0.03139,0.75598,0.65385,0,-0.05863,-0.65443,0.75384,0,0.06615,-1.56753,-1.38814,1,-0.1543,0.633,-1.6172,true,true,0.0556,0.3344,-1.5775,0.013,-0.2051,-0.2985,-0.0597,0.013,true,-0.1543,0.633,-1.6172,1.7523,180.3,123.9,1.5904,,,true,,,,,,,,,,,true,1,0,0,0,1.5775,0,0,0,0.0661,-1.5675,-1.3881,WebglFramebuffer,7,0,1,true,0,
16199.7,1790994183461,21:23:03.461,revealing,true,191,80.3,14.341538,NORMAL,UNSPECIFIED,0.0011,2.0937,0.0274,0.3487,-0.033,0.0046,-0.9366,64.5775,0.5122,0.0011,2.0937,0.0274,-0.3487,0.033,-0.0046,0.9366,64.5775,0.5122,0,1.4367,-0.1543,0.633,-1.6172,0,0.9988,0,-0.0482,1,193,391.2,false,,,,327,0.0025,0,,,,,0.6334,,,,,,8.9337,99.9,0.0031,0,0.5122,0,0,0.01,99.9934,0,0,3.0898,1.5825,0,0,-1.0002,-0.02,0.99777,-0.01445,0.0651,0,-0.03165,0.75672,0.65297,0,-0.0587,-0.65358,0.75458,0,0.0668,-1.5664,-1.38782,1,-0.1543,0.633,-1.6172,true,true,0.0556,0.3344,-1.5775,0.013,-0.2051,-0.2985,-0.0597,0.013,true,-0.1543,0.633,-1.6172,1.7523,180.4,123.9,1.5927,,,true,,,,,,,,,,,true,1,0,0,0,1.5775,0,0,0,0.0668,-1.5664,-1.3878,WebglFramebuffer,7,0,1,true,0,
16484.8,1790994183580,21:23:03.580,revealing,true,192,97,14.459313,NORMAL,UNSPECIFIED,0.0022,2.0912,0.0287,0.3474,-0.0331,0.0046,-0.9371,64.5775,0.5122,0.0022,2.0912,0.0287,-0.3474,0.0331,-0.0046,0.9371,64.5775,0.5122,0,1.0257,-0.1543,0.633,-1.6172,0,0.9988,0,-0.0482,1,192.7,392.2,false,,,,327,0.0025,0,,,,,0.6334,,,,,,8.8828,100,0.003,0,0.5122,0,0,0.01,99.9934,0,0,3.0898,1.5825,0,0,-1.0002,-0.02,0.99777,-0.01432,0.0652,0,-0.03164,0.75855,0.65084,0,-0.05878,-0.65145,0.75641,0,0.06565,-1.56761,-1.38289,1,-0.1543,0.633,-1.6172,true,true,0.0556,0.3344,-1.5775,0.013,-0.2051,-0.2985,-0.0597,0.013,true,-0.1543,0.633,-1.6172,1.7523,180,124.8,1.5941,81,255/0/255,true,,,,,,,,,,,true,1,0,0,0,1.5775,0,0,0,0.0656,-1.5676,-1.3829,WebglFramebuffer,7,0,1,true,0,
16538.8,1790994183800,21:23:03.800,revealing,true,193,27.4,14.560929,NORMAL,UNSPECIFIED,0.0018,2.0902,0.0288,0.3468,-0.0329,0.0047,-0.9373,64.5775,0.5122,0.0018,2.0902,0.0288,-0.3468,0.0329,-0.0047,0.9373,64.5775,0.5122,0,1.571,-0.1543,0.633,-1.6172,0,0.9988,0,-0.0482,1,192.7,392.7,false,,,,326,0.0025,0,,,,,0.6334,,,,,,8.4482,100,0.0011,0,0.5122,0,0,0.01,99.9934,0,0,3.0898,1.5825,0,0,-1.0002,-0.02,0.99779,-0.01395,0.06497,0,-0.03171,0.75936,0.6499,0,-0.0584,-0.65052,0.75724,0,0.06617,-1.56848,-1.38037,1,-0.1543,0.633,-1.6172,true,true,0.0556,0.3344,-1.5775,0.013,-0.2051,-0.2985,-0.0597,0.013,true,-0.1543,0.633,-1.6172,1.7523,180,125.3,1.5944,,,true,,,,,,,,,,,true,1,0,0,0,1.5775,0,0,0,0.0662,-1.5685,-1.3804,WebglFramebuffer,7,0,1,true,0,
16621.3,1790994183883,21:23:03.883,revealing,true,194,45,14.850786,NORMAL,UNSPECIFIED,-0.0006,2.0892,0.0276,0.3466,-0.0323,0.0047,-0.9374,64.5775,0.5122,-0.0006,2.0892,0.0276,-0.3466,0.0323,-0.0047,0.9374,64.5775,0.5122,0,1.4879,-0.1543,0.633,-1.6172,0,0.9988,0,-0.0482,1,192.6,393,false,,,,326,0.0025,0,,,,,0.6334,,,,,,8.8141,66.7,0.0029,0,0.5122,0,0,0.01,99.9934,0,0,3.0898,1.5825,0,0,-1.0002,-0.02,0.99787,-0.01365,0.06381,0,-0.03114,0.75968,0.64956,0,-0.05734,-0.65016,0.75763,0,0.06723,-1.56918,-1.3779,1,-0.1543,0.633,-1.6172,true,true,0.0556,0.3344,-1.5775,0.013,-0.2051,-0.2985,-0.0597,0.013,true,-0.1543,0.633,-1.6172,1.7523,180,125.4,1.5929,,,true,,,,,,,,,,,true,1,0,0,0,1.5775,0,0,0,0.0672,-1.5692,-1.3779,WebglFramebuffer,7,0,1,true,0,
16729.8,1790994183991,21:23:03.991,revealing,true,195,86.4,14.916811,NORMAL,UNSPECIFIED,0.0005,2.0909,0.0327,0.3462,-0.0317,0.0053,-0.9376,64.5775,0.5122,0.0005,2.0909,0.0327,-0.3462,0.0317,-0.0053,0.9376,64.5775,0.5122,0,0.703,-0.1543,0.633,-1.6172,0,0.9988,0,-0.0482,1,192.1,393.1,false,,,,326,0.0025,0,,,,,0.6334,,,,,,8.8552,83.3,0.0055,0,0.5122,0,0,0.01,99.9934,0,0,3.0898,1.5825,0,0,-1.0002,-0.02,0.99793,-0.01201,0.06321,0,-0.03195,0.76029,0.6488,0,-0.05585,-0.64947,0.75833,0,0.06816,-1.56844,-1.38138,1,-0.1543,0.633,-1.6172,true,true,0.0556,0.3344,-1.5775,0.013,-0.2051,-0.2985,-0.0597,0.013,true,-0.1543,0.633,-1.6172,1.7523,179,126.2,1.5986,,,true,,,,,,,,,,,true,1,0,0,0,1.5775,0,0,0,0.0682,-1.5684,-1.3814,WebglFramebuffer,7,0,1,true,0,
16843.3,1790994184105,21:23:04.104,revealing,true,196,87.8,14.982613,NORMAL,UNSPECIFIED,0.0002,2.0895,0.0345,0.346,-0.0317,0.006,-0.9377,64.5775,0.5122,0.0002,2.0895,0.0345,-0.346,0.0317,-0.006,0.9377,64.5775,0.5122,0,0,-0.1543,0.633,-1.6172,0,0.9988,0,-0.0482,1,192.4,392.6,false,,,,326,0.0025,0,,,,,0.6334,,,,,,8.8515,99.9,0.0023,0,0.5122,0,0,0.01,99.9934,0,0,3.0898,1.5825,0,0,-1.0002,-0.02,0.99792,-0.01071,0.06358,0,-0.03316,0.76043,0.64857,0,-0.05529,-0.64933,0.75849,0,0.07102,-1.56652,-1.38142,1,-0.1543,0.633,-1.6172,true,true,0.0556,0.3344,-1.5775,0.013,-0.2051,-0.2985,-0.0597,0.013,true,-0.1543,0.633,-1.6172,1.7523,179.1,125.6,1.5993,,,true,,,,,,,,,,,true,1,0,0,0,1.5775,0,0,0,0.071,-1.5665,-1.3814,WebglFramebuffer,7,0,1,true,0,
17211.1,1790994184230,21:23:04.229,revealing,true,197,100.5,15.09454,NORMAL,UNSPECIFIED,0.0027,2.0854,0.0314,0.3461,-0.0318,0.0065,-0.9376,64.5775,0.5122,0.0027,2.0854,0.0314,-0.3461,0.0318,-0.0065,0.9376,64.5775,0.5122,0,1.3318,-0.1543,0.633,-1.6172,0,0.9988,0,-0.0482,1,191.9,392.2,false,,,,326,0.0024,0,,,,,0.6334,,,,,,8.7683,100,0.0057,0,0.5122,0,0,0.01,99.9934,0,0,3.0898,1.5825,0,0,-1.0002,-0.02,0.9979,-0.00989,0.06406,0,-0.03411,0.76028,0.6487,0,-0.05512,-0.64952,0.75835,0,0.07017,-1.56508,-1.37681,1,-0.1543,0.633,-1.6172,true,true,0.0556,0.3344,-1.5775,0.013,-0.2051,-0.2985,-0.0597,0.013,true,-0.1543,0.633,-1.6172,1.7523,178,124.3,1.5944,81,255/0/255,true,,,,,,,,,,,true,1,0,0,0,1.5775,0,0,0,0.0702,-1.5651,-1.3768,WebglFramebuffer,7,0,1,true,0,
17289.3,1790994184551,21:23:04.550,revealing,true,198,50.9,15.206723,NORMAL,UNSPECIFIED,0.0024,2.0859,0.0309,0.3458,-0.0319,0.0064,-0.9378,64.5775,0.5122,0.0024,2.0859,0.0309,-0.3458,0.0319,-0.0064,0.9378,64.5775,0.5122,0,0,-0.1543,0.633,-1.6172,0,0.9988,0,-0.0482,1,192,392.9,false,,,,326,0.0024,0,,,,,0.6334,,,,,,8.2026,100,0.0008,0,0.5122,0,0,0.01,99.9934,0,0,3.0898,1.5825,0,0,-1.0002,-0.02,0.99789,-0.01003,0.06419,0,-0.03404,0.76083,0.64806,0,-0.05534,-0.64888,0.75888,0,0.0703,-1.56692,-1.37536,1,-0.1543,0.633,-1.6172,true,true,0.0556,0.3344,-1.5775,0.013,-0.2051,-0.2985,-0.0597,0.013,true,-0.1543,0.633,-1.6172,1.7523,178.3,125.1,1.5948,,,true,,,,,,,,,,,true,1,0,0,0,1.5775,0,0,0,0.0703,-1.5669,-1.3754,WebglFramebuffer,7,0,1,true,0,
17360.5,1790994184622,21:23:04.622,revealing,true,199,37.1,15.578292,NORMAL,UNSPECIFIED,0.0032,2.091,0.031,0.3458,-0.0324,0.0059,-0.9377,64.5775,0.5122,0.0032,2.091,0.031,-0.3458,0.0324,-0.0059,0.9377,64.5775,0.5122,0,1.2181,-0.1543,0.633,-1.6172,0,0.9988,0,-0.0482,1,192.2,393.9,false,,,,326,0.0024,0,,,,,0.6334,,,,,,8.7868,83.3,0.0052,0,0.5122,0,0,0.01,99.9934,0,0,3.0898,1.5825,0,0,-1.0002,-0.02,0.99784,-0.0114,0.06475,0,-0.03337,0.76079,0.64814,0,-0.05665,-0.6489,0.75877,0,0.06836,-1.57064,-1.379,1,-0.1543,0.633,-1.6172,true,true,0.0556,0.3344,-1.5775,0.013,-0.2051,-0.2985,-0.0597,0.013,true,-0.1543,0.633,-1.6172,1.7523,178.8,127,1.5982,,,true,,,,,,,,,,,true,1,0,0,0,1.5775,0,0,0,0.0684,-1.5706,-1.379,WebglFramebuffer,7,0,1,true,0,
17466.6,1790994184728,21:23:04.728,revealing,true,200,80.3,15.662794,NORMAL,UNSPECIFIED,0.0033,2.0922,0.0328,0.3452,-0.0335,0.0047,-0.9379,64.5775,0.5122,0.0033,2.0922,0.0328,-0.3452,0.0335,-0.0047,0.9379,64.5775,0.5122,0,0.9752,-0.1543,0.633,-1.6172,0,0.9988,0,-0.0482,1,193,394.4,false,,,,326,0.0024,0,,,,,0.6334,,,,,,8.8498,66.6,0.0022,0,0.5122,0,0,0.01,99.9934,0,0,3.0898,1.5825,0,0,-1.0002,-0.02,0.99771,-0.01438,0.06607,0,-0.03188,0.76158,0.64728,0,-0.05963,-0.64791,0.75938,0,0.06537,-1.57208,-1.37939,1,-0.1543,0.633,-1.6172,true,true,0.0556,0.3344,-1.5775,0.013,-0.2051,-0.2985,-0.0597,0.013,true,-0.1543,0.633,-1.6172,1.7523,180.4,128,1.6011,,,true,,,,,,,,,,,true,1,0,0,0,1.5775,0,0,0,0.0654,-1.5721,-1.3794,WebglFramebuffer,7,0,1,true,0,
17599.4,1790994184861,21:23:04.861,revealing,true,201,113,15.725745,NORMAL,UNSPECIFIED,0.0011,2.0934,0.0317,0.345,-0.0334,0.0042,-0.938,64.5775,0.5122,0.0011,2.0934,0.0317,-0.345,0.0334,-0.0042,0.938,64.5775,0.5122,0,0,-0.1543,0.633,-1.6172,0,0.9988,0,-0.0482,1,193.2,395.2,false,,,,326,0.0024,0,,,,,0.6334,,,,,,8.7184,100,0.0027,0,0.5122,0,0,0.01,99.9934,0,0,3.0898,1.5825,0,0,-1.0002,-0.02,0.99774,-0.01511,0.06553,0,-0.03095,0.76196,0.64689,0,-0.0597,-0.64745,0.75977,0,0.06554,-1.57456,-1.37836,1,-0.1543,0.633,-1.6172,true,true,0.0556,0.3344,-1.5775,0.013,-0.2051,-0.2985,-0.0597,0.013,true,-0.1543,0.633,-1.6172,1.7523,181,129,1.6013,,,true,,,,,,,,,,,true,1,0,0,0,1.5775,0,0,0,0.0655,-1.5746,-1.3784,WebglFramebuffer,7,0,1,true,0,
17881.9,1790994184968,21:23:04.967,revealing,true,202,67.7,15.825878,NORMAL,UNSPECIFIED,0,2.0901,0.0327,0.3442,-0.0334,0.0042,-0.9383,64.5775,0.5122,0,2.0901,0.0327,-0.3442,0.0334,-0.0042,0.9383,64.5775,0.5122,0,0,-0.1543,0.633,-1.6172,0,0.9988,0,-0.0482,1,193.6,395.4,false,,,,325,0.0024,0,,,,,0.6334,,,,,,8.7837,100,0.0036,0,0.5122,0,0,0.01,99.9934,0,0,3.0898,1.5825,0,0,-1.0002,-0.02,0.99773,-0.01516,0.06563,0,-0.03087,0.76306,0.64559,0,-0.05987,-0.64615,0.76086,0,0.06649,-1.57378,-1.3742,1,-0.1543,0.633,-1.6172,true,true,0.0556,0.3344,-1.5775,0.013,-0.2051,-0.2985,-0.0597,0.013,true,-0.1543,0.633,-1.6172,1.7523,181.6,128.8,1.6009,81,255/0/255,true,,,,,,,,,,,true,1,0,0,0,1.5775,0,0,0,0.0665,-1.5738,-1.3742,WebglFramebuffer,7,0,1,true,0,
17924.2,1790994185186,21:23:05.185,revealing,true,203,22.7,15.97844,NORMAL,UNSPECIFIED,-0.0018,2.0911,0.033,0.3434,-0.0337,0.0041,-0.9386,64.5775,0.5122,-0.0018,2.0911,0.033,-0.3434,0.0337,-0.0041,0.9386,64.5775,0.5122,0,0,-0.1543,0.633,-1.6172,0,0.9988,0,-0.0482,1,194.4,396.5,false,,,,323,0.0024,0,,,,,0.6334,,,,,,8.3641,100,0.002,0,0.5122,0,0,0.01,99.9934,0,0,3.0898,1.5825,0,0,-1.0002,-0.02,0.99769,-0.01538,0.06613,0,-0.03093,0.76409,0.64437,0,-0.06044,-0.64492,0.76185,0,0.06843,-1.57655,-1.37243,1,-0.1543,0.633,-1.6172,true,true,0.0556,0.3344,-1.5775,0.013,-0.2051,-0.2985,-0.0597,0.013,true,-0.1543,0.633,-1.6172,1.7523,182.6,130.2,1.6028,,,true,,,,,,,,,,,true,1,0,0,0,1.5775,0,0,0,0.0684,-1.5766,-1.3724,WebglFramebuffer,7,0,1,true,0,
17996.3,1790994185258,21:23:05.257,revealing,true,204,50.8,16.24062,NORMAL,UNSPECIFIED,0.0014,2.0914,0.0321,0.3437,-0.0335,0.0052,-0.9385,64.5775,0.5122,0.0014,2.0914,0.0321,-0.3437,0.0335,-0.0052,0.9385,64.5775,0.5122,0,0,-0.1543,0.633,-1.6172,0,0.9988,0,-0.0482,1,193.7,396.5,false,,,,323,0.0024,0,,,,,0.6334,,,,,,8.9146,49.9,0.0032,0,0.5122,0,0,0.01,99.9934,0,0,3.0898,1.5825,0,0,-1.0002,-0.02,0.9977,-0.01327,0.06649,0,-0.03281,0.76373,0.6447,0,-0.05933,-0.6454,0.76153,0,0.06915,-1.57647,-1.37288,1,-0.1543,0.633,-1.6172,true,true,0.0556,0.3344,-1.5775,0.013,-0.2051,-0.2985,-0.0597,0.013,true,-0.1543,0.633,-1.6172,1.7523,181.1,130.2,1.6022,,,true,,,,,,,,,,,true,1,0,0,0,1.5775,0,0,0,0.0692,-1.5765,-1.3729,WebglFramebuffer,7,0,1,true,0,
18115.1,1790994185377,21:23:05.376,revealing,true,205,93.7,16.285259,NORMAL,UNSPECIFIED,0.0023,2.0925,0.0323,0.3427,-0.0333,0.0056,-0.9388,64.5775,0.5122,0.0023,2.0925,0.0323,-0.3427,0.0333,-0.0056,0.9388,64.5775,0.5122,0,1.3657,-0.1543,0.633,-1.6172,0,0.9988,0,-0.0482,1,193.4,397.9,false,,,,323,0.0024,0,,,,,0.6334,,,,,,8.8642,66.7,0.0015,0,0.5122,0,0,0.01,99.9934,0,0,3.0898,1.5825,0,0,-1.0002,-0.02,0.99772,-0.01228,0.06629,0,-0.03332,0.76505,0.64311,0,-0.05862,-0.64385,0.7629,0,0.06933,-1.58,-1.37052,1,-0.1543,0.633,-1.6172,true,true,0.0556,0.3344,-1.5775,0.013,-0.2051,-0.2985,-0.0597,0.013,true,-0.1543,0.633,-1.6172,1.7523,180.4,132.1,1.6045,,,true,,,,,,,,,,,true,1,0,0,0,1.5775,0,0,0,0.0693,-1.58,-1.3705,WebglFramebuffer,7,0,1,true,0,
18234.4,1790994185496,21:23:05.496,revealing,true,206,95,16.361227,NORMAL,UNSPECIFIED,0.0013,2.0887,0.0338,0.3425,-0.0334,0.0058,-0.9389,64.5775,0.5122,0.0013,2.0887,0.0338,-0.3425,0.0334,-0.0058,0.9389,64.5775,0.5122,0,0.5457,-0.1543,0.633,-1.6172,0,0.9988,0,-0.0482,1,193.9,397.1,false,,,,323,0.0024,0,,,,,0.6334,,,,,,8.816,100,0.0042,0,0.5122,0,0,0.01,99.9934,0,0,3.0898,1.5825,0,0,-1.0002,-0.02,0.9977,-0.01199,0.06678,0,-0.03383,0.7653,0.64279,0,-0.05882,-0.64356,0.76313,0,0.07137,-1.57672,-1.36846,1,-0.1543,0.633,-1.6172,true,true,0.0556,0.3344,-1.5775,0.013,-0.2051,-0.2985,-0.0597,0.013,true,-0.1543,0.633,-1.6172,1.7523,181,130.7,1.6034,,,true,,,,,,,,,,,true,1,0,0,0,1.5775,0,0,0,0.0714,-1.5767,-1.3685,WebglFramebuffer,7,0,1,true,0,
18518,1790994185634,21:23:05.633,placed,true,207,116.5,16.47913,NORMAL,UNSPECIFIED,0.0001,2.0928,0.0333,0.3428,-0.0337,0.005,-0.9388,64.5775,0.5122,0.0001,2.0928,0.0333,-0.3428,0.0337,-0.005,0.9388,64.5775,0.5122,0,0,-0.1543,0.633,-1.6172,0,0.9988,0,-0.0482,1,194.3,397.7,false,,,,323,0.0024,0,,,,,0.6334,,,,,,8.6617,100,0.0043,0,0.5122,0,0,0.01,99.9934,0,0,3.0898,1.5825,0,0,-1.0002,-0.02,0.99768,-0.01371,0.06675,0,-0.03252,0.76497,0.64324,0,-0.05988,-0.64392,0.76275,0,0.06998,-1.57947,-1.3716,1,-0.1543,0.633,-1.6172,true,true,0.0556,0.3344,-1.5775,0.013,-0.2051,-0.2985,-0.0597,0.013,true,-0.1543,0.633,-1.6172,1.7523,181.9,131.9,1.6052,81,255/0/255,true,,,,,,,,,,,true,1,0,0,0,1.5775,0,0,0,0.07,-1.5795,-1.3716,WebglFramebuffer,7,0,1,true,0,
18574.6,1790994185836,21:23:05.836,placed,true,208,28.2,16.595175,NORMAL,UNSPECIFIED,-0.0007,2.0912,0.0335,0.3428,-0.0338,0.0042,-0.9388,64.5775,0.5122,-0.0007,2.0912,0.0335,-0.3428,0.0338,-0.0042,0.9388,64.5775,0.5122,0,0,-0.1543,0.633,-1.6172,0,0.9988,0,-0.0482,1,194.2,397.2,false,,,,323,0.0024,0,,,,,0.6334,,,,,,8.2889,100,0.0018,0,0.5122,0,0,0.01,99.9934,0,0,3.0898,1.5825,0,0,-1.0002,-0.02,0.99768,-0.01532,0.06632,0,-0.03103,0.76488,0.64342,0,-0.06059,-0.64399,0.76263,0,0.06767,-1.57794,-1.37103,1,-0.1543,0.633,-1.6172,true,true,0.0556,0.3344,-1.5775,0.013,-0.2051,-0.2985,-0.0597,0.013,true,-0.1543,0.633,-1.6172,1.7523,182.4,131.1,1.6041,,,true,,,,,,,,,,,true,1,0,0,0,1.5775,0,0,0,0.0677,-1.5779,-1.371,WebglFramebuffer,7,0,1,true,0.0018,
18629.7,1790994185891,21:23:05.891,placed,true,209,30.2,16.885634,NORMAL,UNSPECIFIED,-0.0008,2.0926,0.033,0.3431,-0.0343,0.0041,-0.9387,64.5775,0.5122,-0.0008,2.0926,0.033,-0.3431,0.0343,-0.0041,0.9387,64.5775,0.5122,0,0,-0.1543,0.633,-1.6172,0,0.9988,0,-0.0482,1,194.7,397.3,false,,,,323,0.0024,0,,,,,0.6334,,,,,,9.2782,50,0.0015,0,0.5122,0,0,0.01,99.9934,0,0,3.0898,1.5825,0,0,-1.0002,-0.02,0.99762,-0.0158,0.06712,0,-0.03121,0.76458,0.64378,0,-0.06149,-0.64434,0.76227,0,0.06811,-1.57869,-1.3723,1,-0.1543,0.633,-1.6172,true,true,0.0556,0.3344,-1.5775,0.013,-0.2051,-0.2985,-0.0597,0.013,true,-0.1543,0.633,-1.6172,1.7523,183,131.4,1.6044,,,true,,,,,,,,,,,true,1,0,0,0,1.5775,0,0,0,0.0681,-1.5787,-1.3723,WebglFramebuffer,7,0,1,true,0.0009,
18741.5,1790994186003,21:23:06.003,placed,true,210,85.2,16.939153,NORMAL,UNSPECIFIED,0.004,2.0915,0.0355,0.342,-0.0351,0.0056,-0.939,64.5775,0.5122,0.004,2.0915,0.0355,-0.342,0.0351,-0.0056,0.939,64.5775,0.5122,0,1.1644,-0.1543,0.633,-1.6172,0,0.9988,0,-0.0482,1,195,398,false,,,,323,0.0024,0,,,,,0.6334,,,,,,9.2432,50,0.0055,0,0.5122,0,0,0.01,99.9934,0,0,3.0898,1.5825,0,0,-1.0002,-0.02,0.99748,-0.01345,0.0697,0,-0.03453,0.766,0.64192,0,-0.06202,-0.6427,0.7636,0,0.0704,-1.57916,-1.36995,1,-0.1543,0.633,-1.6172,true,true,0.0556,0.3344,-1.5775,0.013,-0.2051,-0.2985,-0.0597,0.013,true,-0.1543,0.633,-1.6172,1.7523,182.3,132.3,1.6075,,,true,,,,,,,,,,,true,1,0,0,0,1.5775,0,0,0,0.0704,-1.5792,-1.37,WebglFramebuffer,7,0,1,true,0,
18790.3,1790994186052,21:23:06.052,placed,true,211,27,16.995847,NORMAL,UNSPECIFIED,0.0037,2.0924,0.0347,0.3424,-0.0346,0.0051,-0.9389,64.5775,0.5122,0.0037,2.0924,0.0347,-0.3424,0.0346,-0.0051,0.9389,64.5775,0.5122,0,0.3923,-0.1543,0.633,-1.6172,0,0.9988,0,-0.0482,1,194.3,397.8,false,,,,323,0.0024,0,,,,,0.6334,,,,,,10.3681,100,0.0013,0,0.5122,0,0,0.01,99.9934,0,0,3.0898,1.5825,0,0,-1.0002,-0.02,0.99755,-0.0142,0.06843,0,-0.0332,0.76543,0.64267,0,-0.0615,-0.64337,0.76308,0,0.06795,-1.57921,-1.3715,1,-0.1543,0.633,-1.6172,true,true,0.0556,0.3344,-1.5775,0.013,-0.2051,-0.2985,-0.0597,0.013,true,-0.1543,0.633,-1.6172,1.7523,181.8,132.1,1.6069,,,true,,,,,,,,,,,true,1,0,0,0,1.5775,0,0,0,0.0679,-1.5792,-1.3715,WebglFramebuffer,7,0,1,true,0,
19071.3,1790994186155,21:23:06.154,placed,true,212,81.8,17.102966,NORMAL,UNSPECIFIED,0.0049,2.0967,0.0382,0.3417,-0.0348,0.0055,-0.9392,64.5775,0.5122,0.0049,2.0967,0.0382,-0.3417,0.0348,-0.0055,0.9392,64.5775,0.5122,0,0,-0.1543,0.633,-1.6172,0,0.9988,0,-0.0482,1,194.5,399,false,,,,323,0.0024,0,,,,,0.6334,,,,,,10.304,50,0.0057,0,0.5122,0,0,0.01,99.9934,0,0,3.0898,1.5825,0,0,-1.0002,-0.02,0.99752,-0.01337,0.06911,0,-0.03417,0.76645,0.6414,0,-0.06154,-0.64217,0.76409,0,0.06906,-1.5824,-1.37439,1,-0.1543,0.633,-1.6172,true,true,0.0556,0.3344,-1.5775,0.013,-0.2051,-0.2985,-0.0597,0.013,true,-0.1543,0.633,-1.6172,1.7523,181.7,134.5,1.6135,81,255/0/255,true,,,,,,,,,,,true,1,0,0,0,1.5775,0,0,0,0.0691,-1.5824,-1.3744,WebglFramebuffer,7,0,1,true,0,
19123.6,1790994186385,21:23:06.385,placed,true,213,32.3,17.150603,NORMAL,UNSPECIFIED,0.0053,2.0928,0.0395,0.3372,-0.0358,0.0064,-0.9407,64.5775,0.5122,0.0053,2.0928,0.0395,-0.3372,0.0358,-0.0064,0.9407,64.5775,0.5122,0,1.2243,-0.1543,0.633,-1.6172,0,0.9988,0,-0.0482,1,195.9,403.8,false,,,,322,0.0024,0,,,,,0.6334,,,,,,9.7075,100,0.0042,0,0.5122,0,0,0.01,99.9934,0,0,3.0898,1.5825,0,0,-1.0002,-0.02,0.99735,-0.01205,0.07177,0,-0.03628,0.77257,0.6339,0,-0.06309,-0.63482,0.77008,0,0.07315,-1.59165,-1.35742,1,-0.1543,0.633,-1.6172,true,true,0.0556,0.3344,-1.5775,0.013,-0.2051,-0.2985,-0.0597,0.013,true,-0.1543,0.633,-1.6172,1.7523,183,139.7,1.6184,,,true,,,,,,,,,,,true,1,0,0,0,1.5775,0,0,0,0.0731,-1.5917,-1.3574,WebglFramebuffer,7,0,1,true,0,
19182.7,1790994186444,21:23:06.444,placed,true,214,34.4,17.431229,NORMAL,UNSPECIFIED,0.0032,2.0892,0.0366,0.3364,-0.0351,0.0055,-0.9411,64.5775,0.5122,0.0032,2.0892,0.0366,-0.3364,0.0351,-0.0055,0.9411,64.5775,0.5122,0,0,-0.1543,0.633,-1.6172,0,0.9988,0,-0.0482,1,195.2,404.6,false,,,,321,0.0024,0,,,,,0.6334,,,,,,10.4288,49.9,0.0051,0,0.5122,0,0,0.01,99.9934,0,0,3.0898,1.5825,0,0,-1.0002,-0.02,0.99747,-0.01321,0.06986,0,-0.03407,0.77366,0.63268,0,-0.06241,-0.63346,0.77125,0,0.07026,-1.59312,-1.35026,1,-0.1543,0.633,-1.6172,true,true,0.0556,0.3344,-1.5775,0.013,-0.2051,-0.2985,-0.0597,0.013,true,-0.1543,0.633,-1.6172,1.7523,182.8,139.8,1.6147,,,true,,,,,,,,,,,true,1,0,0,0,1.5775,0,0,0,0.0703,-1.5931,-1.3503,WebglFramebuffer,7,0,1,true,0,
19273.1,1790994186534,21:23:06.534,placed,true,215,61.2,17.488133,NORMAL,UNSPECIFIED,0.0043,2.0899,0.0407,0.3366,-0.034,0.006,-0.941,64.5775,0.5122,0.0043,2.0899,0.0407,-0.3366,0.034,-0.006,0.941,64.5775,0.5122,0,0.8489,-0.1543,0.633,-1.6172,0,0.9988,0,-0.0482,1,193.9,403.8,false,,,,323,0.0024,0,,,,,0.6334,,,,,,10.4995,50,0.0043,0,0.5122,0,0,0.01,99.9934,0,0,3.0898,1.5825,0,0,-1.0002,-0.02,0.99761,-0.01159,0.06808,0,-0.03422,0.77337,0.63303,0,-0.05999,-0.63385,0.77113,0,0.06969,-1.59042,-1.3546,1,-0.1543,0.633,-1.6172,true,true,0.0556,0.3344,-1.5775,0.013,-0.2051,-0.2985,-0.0597,0.013,true,-0.1543,0.633,-1.6172,1.7523,181,139.3,1.618,,,true,,,,,,,,,,,true,1,0,0,0,1.5775,0,0,0,0.0697,-1.5904,-1.3546,WebglFramebuffer,7,0,1,true,0,
19357.5,1790994186619,21:23:06.619,placed,true,216,57.1,17.550946,NORMAL,UNSPECIFIED,0.003,2.0946,0.0399,0.3371,-0.0334,0.0063,-0.9408,64.5775,0.5122,0.003,2.0946,0.0399,-0.3371,0.0334,-0.0063,0.9408,64.5775,0.5122,0,1.6503,-0.1543,0.633,-1.6172,0,0.9988,0,-0.0482,1,193.8,404.2,false,,,,322,0.0024,0,,,,,0.6334,,,,,,10.6274,100,0.005,0,0.5122,0,0,0.01,99.9934,0,0,3.0898,1.5825,0,0,-1.0002,-0.02,0.99769,-0.01074,0.06712,0,-0.03433,0.7726,0.63396,0,-0.05867,-0.6348,0.77044,0,0.07128,-1.59292,-1.35888,1,-0.1543,0.633,-1.6172,true,true,0.0556,0.3344,-1.5775,0.013,-0.2051,-0.2985,-0.0597,0.013,true,-0.1543,0.633,-1.6172,1.7523,180.8,140.4,1.6196,,,true,,,,,,,,,,,true,1,0,0,0,1.5775,0,0,0,0.0713,-1.5929,-1.3589,WebglFramebuffer,7,0,1,true,0,
19546.5,1790994186706,21:23:06.706,placed,true,217,58.3,17.64032,NORMAL,UNSPECIFIED,0.0013,2.0928,0.037,0.3381,-0.0332,0.006,-0.9405,64.5775,0.5122,0.0013,2.0928,0.037,-0.3381,0.0332,-0.006,0.9405,64.5775,0.5122,0,0.5099,-0.1543,0.633,-1.6172,0,0.9988,0,-0.0482,1,193.8,403.2,false,,,,322,0.0024,0,,,,,0.6334,,,,,,10.7114,83.2,0.0039,0,0.5122,0,0,0.01,99.9934,0,0,3.0898,1.5825,0,0,-1.0002,-0.02,0.99772,-0.01116,0.06652,0,-0.03374,0.77136,0.6355,0,-0.0584,-0.6363,0.76923,0,0.07146,-1.59078,-1.3585,1,-0.1543,0.633,-1.6172,true,true,0.0556,0.3344,-1.5775,0.013,-0.2051,-0.2985,-0.0597,0.013,true,-0.1543,0.633,-1.6172,1.7523,181,138.7,1.6147,81,255/0/255,true,,,,,,,,,,,true,1,0,0,0,1.5775,0,0,0,0.0715,-1.5908,-1.3585,WebglFramebuffer,7,0,1,true,0,
19615.5,1790994186877,21:23:06.877,placed,true,218,50.1,17.725569,NORMAL,UNSPECIFIED,0.0028,2.0898,0.0388,0.3372,-0.0336,0.0072,-0.9408,64.5775,0.5122,0.0028,2.0898,0.0388,-0.3372,0.0336,-0.0072,0.9408,64.5775,0.5122,0,0.5306,-0.1543,0.633,-1.6172,0,0.9988,0,-0.0482,1,194.4,403.4,false,,,,323,0.0024,0,,,,,0.6334,,,,,,10.2258,100,0.0038,0,0.5122,0,0,0.01,99.9934,0,0,3.0898,1.5825,0,0,-1.0002,-0.02,0.99764,-0.00909,0.06813,0,-0.03625,0.7725,0.63397,0,-0.05839,-0.63494,0.77035,0,0.07529,-1.58974,-1.35499,1,-0.1543,0.633,-1.6172,true,true,0.0556,0.3344,-1.5775,0.013,-0.2051,-0.2985,-0.0597,0.013,true,-0.1543,0.633,-1.6172,1.7523,180.9,138.7,1.6157,,,true,,,,,,,,,,,true,1,0,0,0,1.5775,0,0,0,0.0753,-1.5897,-1.355,WebglFramebuffer,7,0,1,true,0,
19669.2,1790994186931,21:23:06.930,placed,true,219,33.8,17.904712,NORMAL,UNSPECIFIED,0.0062,2.0942,0.0425,0.338,-0.0332,0.0075,-0.9405,64.5775,0.5122,0.0062,2.0942,0.0425,-0.338,0.0332,-0.0075,0.9405,64.5775,0.5122,0,1.2263,-0.1543,0.633,-1.6172,0,0.9988,0,-0.0482,1,193.3,402.5,false,,,,322,0.0024,0,,,,,0.6334,,,,,,11.0654,66.6,0.0067,0,0.5122,0,0,0.01,99.9934,0,0,3.0898,1.5825,0,0,-1.0002,-0.02,0.99768,-0.00838,0.06761,0,-0.03658,0.77134,0.63537,0,-0.05747,-0.63637,0.76924,0,0.07285,-1.5883,-1.36371,1,-0.1543,0.633,-1.6172,true,true,0.0556,0.3344,-1.5775,0.013,-0.2051,-0.2985,-0.0597,0.013,true,-0.1543,0.633,-1.6172,1.7523,179.3,138.7,1.6204,,,true,,,,,,,,,,,true,1,0,0,0,1.5775,0,0,0,0.0728,-1.5883,-1.3637,WebglFramebuffer,7,0,1,true,0,
19750.9,1790994187013,21:23:07.012,placed,true,220,59.6,17.974804,NORMAL,UNSPECIFIED,0.0124,2.0932,0.0425,0.3381,-0.0362,0.0123,-0.9403,64.5775,0.5122,0.0124,2.0932,0.0425,-0.3381,0.0362,-0.0123,0.9403,64.5775,0.5122,0,1.2819,-0.1543,0.633,-1.6172,0,0.9988,0,-0.0482,1,197.1,402.3,false,,,,321,0.0024,0,,,,,0.6334,,,,,,11.1813,66.7,0.0063,0,0.5122,0,0,0.01,99.9934,0,0,3.0898,1.5825,0,0,-1.0002,-0.02,0.99707,-0.00138,0.07645,0,-0.04761,0.77109,0.63494,0,-0.05983,-0.63672,0.76877,0,0.08985,-1.58695,-1.36265,1,-0.1543,0.633,-1.6172,true,true,0.0556,0.3344,-1.5775,0.013,-0.2051,-0.2985,-0.0597,0.013,true,-0.1543,0.633,-1.6172,1.7523,180.7,138.6,1.6206,,,true,,,,,,,,,,,true,1,0,0,0,1.5775,0,0,0,0.0899,-1.5869,-1.3626,WebglFramebuffer,7,0,1,true,0,
19851,1790994187113,21:23:07.112,placed,true,221,77.5,18.030797,NORMAL,UNSPECIFIED,0.0083,2.0887,0.0413,0.3365,-0.0355,0.0126,-0.9409,64.5775,0.5122,0.0083,2.0887,0.0413,-0.3365,0.0355,-0.0126,0.9409,64.5775,0.5122,0,1.212,-0.1543,0.633,-1.6172,0,0.9988,0,-0.0482,1,197.4,403.7,false,,,,321,0.0024,0,,,,,0.6334,,,,,,11.0642,66.7,0.0061,0,0.5122,0,0,0.01,99.9934,0,0,3.0898,1.5825,0,0,-1.0002,-0.02,0.99717,-0.00022,0.07523,0,-0.04754,0.77322,0.63235,0,-0.05831,-0.63414,0.77102,0,0.09338,-1.58882,-1.35326,1,-0.1543,0.633,-1.6172,true,true,0.0556,0.3344,-1.5775,0.013,-0.2051,-0.2985,-0.0597,0.013,true,-0.1543,0.633,-1.6172,1.7523,181.1,139.4,1.6187,,,true,,,,,,,,,,,true,1,0,0,0,1.5775,0,0,0,0.0934,-1.5888,-1.3533,WebglFramebuffer,7,0,1,true,0,
20033.5,1790994187179,21:23:07.178,placed,true,222,39.9,18.112905,NORMAL,UNSPECIFIED,0.0106,2.0864,0.0426,0.3359,-0.0354,0.0119,-0.9411,64.5775,0.5122,0.0106,2.0864,0.0426,-0.3359,0.0354,-0.0119,0.9411,64.5775,0.5122,0,1.678,-0.1543,0.633,-1.6172,0,0.9988,0,-0.0482,1,196.4,403.7,false,,,,321,0.0024,0,,,,,0.6334,,,,,,11.4638,99.9,0.0035,0,0.5122,0,0,0.01,99.9934,0,0,3.0898,1.5825,0,0,-1.0002,-0.02,0.99721,-0.0013,0.0746,0,-0.04623,0.77401,0.63149,0,-0.05856,-0.63317,0.77179,0,0.08838,-1.5879,-1.35118,1,-0.1543,0.633,-1.6172,true,true,0.0556,0.3344,-1.5775,0.013,-0.2051,-0.2985,-0.0597,0.013,true,-0.1543,0.633,-1.6172,1.7523,180.1,139.2,1.6191,81,255/0/255,true,,,,,,,,,,,true,1,0,0,0,1.5775,0,0,0,0.0884,-1.5879,-1.3512,WebglFramebuffer,7,0,1,true,0,
20089.1,1790994187351,21:23:07.350,placed,true,223,24.8,18.216897,NORMAL,UNSPECIFIED,0.0066,2.0928,0.0439,0.3364,-0.035,0.009,-0.941,64.5775,0.5122,0.0066,2.0928,0.0439,-0.3364,0.035,-0.009,0.941,64.5775,0.5122,0,1.1232,-0.1543,0.633,-1.6172,0,0.9988,0,-0.0482,1,195.8,404,false,,,,342,0.0052,0,,,,,0.6334,,,,,,10.8992,100,0.0076,0,0.5122,0,0,0.01,99.9934,0,0,3.0898,1.5825,0,0,-1.0002,-0.02,0.99739,-0.00667,0.07187,0,-0.04041,0.77345,0.63257,0,-0.05981,-0.63383,0.77116,0,0.08056,-1.59077,-1.35817,1,-0.1543,0.633,-1.6172,true,true,0.0556,0.3344,-1.5775,0.013,-0.2051,-0.2985,-0.0597,0.013,true,-0.1543,0.633,-1.6172,1.7523,181.4,140.4,1.623,,,true,,,,,,,,,,,true,1,0,0,0,1.5775,0,0,0,0.0806,-1.5908,-1.3582,WebglFramebuffer,7,0,1,true,0,
20151.4,1790994187413,21:23:07.413,placed,true,224,30,18.404376,NORMAL,UNSPECIFIED,0.0105,2.0928,0.0438,0.3363,-0.0346,0.0084,-0.9411,64.5775,0.5122,0.0105,2.0928,0.0438,-0.3363,0.0346,-0.0084,0.9411,64.5775,0.5122,0,0,-0.1543,0.633,-1.6172,0,0.9988,0,-0.0482,1,194,404.2,false,,,,342,0.0056,0,,,,,0.6334,,,,,,11.417,49.9,0.0039,0,0.5122,0,0,0.01,99.9934,0,0,3.0898,1.5825,0,0,-1.0002,-0.02,0.99747,-0.00754,0.07072,0,-0.03899,0.77367,0.63239,0,-0.05948,-0.63354,0.77142,0,0.07374,-1.59131,-1.35798,1,-0.1543,0.633,-1.6172,true,true,0.0556,0.3344,-1.5775,0.013,-0.2051,-0.2985,-0.0597,0.013,true,-0.1543,0.633,-1.6172,1.7523,179.5,140.7,1.6233,,,true,,,,,,,,,,,true,1,0,0,0,1.5775,0,0,0,0.0737,-1.5913,-1.358,WebglFramebuffer,7,0,1,true,0,
20234.8,1790994187496,21:23:07.496,placed,true,225,57.4,18.461232,NORMAL,UNSPECIFIED,0.0078,2.0978,0.0462,0.3376,-0.0367,0.0058,-0.9406,64.5775,0.5122,0.0078,2.0978,0.0462,-0.3376,0.0367,-0.0058,0.9406,64.5775,0.5122,0,0,-0.1543,0.633,-1.6172,0,0.9988,0,-0.0482,1,196,403,false,,,,342,0.0056,0,,,,,0.6334,,,,,,11.4743,50,0.0062,0,0.5122,0,0,0.01,99.9934,0,0,3.0898,1.5825,0,0,-1.0002,-0.02,0.99724,-0.01384,0.07288,0,-0.03566,0.77203,0.63458,0,-0.06505,-0.63543,0.76941,0,0.06997,-1.59014,-1.36734,1,-0.1543,0.633,-1.6172,true,true,0.0556,0.3344,-1.5775,0.013,-0.2051,-0.2985,-0.0597,0.013,true,-0.1543,0.633,-1.6172,1.7523,183.4,140.1,1.6263,,,true,,,,,,,,,,,true,1,0,0,0,1.5775,0,0,0,0.07,-1.5901,-1.3673,WebglFramebuffer,7,0,1,true,0,MARCA 1
20302.8,1790994187564,21:23:07.564,placed,true,226,46.4,18.516781,NORMAL,UNSPECIFIED,0.0058,2.095,0.0461,0.3386,-0.0373,0.0054,-0.9402,64.5775,0.5122,0.0058,2.095,0.0461,-0.3386,0.0373,-0.0054,0.9402,64.5775,0.5122,0,0,-0.1543,0.633,-1.6172,0,0.9988,0,-0.0482,1,197.1,401.2,false,,,,342,0.0055,0,,,,,0.6334,,,,,,11.7975,100,0.0035,0,0.5122,0,0,0.01,99.9934,0,0,3.0898,1.5825,0,0,-1.0002,-0.02,0.99716,-0.01511,0.07376,0,-0.03538,0.7707,0.63622,0,-0.06646,-0.63702,0.76797,0,0.07144,-1.58519,-1.3687,1,-0.1543,0.633,-1.6172,true,true,0.0556,0.3344,-1.5775,0.013,-0.2051,-0.2985,-0.0597,0.013,true,-0.1543,0.633,-1.6172,1.7523,185,137.5,1.6229,,,true,,,,,,,,,,,true,1,0,0,0,1.5775,0,0,0,0.0714,-1.5852,-1.3687,WebglFramebuffer,7,0,1,true,0,
20478.3,1790994187640,21:23:07.639,placed,true,227,52.8,18.595856,NORMAL,UNSPECIFIED,0.0103,2.092,0.045,0.3381,-0.0366,0.0056,-0.9404,64.5775,0.5122,0.0103,2.092,0.045,-0.3381,0.0366,-0.0056,0.9404,64.5775,0.5122,0,0,-0.1543,0.633,-1.6172,0,0.9988,0,-0.0482,1,195.1,401.3,false,,,,342,0.0055,0,,,,,0.6334,,,,,,11.944,66.6,0.0056,0,0.5122,0,0,0.01,99.9934,0,0,3.0898,1.5825,0,0,-1.0002,-0.02,0.99726,-0.01431,0.07263,0,-0.03522,0.77125,0.63556,0,-0.06512,-0.63637,0.76863,0,0.06632,-1.58461,-1.36493,1,-0.1543,0.633,-1.6172,true,true,0.0556,0.3344,-1.5775,0.013,-0.2051,-0.2985,-0.0597,0.013,true,-0.1543,0.633,-1.6172,1.7523,182.3,137.2,1.6211,81,255/0/255,true,,,,,,,,,,,true,1,0,0,0,1.5775,0,0,0,0.0663,-1.5846,-1.3649,WebglFramebuffer,7,0,1,true,0,
20530.4,1790994187792,21:23:07.791,placed,true,228,25.9,18.665426,NORMAL,UNSPECIFIED,0.0106,2.0929,0.048,0.3358,-0.0355,0.0051,-0.9413,64.5775,0.5122,0.0106,2.0929,0.048,-0.3358,0.0355,-0.0051,0.9413,64.5775,0.5122,0,0,-0.1543,0.633,-1.6172,0,0.9988,0,-0.0482,1,193.6,404,false,,,,342,0.0055,0,,,,,0.6334,,,,,,11.407,100,0.0031,0,0.5122,0,0,0.01,99.9934,0,0,3.0898,1.5825,0,0,-1.0002,-0.02,0.99743,-0.01434,0.07027,0,-0.03337,0.77445,0.63176,0,-0.06348,-0.63247,0.77198,0,0.06231,-1.59028,-1.35999,1,-0.1543,0.633,-1.6172,true,true,0.0556,0.3344,-1.5775,0.013,-0.2051,-0.2985,-0.0597,0.013,true,-0.1543,0.633,-1.6172,1.7523,181,140.7,1.6271,,,true,,,,,,,,,,,true,1,0,0,0,1.5775,0,0,0,0.0623,-1.5903,-1.36,WebglFramebuffer,7,0,1,true,0,
20589.2,1790994187851,21:23:07.850,placed,true,229,31.8,18.843691,NORMAL,UNSPECIFIED,0.0086,2.0973,0.0513,0.3348,-0.0345,0.0043,-0.9416,64.5775,0.5122,0.0086,2.0973,0.0513,-0.3348,0.0345,-0.0043,0.9416,64.5775,0.5122,0,1.5345,-0.1543,0.633,-1.6172,0,0.9988,0,-0.0482,1,192.8,405.5,false,,,,342,0.0052,0,,,,,0.6334,,,,,,11.9641,50,0.0059,0,0.5122,0,0,0.01,99.9934,0,0,3.0898,1.5825,0,0,-1.0002,-0.02,0.99758,-0.0149,0.06784,0,-0.03128,0.77577,0.63024,0,-0.06202,-0.63084,0.77343,0,0.06016,-1.59452,-1.3621,1,-0.1543,0.633,-1.6172,true,true,0.0556,0.3344,-1.5775,0.013,-0.2051,-0.2985,-0.0597,0.013,true,-0.1543,0.633,-1.6172,1.7523,180.6,143.4,1.6336,,,true,,,,,,,,,,,true,1,0,0,0,1.5775,0,0,0,0.0602,-1.5945,-1.3621,WebglFramebuffer,7,0,1,true,0,
20678.5,1790994187940,21:23:07.940,placed,true,230,67.1,18.896664,NORMAL,UNSPECIFIED,0.0075,2.097,0.056,0.3312,-0.0329,0.005,-0.943,64.5775,0.5122,0.0075,2.097,0.056,-0.3312,0.0329,-0.005,0.943,64.5775,0.5122,0,0,-0.1543,0.633,-1.6172,0,0.9988,0,-0.0482,1,191.6,409.4,false,,,,340,0.0052,0,,,,,0.6334,,,,,,11.8875,66.6,0.0049,0,0.5122,0,0,0.01,99.9934,0,0,3.0898,1.5825,0,0,-1.0002,-0.02,0.99779,-0.01233,0.06537,0,-0.03125,0.78063,0.62422,0,-0.05872,-0.62488,0.77851,0,0.06131,-1.60183,-1.35308,1,-0.1543,0.633,-1.6172,true,true,0.0556,0.3344,-1.5775,0.013,-0.2051,-0.2985,-0.0597,0.013,true,-0.1543,0.633,-1.6172,1.7523,179.1,148.2,1.6419,,,true,,,,,,,,,,,true,1,0,0,0,1.5775,0,0,0,0.0613,-1.6018,-1.3531,WebglFramebuffer,7,0,1,true,0,
20747.2,1790994188009,21:23:08.008,placed,true,231,46.8,18.951184,NORMAL,UNSPECIFIED,0.0091,2.0976,0.0578,0.3307,-0.0329,0.0048,-0.9432,64.5775,0.5122,0.0091,2.0976,0.0578,-0.3307,0.0329,-0.0048,0.9432,64.5775,0.5122,0,0,-0.1543,0.633,-1.6172,0,0.9988,0,-0.0482,1,191.2,409.8,false,,,,340,0.0052,0,,,,,0.6334,,,,,,12.1544,83.4,0.0025,0,0.5122,0,0,0.01,99.9934,0,0,3.0898,1.5825,0,0,-1.0002,-0.02,0.99779,-0.01264,0.06526,0,-0.03088,0.78123,0.62348,0,-0.05886,-0.62411,0.77911,0,0.05914,-1.60251,-1.35348,1,-0.1543,0.633,-1.6172,true,true,0.0556,0.3344,-1.5775,0.013,-0.2051,-0.2985,-0.0597,0.013,true,-0.1543,0.633,-1.6172,1.7523,178.6,148.9,1.6444,,,true,,,,,,,,,,,true,1,0,0,0,1.5775,0,0,0,0.0591,-1.6025,-1.3535,WebglFramebuffer,7,0,1,true,0.0025,
20941.7,1790994188100,21:23:08.100,placed,true,232,67,19.040427,NORMAL,UNSPECIFIED,0.0046,2.0929,0.0588,0.3299,-0.0323,0.0043,-0.9434,64.5775,0.5122,0.0046,2.0929,0.0588,-0.3299,0.0323,-0.0043,0.9434,64.5775,0.5122,0,1.6258,-0.1543,0.633,-1.6172,0,0.9988,0,-0.0482,1,191.4,409.7,false,,,,340,0.0051,0,,,,,0.6334,,,,,,12.0354,66.6,0.0065,0,0.5122,0,0,0.01,99.9934,0,0,3.0898,1.5825,0,0,-1.0002,-0.02,0.99787,-0.01328,0.06386,0,-0.02941,0.78227,0.62225,0,-0.05822,-0.6228,0.78021,0,0.06035,-1.60054,-1.34845,1,-0.1543,0.633,-1.6172,true,true,0.0556,0.3344,-1.5775,0.013,-0.2051,-0.2985,-0.0597,0.013,true,-0.1543,0.633,-1.6172,1.7523,179.5,148.1,1.6429,81,255/0/255,true,,,,,,,,,,,true,1,0,0,0,1.5775,0,0,0,0.0604,-1.6005,-1.3485,WebglFramebuffer,7,0,1,true,0,
21019.4,1790994188281,21:23:08.281,placed,true,233,52,19.111361,NORMAL,UNSPECIFIED,0.0077,2.09,0.059,0.3282,-0.0319,0.0053,-0.944,64.5775,0.5122,0.0077,2.09,0.059,-0.3282,0.0319,-0.0053,0.944,64.5775,0.5122,0,1.6452,-0.1543,0.633,-1.6172,0,0.9988,0,-0.0482,1,190.6,411.3,false,,,,340,0.0051,0,,,,,0.6334,,,,,,11.3844,100,0.0042,0,0.5122,0,0,0.01,99.9934,0,0,3.0898,1.5825,0,0,-1.0002,-0.02,0.9979,-0.01092,0.06381,0,-0.03102,0.78449,0.61936,0,-0.05683,-0.62004,0.78251,0,0.06051,-1.60289,-1.34113,1,-0.1543,0.633,-1.6172,true,true,0.0556,0.3344,-1.5775,0.013,-0.2051,-0.2985,-0.0597,0.013,true,-0.1543,0.633,-1.6172,1.7523,177.8,149.6,1.6438,,,true,,,,,,,,,,,true,1,0,0,0,1.5775,0,0,0,0.0605,-1.6029,-1.3411,WebglFramebuffer,7,0,1,true,0,
21072.1,1790994188334,21:23:08.333,placed,true,234,26.6,19.307435,NORMAL,UNSPECIFIED,0.0117,2.0956,0.0597,0.3263,-0.0333,0.0063,-0.9447,64.5775,0.5122,0.0117,2.0956,0.0597,-0.3263,0.0333,-0.0063,0.9447,64.5775,0.5122,0,0,-0.1543,0.633,-1.6172,0,0.9988,0,-0.0482,1,191.5,414.8,false,,,,340,0.0051,0,,,,,0.6334,,,,,,12.1471,83.4,0.007,0,0.5122,0,0,0.01,99.9934,0,0,3.0898,1.5825,0,0,-1.0002,-0.02,0.9977,-0.0099,0.06702,0,-0.03358,0.78702,0.61601,0,-0.05885,-0.61684,0.78488,0,0.06218,-1.61235,-1.33858,1,-0.1543,0.633,-1.6172,true,true,0.0556,0.3344,-1.5775,0.013,-0.2051,-0.2985,-0.0597,0.013,true,-0.1543,0.633,-1.6172,1.7523,178.3,154.5,1.6508,,,true,,,,,,,,,,,true,1,0,0,0,1.5775,0,0,0,0.0622,-1.6123,-1.3386,WebglFramebuffer,7,0,1,true,0,
21153.2,1790994188415,21:23:08.414,placed,true,235,56.9,19.385213,NORMAL,UNSPECIFIED,0.0052,2.0901,0.0565,0.3233,-0.0338,0.0053,-0.9457,64.5775,0.5122,0.0052,2.0901,0.0565,-0.3233,0.0338,-0.0053,0.9457,64.5775,0.5122,0,0,-0.1543,0.633,-1.6172,0,0.9988,0,-0.0482,1,193.2,418.1,false,,,,338,0.0052,0,,,,,0.6334,,,,,,12.1624,49.9,0.0091,0,0.5122,0,0,0.01,99.9934,0,0,3.0898,1.5825,0,0,-1.0002,-0.02,0.99766,-0.0118,0.06728,0,-0.03185,0.79094,0.61106,0,-0.06043,-0.61178,0.78872,0,0.06476,-1.61853,-1.32212,1,-0.1543,0.633,-1.6172,true,true,0.0556,0.3344,-1.5775,0.013,-0.2051,-0.2985,-0.0597,0.013,true,-0.1543,0.633,-1.6172,1.7523,181.1,157.1,1.6484,,,true,,,,,,,,,,,true,1,0,0,0,1.5775,0,0,0,0.0648,-1.6185,-1.3221,WebglFramebuffer,7,0,1,true,0,
21249.2,1790994188511,21:23:08.510,placed,true,236,73.5,19.435773,NORMAL,UNSPECIFIED,0.0055,2.0871,0.0515,0.3248,-0.0338,0.0047,-0.9452,64.5775,0.5122,0.0055,2.0871,0.0515,-0.3248,0.0338,-0.0047,0.9452,64.5775,0.5122,0,0,-0.1543,0.633,-1.6172,0,0.9988,0,-0.0482,1,192.7,416.3,false,,,,339,0.0051,0,,,,,0.6334,,,,,,11.9922,83.3,0.0059,0,0.5122,0,0,0.01,99.9934,0,0,3.0898,1.5825,0,0,-1.0002,-0.02,0.99768,-0.01314,0.06682,0,-0.03072,0.78892,0.61373,0,-0.06078,-0.61436,0.78668,0,0.06177,-1.61486,-1.32176,1,-0.1543,0.633,-1.6172,true,true,0.0556,0.3344,-1.5775,0.013,-0.2051,-0.2985,-0.0597,0.013,true,-0.1543,0.633,-1.6172,1.7523,180.8,154.2,1.6405,,,true,,,,,,,,,,,true,1,0,0,0,1.5775,0,0,0,0.0618,-1.6149,-1.3218,WebglFramebuffer,7,0,1,true,0,
21422.4,1790994188576,21:23:08.575,placed,true,237,41.6,19.515109,NORMAL,UNSPECIFIED,0.0087,2.0845,0.0458,0.326,-0.0343,0.0059,-0.9447,64.5775,0.5122,0.0087,2.0845,0.0458,-0.326,0.0343,-0.0059,0.9447,64.5775,0.5122,0,1.1976,-0.1543,0.633,-1.6172,0,0.9988,0,-0.0482,1,192.9,415.3,false,,,,339,0.0052,0,,,,,0.6334,,,,,,12.3291,83.4,0.007,0,0.5122,0,0,0.01,99.9934,0,0,3.0898,1.5825,0,0,-1.0002,-0.02,0.99758,-0.01129,0.06864,0,-0.03345,0.78737,0.61557,0,-0.06099,-0.61638,0.78509,0,0.06386,-1.61288,-1.31972,1,-0.1543,0.633,-1.6172,true,true,0.0556,0.3344,-1.5775,0.013,-0.2051,-0.2985,-0.0597,0.013,true,-0.1543,0.633,-1.6172,1.7523,180.1,152.3,1.6332,81,255/0/255,true,,,,,,,,,,,true,1,0,0,0,1.5775,0,0,0,0.0639,-1.6129,-1.3197,WebglFramebuffer,7,0,1,true,0,
21472.8,1790994188735,21:23:08.734,placed,true,238,27.5,19.61198,NORMAL,UNSPECIFIED,0.0031,2.071,0.031,0.326,-0.0346,0.0096,-0.9447,64.5775,0.5122,0.0031,2.071,0.031,-0.326,0.0346,-0.0096,0.9447,64.5775,0.5122,0,0,-0.1543,0.633,-1.6172,0,0.9988,0,-0.0482,1,196.1,415.3,false,,,,338,0.0052,0,,,,,0.6334,,,,,,11.7255,100,0.0208,0,0.5122,0,0,0.01,99.9934,0,0,3.0898,1.5825,0,0,-1.0002,-0.02,0.99742,-0.00437,0.07167,0,-0.04077,0.7872,0.61535,0,-0.05911,-0.61669,0.78499,0,0.08315,-1.61112,-1.29898,1,-0.1543,0.633,-1.6172,true,true,0.0556,0.3344,-1.5775,0.013,-0.2051,-0.2985,-0.0597,0.013,true,-0.1543,0.633,-1.6172,1.7523,181.6,149,1.6132,,,true,,,,,,,,,,,true,1,0,0,0,1.5775,0,0,0,0.0831,-1.6111,-1.299,WebglFramebuffer,7,0,1,true,0,
21538.5,1790994188800,21:23:08.800,placed,true,239,41.1,19.785093,NORMAL,UNSPECIFIED,0.0032,2.0419,0.0043,0.3264,-0.0386,0.0095,-0.9444,64.5775,0.5122,0.0032,2.0419,0.0043,-0.3264,0.0386,-0.0095,0.9444,64.5775,0.5122,0,0,-0.1543,0.633,-1.6172,0,0.9988,0,-0.0482,1,199.7,413.5,false,,,,338,0.0054,0,,,,,0.6334,,,,,,12.0773,49.9,0.0395,0,0.5122,0,0,0.01,99.9934,0,0,3.0898,1.5825,0,0,-1.0002,-0.02,0.99684,-0.00732,0.07909,0,-0.04308,0.78674,0.61579,0,-0.06672,-0.61725,0.78394,0,0.08503,-1.60374,-1.26102,1,-0.1543,0.633,-1.6172,true,true,0.0556,0.3344,-1.5775,0.013,-0.2051,-0.2985,-0.0597,0.013,true,-0.1543,0.633,-1.6172,1.7523,185.4,140.1,1.574,,,true,,,,,,,,,,,true,1,0,0,0,1.5775,0,0,0,0.085,-1.6037,-1.261,WebglFramebuffer,7,0,1,true,0,
21619,1790994188881,21:23:08.880,placed,true,240,58.6,19.836946,NORMAL,UNSPECIFIED,-0.0087,1.9654,-0.0538,0.3264,-0.0392,0.0069,-0.9444,64.5775,0.5122,-0.0087,1.9654,-0.0538,-0.3264,0.0392,-0.0069,0.9444,64.5775,0.5122,0,0,-0.1543,0.633,-1.6172,0,0.9988,0,-0.0482,1,200.8,407.6,false,,,,335,0.0053,0,,,,,0.6334,,,,,,12.1118,66.6,0.0968,0,0.5122,0,0,0.01,99.9934,0,0,3.0898,1.5825,0,0,-1.0002,-0.02,0.99683,-0.01261,0.07854,0,-0.03858,0.7868,0.616,0,-0.06956,-0.61708,0.78382,0,0.08074,-1.57969,-1.16781,1,-0.1543,0.633,-1.6172,true,true,0.0556,0.3344,-1.5775,0.013,-0.2051,-0.2985,-0.0597,0.013,true,-0.1543,0.633,-1.6172,1.7523,187.7,114.6,1.4801,,,true,,,,,,,,,,,true,1,0,0,0,1.5775,0,0,0,0.0807,-1.5797,-1.1678,WebglFramebuffer,7,0,1,true,0.0968,
21717.3,1790994188979,21:23:08.978,placed,true,241,77.9,19.900599,NORMAL,UNSPECIFIED,-0.0122,1.9717,-0.0614,0.3296,-0.0376,0.0055,-0.9433,64.5775,0.5122,-0.0122,1.9717,-0.0614,-0.3296,0.0376,-0.0055,0.9433,64.5775,0.5122,0,1.6601,-0.1543,0.633,-1.6172,0,0.9988,0,-0.0482,1,199.4,406.3,false,,,,335,0.0052,0,,,,,0.6334,,,,,,11.9179,83.3,0.0105,0,0.5122,0,0,0.01,99.9934,0,0,3.0898,1.5825,0,0,-1.0002,-0.02,0.99711,-0.01438,0.07465,0,-0.03524,0.78261,0.62151,0,-0.06736,-0.62234,0.77984,0,0.07755,-1.58146,-1.17668,1,-0.1543,0.633,-1.6172,true,true,0.0556,0.3344,-1.5775,0.013,-0.2051,-0.2985,-0.0597,0.013,true,-0.1543,0.633,-1.6172,1.7523,187,113.1,1.4733,,,true,,,,,,,,,,,true,1,0,0,0,1.5775,0,0,0,0.0776,-1.5815,-1.1767,WebglFramebuffer,7,0,1,true,0,
21899,1790994189070,21:23:09.069,placed,true,242,68.6,19.979281,NORMAL,UNSPECIFIED,-0.009,1.9189,-0.0792,0.3268,-0.0357,0.0081,-0.9444,64.5775,0.5122,-0.009,1.9189,-0.0792,-0.3268,0.0357,-0.0081,0.9444,64.5775,0.5122,0,0,-0.1543,0.633,-1.6172,0,0.9988,0,-0.0482,1,196.5,401.5,false,,,,330,0.0047,0,,,,,0.6334,,,,,,11.8287,83.4,0.0558,0,0.5122,0,0,0.01,99.9934,0,0,3.0898,1.5825,0,0,-1.0002,-0.02,0.99731,-0.00807,0.0728,0,-0.03865,0.78629,0.61664,0,-0.06222,-0.6178,0.78387,0,0.07825,-1.55779,-1.12057,1,-0.1543,0.633,-1.6172,true,true,0.0556,0.3344,-1.5775,0.013,-0.2051,-0.2985,-0.0597,0.013,true,-0.1543,0.633,-1.6172,1.7523,181.2,96.2,1.4311,81,255/0/255,true,,,,,,,,,,,true,1,0,0,0,1.5775,0,0,0,0.0783,-1.5578,-1.1206,WebglFramebuffer,7,0,1,true,0,
21951.8,1790994189214,21:23:09.213,placed,true,243,26.5,20.078698,NORMAL,UNSPECIFIED,-0.002,1.8485,-0.1022,0.3241,-0.0312,0.0098,-0.9454,64.5775,0.5122,-0.002,1.8485,-0.1022,-0.3241,0.0312,-0.0098,0.9454,64.5775,0.5122,0,1.6884,-0.1543,0.633,-1.6172,0,0.9988,0,-0.0482,1,188.6,392.8,false,,,,321,0.0031,0,,,,,0.6334,,,,,,11.3407,100,0.0744,0,0.5122,0,0,0.01,99.9934,0,0,3.0898,1.5825,0,0,-1.0002,-0.02,0.99785,-0.00166,0.06546,0,-0.03886,0.78966,0.61231,0,-0.05271,-0.61354,0.7879,0,0.06847,-1.52244,-1.05119,1,-0.1543,0.633,-1.6172,true,true,0.0556,0.3344,-1.5775,0.013,-0.2051,-0.2985,-0.0597,0.013,true,-0.1543,0.633,-1.6172,1.7523,169.3,69.8,1.3739,,,true,,,,,,,,,,,true,1,0,0,0,1.5775,0,0,0,0.0685,-1.5224,-1.0512,WebglFramebuffer,7,0,1,true,0,
22013.6,1790994189275,21:23:09.275,placed,true,244,33.1,20.264874,NORMAL,UNSPECIFIED,0.0073,1.7689,-0.116,0.3206,-0.0305,0.0105,-0.9467,64.5775,0.5122,0.0073,1.7689,-0.116,-0.3206,0.0305,-0.0105,0.9467,64.5775,0.5122,0,0,-0.1543,0.633,-1.6172,0,0.9988,0,-0.0482,1,183.5,380.3,false,,,,318,0.0031,0,,,,,0.6334,,,,,,11.83,66.6,0.0813,0,0.5122,0,0,0.01,99.9934,0,0,3.0898,1.5825,0,0,-1.0002,-0.02,0.99792,0.00034,0.0644,0,-0.0394,0.79424,0.60633,0,-0.05094,-0.60761,0.7926,0,0.05652,-1.4754,-0.98111,1,-0.1543,0.633,-1.6172,true,true,0.0556,0.3344,-1.5775,0.013,-0.2051,-0.2985,-0.0597,0.013,true,-0.1543,0.633,-1.6172,1.7523,161,36.8,1.3206,,,true,,,,,,,,,,,true,1,0,0,0,1.5775,0,0,0,0.0565,-1.4754,-0.9811,WebglFramebuffer,7,0,1,true,0,
22121.3,1790994189383,21:23:09.382,placed,true,245,65.9,20.320095,NORMAL,UNSPECIFIED,0.0249,1.599,-0.1221,0.3094,-0.0298,0.0145,-0.9503,64.5775,0.5122,0.0249,1.599,-0.1221,-0.3094,0.0298,-0.0145,0.9503,64.5775,0.5122,0,1.6468,-0.1543,0.633,-1.6172,0,0.9988,0,-0.0482,1,174.9,350,false,,,,354,0.1532,21,2.7293,-0.0327,,,0.6334,,,,,,11.5747,50,0.1709,0,0.5122,0,0,0.01,99.9934,0,0,3.0898,1.5825,0,0,-1.0002,-0.02,0.9978,0.00922,0.06559,0,-0.04607,0.80808,0.58727,0,-0.04759,-0.589,0.80673,0,0.04304,-1.3643,-0.84216,1,-0.1543,0.633,-1.6172,true,true,0.0556,0.3344,-1.5775,0.013,-0.2051,-0.2985,-0.0597,0.013,true,-0.1543,0.633,-1.6172,1.7523,144.1,-37.2,1.2347,,,true,,,,,,,,,,,true,1,0,0,0,1.5775,0,0,0,0.043,-1.3643,-0.8422,WebglFramebuffer,6,0,1,true,0,
22188.5,1790994189450,21:23:09.450,placed,true,246,46,20.394947,NORMAL,UNSPECIFIED,0.0288,1.5571,-0.1358,0.3071,-0.0272,0.0169,-0.9511,64.5775,0.5122,0.0288,1.5571,-0.1358,-0.3071,0.0272,-0.0169,0.9511,64.5775,0.5122,0,1.384,-0.1543,0.633,-1.6172,0,0.9988,0,-0.0482,1,169.9,343.7,false,,,,352,0.2836,19,2.6841,-0.027,,,0.6334,,,,,,11.9075,100,0.0443,0,0.5122,0,0,0.01,99.9934,0,0,3.0898,1.5825,0,0,-1.0002,-0.02,0.99795,0.0155,0.06205,0,-0.04885,0.81083,0.58324,0,-0.04127,-0.58508,0.80993,0,0.04176,-1.34245,-0.79997,1,-0.1543,0.633,-1.6172,true,true,0.0556,0.3344,-1.5775,0.013,-0.2051,-0.2985,-0.0597,0.013,true,-0.1543,0.633,-1.6172,1.7523,134.8,-57.6,1.2034,,,true,,,,,,,,,,,true,1,0,0,0,1.5775,0,0,0,0.0418,-1.3424,-0.8,WebglFramebuffer,5,0,1,true,0,
22303.2,1790994189565,21:23:09.564,placed,true,247,89.7,20.482481,NORMAL,UNSPECIFIED,0.0385,1.5127,-0.1569,0.3069,-0.0273,0.0204,-0.9511,64.5775,0.5122,0.0385,1.5127,-0.1569,-0.3069,0.0273,-0.0204,0.9511,64.5775,0.5122,0,1.2525,-0.1543,0.633,-1.6172,0,0.9988,0,-0.0482,1,165.9,334.9,false,,,,349,0.2873,17,2.6244,-0.0206,,,0.6334,,,,,,11.5886,66.7,0.0501,0,0.5122,0,0,0.01,99.9934,0,0,3.0898,1.5825,0,0,-1.0002,-0.02,0.99768,0.02199,0.06442,0,-0.05549,0.81077,0.58273,0,-0.03942,-0.58495,0.81011,0,0.03939,-1.31909,-0.75687,1,-0.1543,0.633,-1.6172,true,true,0.0556,0.3344,-1.5775,0.013,-0.2051,-0.2985,-0.0597,0.013,true,-0.1543,0.633,-1.6172,1.7523,124.3,-85,1.1618,,,true,,,,,,,,,,,true,1,0,0,0,1.5775,0,0,0,0.0394,-1.3191,-0.7569,WebglFramebuffer,5,0,1,true,0,
22429.2,1790994189691,21:23:09.690,placed,true,248,94.9,20.553461,NORMAL,UNSPECIFIED,0.0319,1.4703,-0.1616,0.3036,-0.0243,0.0184,-0.9523,64.5775,0.5122,0.0319,1.4703,-0.1616,-0.3036,0.0243,-0.0184,0.9523,64.5775,0.5122,0,0.7721,-0.1543,0.633,-1.6172,0,0.9988,0,-0.0482,1,162.8,326.8,false,,,,349,0.282,15,2.5941,-0.0205,,,0.6334,,,,,,11.2221,100,0.0432,0,0.5122,0,0,0.01,99.9934,0,0,3.0898,1.5825,0,0,-1.0002,-0.02,0.99814,0.02032,0.05754,0,-0.04988,0.81501,0.5773,0,-0.03517,-0.57909,0.8145,0,0.03576,-1.29252,-0.71901,1,-0.1543,0.633,-1.6172,true,true,0.0556,0.3344,-1.5775,0.013,-0.2051,-0.2985,-0.0597,0.013,true,-0.1543,0.633,-1.6172,1.7523,121.9,-107.3,1.1385,,,true,,,,,,,,,,,true,1,0,0,0,1.5775,0,0,0,0.0358,-1.2925,-0.719,WebglFramebuffer,5,0,1,true,0,
22497.6,1790994189759,21:23:09.759,placed,true,249,44.3,20.674224,NORMAL,UNSPECIFIED,0.0328,1.4378,-0.1694,0.3023,-0.0244,0.0177,-0.9527,64.5775,0.5122,0.0328,1.4378,-0.1694,-0.3023,0.0244,-0.0177,0.9527,64.5775,0.5122,0,1.3439,-0.1543,0.633,-1.6172,0,0.9988,0,-0.0482,1,161.3,319.5,false,,,,348,0.2746,13,2.5692,-0.0205,,,0.6334,,,,,,11.5619,100,0.0334,0,0.5122,0,0,0.01,99.9934,0,0,3.0898,1.5825,0,0,-1.0002,-0.02,0.99818,0.01896,0.05729,0,-0.04853,0.81657,0.5752,0,-0.03588,-0.57693,0.816,0,0.03091,-1.27246,-0.69067,1,-0.1543,0.633,-1.6172,true,true,0.0556,0.3344,-1.5775,0.013,-0.2051,-0.2985,-0.0597,0.013,true,-0.1543,0.633,-1.6172,1.7523,119.6,-127.8,1.1158,,,true,,,,,,,,,,,true,1,0,0,0,1.5775,0,0,0,0.0309,-1.2725,-0.6907,WebglFramebuffer,5,0,1,true,0,
22581.5,1790994189843,21:23:09.843,placed,true,250,57.2,20.793455,NORMAL,UNSPECIFIED,0.0373,1.3654,-0.1907,0.2981,-0.0238,0.0161,-0.9541,64.5775,0.5122,0.0373,1.3654,-0.1907,-0.2981,0.0238,-0.0161,0.9541,64.5775,0.5122,0,0.3213,-0.1543,0.633,-1.6172,0,0.9988,0,-0.0482,1,155.7,304.7,false,,,,340,0.2805,10,2.529,-0.0205,,,0.6334,,,,,,11.5976,66.7,0.0756,0,0.5122,0,0,0.01,99.9934,0,0,3.0898,1.5825,0,0,-1.0002,-0.02,0.99835,0.01651,0.05505,0,-0.04491,0.82174,0.56809,0,-0.03586,-0.56963,0.82112,0,0.01728,-1.23128,-0.62114,1,-0.1543,0.633,-1.6172,true,true,0.0556,0.3344,-1.5775,0.013,-0.2051,-0.2985,-0.0597,0.013,true,-0.1543,0.633,-1.6172,1.7523,111.4,-173.5,1.0654,,,true,,,,,,,,,,,true,1,0,0,0,1.5775,0,0,0,0.0173,-1.2313,-0.6211,WebglFramebuffer,5,0,1,true,0,
22729.5,1790994189991,21:23:09.991,placed,true,251,126.1,20.864062,NORMAL,UNSPECIFIED,0.0419,1.3214,-0.1898,0.2913,-0.0231,0.0142,-0.9563,64.5775,0.5122,0.0419,1.3214,-0.1898,-0.2913,0.0231,-0.0142,0.9563,64.5775,0.5122,0,0,-0.1543,0.633,-1.6172,0,0.9988,0,-0.0482,1,151.4,298,false,,,,337,0.2805,10,2.5057,-0.0205,,,0.6334,,,,,,11.114,83.3,0.0443,0,0.5122,0,0,0.01,99.9934,0,0,3.0898,1.5825,0,0,-1.0002,-0.02,0.99853,0.01379,0.05238,0,-0.04065,0.82993,0.55639,0,-0.0358,-0.5577,0.82927,0,0.0051,-1.20306,-0.57999,1,-0.1543,0.633,-1.6172,true,true,0.0556,0.3344,-1.5775,0.013,-0.2051,-0.2985,-0.0597,0.013,true,-0.1543,0.633,-1.6172,1.7523,107.3,-191.6,1.0554,,,true,,,,,,,,,,,true,1,0,0,0,1.5775,0,0,0,0.0051,-1.2031,-0.58,WebglFramebuffer,5,0,1,true,0,
22884.7,1790994190146,21:23:10.146,placed,true,252,127.3,20.94332,NORMAL,UNSPECIFIED,0.0202,1.2568,-0.1855,0.2819,-0.022,0.0055,-0.9592,64.5775,0.5122,0.0202,1.2568,-0.1855,-0.2819,0.022,-0.0055,0.9592,64.5775,0.5122,0,0,-0.1543,0.633,-1.6172,0,0.9988,0,-0.0482,1,155.6,285.3,false,,,,335,0.2773,10,2.4744,-0.0205,,,0.6334,,,,,,10.6469,100,0.0682,0,0.5122,0,0,0.01,99.9934,0,0,3.0898,1.5825,0,0,-1.0002,-0.02,0.99897,-0.00179,0.04534,0,-0.02303,0.84097,0.54058,0,-0.0391,-0.54107,0.84007,0,0.00147,-1.15727,-0.52454,1,-0.1543,0.633,-1.6172,true,true,0.0556,0.3344,-1.5775,0.013,-0.2051,-0.2985,-0.0597,0.013,true,-0.1543,0.633,-1.6172,1.7523,123.2,-222,1.0411,,,true,,,,,,,,,,,true,1,0,0,0,1.5775,0,0,0,0.0015,-1.1573,-0.5245,WebglFramebuffer,5,0,1,true,0,
22980.1,1790994190242,21:23:10.241,placed,true,253,60.7,21.096869,NORMAL,UNSPECIFIED,0.0106,1.2375,-0.1733,0.28,-0.0206,0.0056,-0.9598,64.5775,0.5122,0.0106,1.2375,-0.1733,-0.28,0.0206,-0.0056,0.9598,64.5775,0.5122,0,0,-0.1543,0.633,-1.6172,0,0.9988,0,-0.0482,1,157.6,278.9,false,,,,203,0.5822,12,2.4989,-0.0228,,,0.6334,,,,,,10.6304,100,0.0248,0,0.5122,0,0,0.01,99.9934,0,0,3.0898,1.5825,0,0,-1.0002,-0.02,0.99909,-0.00072,0.0426,0,-0.0223,0.84313,0.53724,0,-0.03631,-0.5377,0.84235,0,0.01066,-1.13654,-0.51925,1,-0.1543,0.633,-1.6172,true,true,0.0556,0.3344,-1.5775,0.013,-0.2051,-0.2985,-0.0597,0.013,true,-0.1543,0.633,-1.6172,1.7523,126.8,-230.9,1.0444,,,true,,,,,,,,,,,true,1,0,0,0,1.5775,0,0,0,0.0107,-1.1365,-0.5193,WebglFramebuffer,5,0,1,true,0,
23083,1790994190345,21:23:10.344,placed,true,254,75.6,21.258482,NORMAL,UNSPECIFIED,-0.0008,1.1746,-0.1713,0.2755,-0.0199,0.0084,-0.9611,64.5775,0.5122,-0.0008,1.1746,-0.1713,-0.2755,0.0199,-0.0084,0.9611,64.5775,0.5122,0,0,-0.1543,0.633,-1.6172,0,0.9988,0,-0.0482,1,160.4,261.2,false,,,,203,0.6182,9,2.3831,-0.0205,,,0.6334,,,,,,10.5392,83.3,0.064,0,0.5122,0,0,0.01,99.9934,0,0,3.0898,1.5825,0,0,-1.0002,-0.02,0.99907,0.00518,0.04287,0,-0.0271,0.84808,0.52917,0,-0.03361,-0.52984,0.84743,0,0.02687,-1.0869,-0.47631,1,-0.1543,0.633,-1.6172,true,true,0.0556,0.3344,-1.5775,0.013,-0.2051,-0.2985,-0.0597,0.013,true,-0.1543,0.633,-1.6172,1.7523,127.8,-270.1,1.0224,,,true,,,,,,,,,,,true,1,0,0,0,1.5775,0,0,0,0.0269,-1.0869,-0.4763,WebglFramebuffer,5,0,1,true,0,
23231.1,1790994190493,21:23:10.492,placed,true,255,130.7,21.347082,NORMAL,UNSPECIFIED,0.0015,1.1081,-0.1769,0.2757,-0.0183,0.0116,-0.961,64.5775,0.5122,0.0015,1.1081,-0.1769,-0.2757,0.0183,-0.0116,0.961,64.5775,0.5122,0,0,-0.1543,0.633,-1.6172,0,0.9988,0,-0.0482,1,155.9,236,false,,,,202,0.6094,3,2.2129,-0.0059,,,0.6334,,,,,,10.1605,100,0.0668,0,0.5122,0,0,0.01,99.9934,0,0,3.0898,1.5825,0,0,-1.0002,-0.02,0.99906,0.01229,0.04164,0,-0.03249,0.84771,0.52947,0,-0.0288,-0.53032,0.84731,0,0.0294,-1.03319,-0.43684,1,-0.1543,0.633,-1.6172,true,true,0.0556,0.3344,-1.5775,0.013,-0.2051,-0.2985,-0.0597,0.013,true,-0.1543,0.633,-1.6172,1.7523,116.6,-329.5,0.982,,,true,,,,,,,,,,,true,1,0,0,0,1.5775,0,0,0,0.0294,-1.0332,-0.4368,WebglFramebuffer,5,0,1,true,0,
23334.8,1790994190596,21:23:10.596,placed,true,256,77.4,21.440304,NORMAL,UNSPECIFIED,0.003,1.072,-0.1747,0.2747,-0.0205,0.0113,-0.9612,64.5775,0.5122,0.003,1.072,-0.1747,-0.2747,0.0205,-0.0113,0.9612,64.5775,0.5122,0,1.5075,-0.1543,0.633,-1.6172,0,0.9988,0,-0.0482,1,157.1,222.4,false,,,,400,0.3077,2,2.3067,-0.0059,,,0.6334,,,,,,10.1088,100,0.0362,0,0.5122,0,0,0.01,99.9934,0,0,3.0898,1.5825,0,0,-1.0002,-0.02,0.9989,0.01055,0.04562,0,-0.03307,0.8488,0.52767,0,-0.03316,-0.5286,0.84822,0,0.02665,-1.00228,-0.41761,1,-0.1543,0.633,-1.6172,true,true,0.0556,0.3344,-1.5775,0.013,-0.2051,-0.2985,-0.0597,0.013,true,-0.1543,0.633,-1.6172,1.7523,117.5,-359,0.9677,,,true,,,,,,,,,,,true,1,0,0,0,1.5775,0,0,0,0.0266,-1.0023,-0.4176,WebglFramebuffer,5,0,1,true,0,
23417.2,1790994190679,21:23:10.678,placed,true,257,52.8,21.597564,NORMAL,UNSPECIFIED,-0.0064,1.0666,-0.1701,0.2768,-0.0191,0.0061,-0.9607,64.5775,0.5122,-0.0064,1.0666,-0.1701,-0.2768,0.0191,-0.0061,0.9607,64.5775,0.5122,0,0.9622,-0.1543,0.633,-1.6172,0,0.9988,0,-0.0482,1,159.1,216.1,false,,,,399,0.3006,2,2.0301,0.017,,,0.6334,,,,,,10.3115,99.9,0.0118,0,0.5122,0,0,0.01,99.9934,0,0,3.0898,1.5825,0,0,-1.0002,-0.02,0.99919,0.00107,0.04013,0,-0.02226,0.84664,0.53171,0,-0.03341,-0.53217,0.84598,0,0.02451,-0.99351,-0.42298,1,-0.1543,0.633,-1.6172,true,true,0.0556,0.3344,-1.5775,0.013,-0.2051,-0.2985,-0.0597,0.013,true,-0.1543,0.633,-1.6172,1.7523,126.7,-371.1,0.9623,,,true,,,,,,,,,,,true,1,0,0,0,1.5775,0,0,0,0.0245,-0.9935,-0.423,WebglFramebuffer,5,0,1,true,0,
23557.3,1790994190819,21:23:10.819,placed,true,258,102,21.703605,NORMAL,UNSPECIFIED,-0.0163,0.9996,-0.1669,0.2739,-0.0187,0.0017,-0.9616,64.5775,0.5122,-0.0163,0.9996,-0.1669,-0.2739,0.0187,-0.0017,0.9616,64.5775,0.5122,0,0,-0.1543,0.633,-1.6172,0,0.9988,0,-0.0482,1,161.5,191,false,,,,390,0.3631,2,2.0257,-0.025,,,0.6334,,,,,,9.9936,83.4,0.0678,0,0.5122,0,0,0.01,99.9934,0,0,3.0898,1.5825,0,0,-1.0002,-0.02,0.9993,-0.00697,0.03687,0,-0.01351,0.84993,0.52672,0,-0.03501,-0.52685,0.84924,0,0.02396,-0.93761,-0.38416,1,-0.1543,0.633,-1.6172,true,true,0.0556,0.3344,-1.5775,0.013,-0.2051,-0.2985,-0.0597,0.013,true,-0.1543,0.633,-1.6172,1.7523,134.9,-427.1,0.9361,,,true,,,,,,,,,,,true,1,0,0,0,1.5775,0,0,0,0.024,-0.9376,-0.3842,WebglFramebuffer,5,0,1,true,0,
23636.5,1790994190898,21:23:10.898,placed,true,259,54.1,21.795202,NORMAL,UNSPECIFIED,-0.0119,0.9897,-0.1573,0.2776,-0.0195,0.0032,-0.9605,64.5775,0.5122,-0.0119,0.9897,-0.1573,-0.2776,0.0195,-0.0032,0.9605,64.5775,0.5122,0,0,-0.1543,0.633,-1.6172,0,0.9988,0,-0.0482,1,160.6,180.6,false,,,,386,0.3913,2,2.0289,0.0047,,,0.6334,,,,,,10.2585,100,0.0145,0,0.5122,0,0,0.01,99.9934,0,0,3.0898,1.5825,0,0,-1.0002,-0.02,0.99922,-0.00469,0.03917,0,-0.01693,0.84581,0.53322,0,-0.03563,-0.53347,0.84507,0,0.02306,-0.92105,-0.3943,1,-0.1543,0.633,-1.6172,true,true,0.0556,0.3344,-1.5775,0.013,-0.2051,-0.2985,-0.0597,0.013,true,-0.1543,0.633,-1.6172,1.7523,131.1,-446,0.9296,,,true,,,,,,,,,,,true,1,0,0,0,1.5775,0,0,0,0.0231,-0.921,-0.3943,WebglFramebuffer,5,0,1,true,0,
23731.6,1790994190993,21:23:10.993,placed,true,260,71.2,21.922287,NORMAL,UNSPECIFIED,-0.006,0.9741,-0.165,0.2805,-0.021,0.0049,-0.9596,64.5775,0.5122,-0.006,0.9741,-0.165,-0.2805,0.021,-0.0049,0.9596,64.5775,0.5122,0,0.7701,-0.1543,0.633,-1.6172,0,0.9988,0,-0.0482,1,159.3,170.7,false,,,,386,0.3995,2,1.8084,0.016,,,0.6334,,,,,,10.2842,83.4,0.0183,0,0.5122,0,0,0.01,99.9934,0,0,3.0898,1.5825,0,0,-1.0002,-0.02,0.99907,-0.00237,0.04304,0,-0.02118,0.84254,0.53822,0,-0.03754,-0.53863,0.84171,0,0.02042,-0.90963,-0.38516,1,-0.1543,0.633,-1.6172,true,true,0.0556,0.3344,-1.5775,0.013,-0.2051,-0.2985,-0.0597,0.013,true,-0.1543,0.633,-1.6172,1.7523,125.4,-475.5,0.9078,,,true,,,,,,,,,,,true,1,0,0,0,1.5775,0,0,0,0.0204,-0.9096,-0.3852,WebglFramebuffer,4,0,1,true,0,
23874.7,1790994191136,21:23:11.136,placed,true,261,117.3,22.000321,NORMAL,UNSPECIFIED,-0.0061,0.9712,-0.1545,0.2825,-0.0204,0.0076,-0.959,64.5775,0.5122,-0.0061,0.9712,-0.1545,-0.2825,0.0204,-0.0076,0.959,64.5775,0.5122,0,1.0098,-0.1543,0.633,-1.6172,0,0.9988,0,-0.0482,1,158.6,165.8,false,,,,385,0.4037,4,1.6614,0.016,,,0.6334,,,,,,9.9546,83.2,0.0109,0,0.5122,0,0,0.01,99.9934,0,0,3.0898,1.5825,0,0,-1.0002,-0.02,0.99905,0.00301,0.04338,0,-0.02605,0.84025,0.54157,0,-0.03482,-0.54219,0.83954,0,0.02596,-0.89984,-0.39599,1,-0.1543,0.633,-1.6172,true,true,0.0556,0.3344,-1.5775,0.013,-0.2051,-0.2985,-0.0597,0.013,true,-0.1543,0.633,-1.6172,1.7523,121.2,-481,0.9099,,,true,,,,,,,,,,,true,1,0,0,0,1.5775,0,0,0,0.026,-0.8998,-0.396,WebglFramebuffer,5,0,1,true,0,
23947.9,1790994191209,21:23:11.209,placed,true,262,33.4,22.096797,NORMAL,UNSPECIFIED,-0.0048,0.9639,-0.1552,0.2796,-0.0198,0.0073,-0.9599,64.5775,0.5122,-0.0048,0.9639,-0.1552,-0.2796,0.0198,-0.0073,0.9599,64.5775,0.5122,0,0,-0.1543,0.633,-1.6172,0,0.9988,0,-0.0482,1,157.2,166.8,false,,,,385,0.4035,3,1.6565,0.0047,,,0.6334,,,,,,10.3271,100,0.0075,0,0.5122,0,0,0.01,99.9934,0,0,3.0898,1.5825,0,0,-1.0002,-0.02,0.99911,0.00285,0.04216,0,-0.02504,0.84356,0.53645,0,-0.03403,-0.53703,0.84288,0,0.02363,-0.8964,-0.38604,1,-0.1543,0.633,-1.6172,true,true,0.0556,0.3344,-1.5775,0.013,-0.2051,-0.2985,-0.0597,0.013,true,-0.1543,0.633,-1.6172,1.7523,120.1,-478,0.9132,,,true,,,,,,,,,,,true,1,0,0,0,1.5775,0,0,0,0.0236,-0.8964,-0.386,WebglFramebuffer,5,0,1,true,0,
24062.2,1790994191324,21:23:11.323,placed,true,263,89.9,22.255519,NORMAL,UNSPECIFIED,-0.006,0.9661,-0.159,0.2789,-0.0182,0.0074,-0.9601,64.5775,0.5122,-0.006,0.9661,-0.159,-0.2789,0.0182,-0.0074,0.9601,64.5775,0.5122,0,0.9828,-0.1543,0.633,-1.6172,0,0.9988,0,-0.0482,1,155.6,169.2,false,,,,386,0.4066,3,1.6548,0.0047,,,0.6334,,,,,,10.1677,66.7,0.0046,0,0.5122,0,0,0.01,99.9934,0,0,3.0898,1.5825,0,0,-1.0002,-0.02,0.99922,0.00408,0.03916,0,-0.02443,0.84437,0.53521,0,-0.03088,-0.53575,0.84381,0,0.02468,-0.90091,-0.38268,1,-0.1543,0.633,-1.6172,true,true,0.0556,0.3344,-1.5775,0.013,-0.2051,-0.2985,-0.0597,0.013,true,-0.1543,0.633,-1.6172,1.7523,118,-474.7,0.9128,,,true,,,,,,,,,,,true,1,0,0,0,1.5775,0,0,0,0.0247,-0.9009,-0.3827,WebglFramebuffer,5,0,1,true,0,
24165.5,1790994191427,21:23:11.427,placed,true,264,75.2,22.312549,NORMAL,UNSPECIFIED,0.0024,0.9646,-0.1529,0.2765,-0.0192,0.0077,-0.9608,64.5775,0.5122,0.0024,0.9646,-0.1529,-0.2765,0.0192,-0.0077,0.9608,64.5775,0.5122,0,0,-0.1543,0.633,-1.6172,0,0.9988,0,-0.0482,1,153.5,171.4,false,,,,386,0.4063,3,1.6589,0.0047,,,0.6334,,,,,,10.119,100,0.0105,0,0.5122,0,0,0.01,99.9934,0,0,3.0898,1.5825,0,0,-1.0002,-0.02,0.99914,0.00417,0.04115,0,-0.0254,0.84697,0.53103,0,-0.03264,-0.53162,0.84635,0,0.01707,-0.89824,-0.38293,1,-0.1543,0.633,-1.6172,true,true,0.0556,0.3344,-1.5775,0.013,-0.2051,-0.2985,-0.0597,0.013,true,-0.1543,0.633,-1.6172,1.7523,114.8,-464.3,0.9241,,,true,,,,,,,,,,,true,1,0,0,0,1.5775,0,0,0,0.0171,-0.8982,-0.3829,WebglFramebuffer,5,0,1,true,0,
24254.2,1790994191516,21:23:11.515,placed,true,265,67.6,22.430262,NORMAL,UNSPECIFIED,0.0024,0.9595,-0.1637,0.2778,-0.0195,0.0083,-0.9604,64.5775,0.5122,0.0024,0.9595,-0.1637,-0.2778,0.0195,-0.0083,0.9604,64.5775,0.5122,0,0.5089,-0.1543,0.633,-1.6172,0,0.9988,0,-0.0482,1,153.2,168.4,false,,,,386,0.4076,3,1.6471,0.0047,,,0.6334,,,,,,10.2383,100,0.0119,0,0.5122,0,0,0.01,99.9934,0,0,3.0898,1.5825,0,0,-1.0002,-0.02,0.9991,0.0052,0.04204,0,-0.02684,0.84546,0.53336,0,-0.03277,-0.53401,0.84484,0,0.01797,-0.89862,-0.37358,1,-0.1543,0.633,-1.6172,true,true,0.0556,0.3344,-1.5775,0.013,-0.2051,-0.2985,-0.0597,0.013,true,-0.1543,0.633,-1.6172,1.7523,112.7,-479.3,0.9087,,,true,,,,,,,,,,,true,1,0,0,0,1.5775,0,0,0,0.018,-0.8986,-0.3736,WebglFramebuffer,5,0,1,true,0,
24364.1,1790994191626,21:23:11.625,placed,true,266,83.7,22.526498,NORMAL,UNSPECIFIED,0.0083,0.9695,-0.1544,0.2792,-0.0205,0.0101,-0.96,64.5775,0.5122,0.0083,0.9695,-0.1544,-0.2792,0.0205,-0.0101,0.96,64.5775,0.5122,0,0,-0.1543,0.633,-1.6172,0,0.9988,0,-0.0482,1,152.6,170.2,false,,,,386,0.406,3,1.6605,0.0047,,,0.6334,,,,,,10.1228,99.8,0.0149,0,0.5122,0,0,0.01,99.9934,0,0,3.0898,1.5825,0,0,-1.0002,-0.02,0.99895,0.00791,0.04503,0,-0.03082,0.84392,0.53558,0,-0.03376,-0.5364,0.84329,0,0.01642,-0.90112,-0.38941,1,-0.1543,0.633,-1.6172,true,true,0.0556,0.3344,-1.5775,0.013,-0.2051,-0.2985,-0.0597,0.013,true,-0.1543,0.633,-1.6172,1.7523,109.6,-468.6,0.919,,,true,,,,,,,,,,,true,1,0,0,0,1.5775,0,0,0,0.0164,-0.9011,-0.3894,WebglFramebuffer,5,0,1,true,0,
24505.6,1790994191767,21:23:11.767,placed,true,267,115.1,22.620484,NORMAL,UNSPECIFIED,0.015,0.9722,-0.1527,0.2775,-0.0228,0.011,-0.9604,64.5775,0.5122,0.015,0.9722,-0.1527,-0.2775,0.0228,-0.011,0.9604,64.5775,0.5122,0,0,-0.1543,0.633,-1.6172,0,0.9988,0,-0.0482,1,152.8,173.7,false,,,,386,0.4062,1,1.8197,0.0047,,,0.6334,,,,,,9.8177,100,0.0074,0,0.5122,0,0,0.01,99.9934,0,0,3.0898,1.5825,0,0,-1.0002,-0.02,0.99872,0.00848,0.04992,0,-0.0338,0.84574,0.53252,0,-0.03771,-0.53352,0.84494,0,0.01215,-0.90386,-0.38943,1,-0.1543,0.633,-1.6172,true,true,0.0556,0.3344,-1.5775,0.013,-0.2051,-0.2985,-0.0597,0.013,true,-0.1543,0.633,-1.6172,1.7523,108.7,-458,0.9273,,,true,,,,,,,,,,,true,1,0,0,0,1.5775,0,0,0,0.0122,-0.9039,-0.3894,WebglFramebuffer,5,0,1,true,0,
24581.1,1790994191842,21:23:11.842,placed,true,268,47.4,22.729819,NORMAL,UNSPECIFIED,0.0113,0.9658,-0.1648,0.2767,-0.0221,0.0113,-0.9606,64.5775,0.5122,0.0113,0.9658,-0.1648,-0.2767,0.0221,-0.0113,0.9606,64.5775,0.5122,0,1.3427,-0.1543,0.633,-1.6172,0,0.9988,0,-0.0482,1,152.8,173.3,false,,,,386,0.4069,1,1.8058,0.0047,,,0.6334,,,,,,10.164,100,0.0141,0,0.5122,0,0,0.01,99.9934,0,0,3.0898,1.5825,0,0,-1.0002,-0.02,0.99876,0.00955,0.0488,0,-0.03404,0.84663,0.5311,0,-0.03624,-0.5321,0.8459,0,0.01557,-0.90548,-0.37413,1,-0.1543,0.633,-1.6172,true,true,0.0556,0.3344,-1.5775,0.013,-0.2051,-0.2985,-0.0597,0.013,true,-0.1543,0.633,-1.6172,1.7523,108,-467,0.9156,,,true,,,,,,,,,,,true,1,0,0,0,1.5775,0,0,0,0.0156,-0.9055,-0.3741,WebglFramebuffer,5,0,1,true,0,
24677,1790994191939,21:23:11.938,placed,true,269,63.6,22.872844,NORMAL,UNSPECIFIED,0.0137,0.9637,-0.1607,0.2753,-0.0237,0.0122,-0.961,64.5775,0.5122,0.0137,0.9637,-0.1607,-0.2753,0.0237,-0.0122,0.961,64.5775,0.5122,0,0,-0.1543,0.633,-1.6172,0,0.9988,0,-0.0482,1,154,174,false,,,,386,0.4078,1,1.8084,0.0047,,,0.6334,,,,,,10.1871,66.7,0.0052,0,0.5122,0,0,0.01,99.9934,0,0,3.0898,1.5825,0,0,-1.0002,-0.02,0.99857,0.01046,0.05235,0,-0.03659,0.84813,0.52852,0,-0.03887,-0.52968,0.84731,0,0.01532,-0.90256,-0.37388,1,-0.1543,0.633,-1.6172,true,true,0.0556,0.3344,-1.5775,0.013,-0.2051,-0.2985,-0.0597,0.013,true,-0.1543,0.633,-1.6172,1.7523,108.6,-461.7,0.9222,,,true,,,,,,,,,,,true,1,0,0,0,1.5775,0,0,0,0.0153,-0.9026,-0.3739,WebglFramebuffer,5,0,1,true,0,
24747.7,1790994192009,21:23:12.009,placed,true,270,45.3,22.953287,NORMAL,UNSPECIFIED,0.0164,0.9722,-0.1608,0.2765,-0.0254,0.0137,-0.9606,64.5775,0.5122,0.0164,0.9722,-0.1608,-0.2765,0.0254,-0.0137,0.9606,64.5775,0.5122,0,0,-0.1543,0.633,-1.6172,0,0.9988,0,-0.0482,1,155.1,176.2,false,,,,387,0.4081,1,1.8131,0.0047,,,0.6334,,,,,,10.5828,99.9,0.0089,0,0.5122,0,0,0.01,99.9934,0,0,3.0898,1.5825,0,0,-1.0002,-0.02,0.99834,0.01217,0.05638,0,-0.04028,0.8467,0.53054,0,-0.04127,-0.53193,0.84578,0,0.01617,-0.90888,-0.38071,1,-0.1543,0.633,-1.6172,true,true,0.0556,0.3344,-1.5775,0.013,-0.2051,-0.2985,-0.0597,0.013,true,-0.1543,0.633,-1.6172,1.7523,108.2,-456.6,0.924,,,true,,,,,,,,,,,true,1,0,0,0,1.5775,0,0,0,0.0162,-0.9089,-0.3807,WebglFramebuffer,5,0,1,true,0,
24846.8,1790994192108,21:23:12.108,placed,true,271,75.4,23.042232,NORMAL,UNSPECIFIED,0.017,0.9711,-0.1599,0.2771,-0.0255,0.0147,-0.9604,64.5775,0.5122,0.017,0.9711,-0.1599,-0.2771,0.0255,-0.0147,0.9604,64.5775,0.5122,0,0,-0.1543,0.633,-1.6172,0,0.9988,0,-0.0482,1,154.9,175,false,,,,387,0.409,1,1.8133,0.0047,,,0.6334,,,,,,10.5336,66.7,0.0016,0,0.5122,0,0,0.01,99.9934,0,0,3.0898,1.5825,0,0,-1.0002,-0.02,0.99827,0.01401,0.05718,0,-0.04231,0.84603,0.53145,0,-0.04093,-0.53295,0.84516,0,0.01757,-0.90699,-0.38194,1,-0.1543,0.633,-1.6172,true,true,0.0556,0.3344,-1.5775,0.013,-0.2051,-0.2985,-0.0597,0.013,true,-0.1543,0.633,-1.6172,1.7523,106.5,-459.1,0.9229,,,true,,,,,,,,,,,true,1,0,0,0,1.5775,0,0,0,0.0176,-0.907,-0.3819,WebglFramebuffer,5,0,1,true,0,
24917.7,1790994192179,21:23:12.179,placed,true,272,46.3,23.111088,NORMAL,UNSPECIFIED,0.0145,0.9619,-0.1687,0.2751,-0.0254,0.0141,-0.961,64.5775,0.5122,0.0145,0.9619,-0.1687,-0.2751,0.0254,-0.0141,0.961,64.5775,0.5122,0,0,-0.1543,0.633,-1.6172,0,0.9988,0,-0.0482,1,155.2,174.6,false,,,,386,0.4108,1,1.8007,0.0047,,,0.6334,,,,,,10.8907,99.9,0.013,0,0.5122,0,0,0.01,99.9934,0,0,3.0898,1.5825,0,0,-1.0002,-0.02,0.99832,0.01312,0.0565,0,-0.04103,0.84828,0.52795,0,-0.04101,-0.52938,0.84739,0,0.01802,-0.90544,-0.36568,1,-0.1543,0.633,-1.6172,true,true,0.0556,0.3344,-1.5775,0.013,-0.2051,-0.2985,-0.0597,0.013,true,-0.1543,0.633,-1.6172,1.7523,107.5,-465.4,0.9157,,,true,,,,,,,,,,,true,1,0,0,0,1.5775,0,0,0,0.018,-0.9054,-0.3657,WebglFramebuffer,5,0,1,true,0,
25045.6,1790994192307,21:23:12.307,placed,true,273,105.2,23.211136,NORMAL,UNSPECIFIED,0.0118,0.9725,-0.1706,0.2763,-0.0257,0.0129,-0.9606,64.5775,0.5122,0.0118,0.9725,-0.1706,-0.2763,0.0257,-0.0129,0.9606,64.5775,0.5122,0,1.4409,-0.1543,0.633,-1.6172,0,0.9988,0,-0.0482,1,157.1,177.5,false,,,,386,0.4111,1,1.8046,0.0047,,,0.6334,,,,,,10.5835,66.7,0.0112,0,0.5122,0,0,0.01,99.9934,0,0,3.0898,1.5825,0,0,-1.0002,-0.02,0.99835,0.01067,0.0565,0,-0.03906,0.84693,0.53026,0,-0.04219,-0.53159,0.84595,0,0.01905,-0.91448,-0.37205,1,-0.1543,0.633,-1.6172,true,true,0.0556,0.3344,-1.5775,0.013,-0.2051,-0.2985,-0.0597,0.013,true,-0.1543,0.633,-1.6172,1.7523,111.5,-460.2,0.9161,,,true,,,,,,,,,,,true,1,0,0,0,1.5775,0,0,0,0.0191,-0.9145,-0.372,WebglFramebuffer,5,0,1,true,0,
25112.8,1790994192375,21:23:12.374,placed,true,274,35.5,23.280284,NORMAL,UNSPECIFIED,0.0188,0.9774,-0.1749,0.2739,-0.0288,0.0203,-0.9611,64.5775,0.5122,0.0188,0.9774,-0.1749,-0.2739,0.0288,-0.0203,0.9611,64.5775,0.5122,0,0.7947,-0.1543,0.633,-1.6172,0,0.9988,0,-0.0482,1,157.9,184.3,false,,,,389,0.4145,1,1.8043,0.0047,,,0.6334,,,,,,11.011,100,0.0096,0,0.5122,0,0,0.01,99.9934,0,0,3.0898,1.5825,0,0,-1.0002,-0.02,0.99751,0.02322,0.06655,0,-0.05482,0.84908,0.52541,0,-0.04431,-0.52775,0.84824,0,0.02705,-0.92259,-0.36641,1,-0.1543,0.633,-1.6172,true,true,0.0556,0.3344,-1.5775,0.013,-0.2051,-0.2985,-0.0597,0.013,true,-0.1543,0.633,-1.6172,1.7523,103.5,-445.1,0.9233,,,true,,,,,,,,,,,true,1,0,0,0,1.5775,0,0,0,0.0271,-0.9226,-0.3664,WebglFramebuffer,4,0,1,true,0,
25260.9,1790994192523,21:23:12.522,placed,true,275,115.5,23.416824,NORMAL,UNSPECIFIED,0.0165,1.0086,-0.1778,0.2737,-0.0293,0.0199,-0.9612,64.5775,0.5122,0.0165,1.0086,-0.1778,-0.2737,0.0293,-0.0199,0.9612,64.5775,0.5122,0,0,-0.1543,0.633,-1.6172,0,0.9988,0,-0.0482,1,160.5,198.4,false,,,,388,0.4166,1,1.8186,0.0047,,,0.6334,,,,,,10.5856,66.6,0.0314,0,0.5122,0,0,0.01,99.9934,0,0,3.0898,1.5825,0,0,-1.0002,-0.02,0.99749,0.02227,0.06726,0,-0.05436,0.84938,0.52497,0,-0.04544,-0.52731,0.84846,0,0.03027,-0.95079,-0.37969,1,-0.1543,0.633,-1.6172,true,true,0.0556,0.3344,-1.5775,0.013,-0.2051,-0.2985,-0.0597,0.013,true,-0.1543,0.633,-1.6172,1.7523,108.7,-414.1,0.9378,,,true,,,,,,,,,,,true,1,0,0,0,1.5775,0,0,0,0.0303,-0.9508,-0.3797,WebglFramebuffer,4,0,1,true,0.0314,
25342.3,1790994192604,21:23:12.603,placed,true,276,57.9,23.484746,NORMAL,UNSPECIFIED,0.0245,1.0715,-0.1831,0.273,-0.0308,0.0163,-0.9614,64.5775,0.5122,0.0245,1.0715,-0.1831,-0.273,0.0308,-0.0163,0.9614,64.5775,0.5122,0,0,-0.1543,0.633,-1.6172,0,0.9988,0,-0.0482,1,161,226,false,,,,392,0.4187,2,2.3359,-0.0244,,,0.6334,,,,,,10.7555,100,0.0637,0,0.5122,0,0,0.01,99.9934,0,0,3.0898,1.5825,0,0,-1.0002,-0.02,0.99757,0.01444,0.06809,0,-0.04807,0.85037,0.52399,0,-0.05034,-0.52599,0.849,0,0.01783,-1.00786,-0.40767,1,-0.1543,0.633,-1.6172,true,true,0.0556,0.3344,-1.5775,0.013,-0.2051,-0.2985,-0.0597,0.013,true,-0.1543,0.633,-1.6172,1.7523,114.8,-353.6,0.9683,,,true,,,,,,,,,,,true,1,0,0,0,1.5775,0,0,0,0.0178,-1.0079,-0.4077,WebglFramebuffer,5,0,1,true,0,
25466.9,1790994192728,21:23:12.728,placed,true,277,100.3,23.624727,NORMAL,UNSPECIFIED,0.0258,1.1319,-0.1775,0.2737,-0.0317,0.0145,-0.9612,64.5775,0.5122,0.0258,1.1319,-0.1775,-0.2737,0.0317,-0.0145,0.9612,64.5775,0.5122,0,0,-0.1543,0.633,-1.6172,0,0.9988,0,-0.0482,1,163.6,248.4,false,,,,395,0.4163,5,2.4061,-0.0298,,,0.6334,,,,,,10.4838,83.3,0.0606,0,0.5122,0,0,0.01,99.9934,0,0,3.0898,1.5825,0,0,-1.0002,-0.02,0.99757,0.01047,0.06882,0,-0.04515,0.8498,0.52517,0,-0.05299,-0.52701,0.84821,0,0.01595,-1.05569,-0.44565,1,-0.1543,0.633,-1.6172,true,true,0.0556,0.3344,-1.5775,0.013,-0.2051,-0.2985,-0.0597,0.013,true,-0.1543,0.633,-1.6172,1.7523,121.9,-299.8,1.0032,,,true,,,,,,,,,,,true,1,0,0,0,1.5775,0,0,0,0.0159,-1.0557,-0.4456,WebglFramebuffer,5,0,1,true,0,
25539.9,1790994192802,21:23:12.801,placed,true,278,48.5,23.705873,NORMAL,UNSPECIFIED,0.0234,1.2445,-0.1825,0.2735,-0.0305,0.0105,-0.9613,64.5775,0.5122,0.0234,1.2445,-0.1825,-0.2735,0.0305,-0.0105,0.9613,64.5775,0.5122,0,1.2507,-0.1543,0.633,-1.6172,0,0.9988,0,-0.0482,1,165.5,291.5,false,,,,395,0.4207,19,2.5403,-0.0328,,,0.6334,,,,,,10.8016,100,0.1127,0,0.5122,0,0,0.01,99.9934,0,0,3.0898,1.5825,0,0,-1.0002,-0.02,0.99792,0.00351,0.06433,0,-0.03684,0.85021,0.52515,0,-0.05285,-0.52643,0.84857,0,0.01285,-1.15419,-0.50022,1,-0.1543,0.633,-1.6172,true,true,0.0556,0.3344,-1.5775,0.013,-0.2051,-0.2985,-0.0597,0.013,true,-0.1543,0.633,-1.6172,1.7523,131.3,-208.5,1.0577,,,true,,,,,,,,,,,true,1,0,0,0,1.5775,0,0,0,0.0128,-1.1542,-0.5002,WebglFramebuffer,5,0,1,true,0,
25636.3,1790994192898,21:23:12.897,placed,true,279,72.8,23.831083,NORMAL,UNSPECIFIED,0.0377,1.307,-0.172,0.2725,-0.0326,0.013,-0.9615,64.5775,0.5122,0.0377,1.307,-0.172,-0.2725,0.0326,-0.013,0.9615,64.5775,0.5122,0,0.8838,-0.1543,0.633,-1.6172,0,0.9988,0,-0.0482,1,165,313.6,false,,,,398,0.4189,19,2.5965,-0.0328,,,0.6334,,,,,,10.7598,83.3,0.0649,0,0.5122,0,0,0.01,99.9934,0,0,3.0898,1.5825,0,0,-1.0002,-0.02,0.99754,0.0073,0.0697,0,-0.04278,0.85117,0.52315,0,-0.05551,-0.52484,0.84939,0,0.0088,-1.20301,-0.54023,1,-0.1543,0.633,-1.6172,true,true,0.0556,0.3344,-1.5775,0.013,-0.2051,-0.2985,-0.0597,0.013,true,-0.1543,0.633,-1.6172,1.7523,129,-156.4,1.103,,,true,,,,,,,,,,,true,1,0,0,0,1.5775,0,0,0,0.0088,-1.203,-0.5402,WebglFramebuffer,5,0,1,true,0,
25812.4,1790994193074,21:23:13.073,placed,true,280,149.9,23.903725,NORMAL,UNSPECIFIED,0.0452,1.3941,-0.1765,0.273,-0.0346,0.0112,-0.9613,64.5775,0.5122,0.0452,1.3941,-0.1765,-0.273,0.0346,-0.0112,0.9613,64.5775,0.5122,0,1.154,-0.1543,0.633,-1.6172,0,0.9988,0,-0.0482,1,166.3,342.9,false,,,,399,0.4184,19,2.6407,-0.0298,,,0.6334,,,,,,10.2517,100,0.0876,0,0.5122,0,0,0.01,99.9934,0,0,3.0898,1.5825,0,0,-1.0002,-0.02,0.99735,0.00267,0.07266,0,-0.04046,0.8507,0.52409,0,-0.06042,-0.52565,0.84856,0,0.00067,-1.27886,-0.58414,1,-0.1543,0.633,-1.6172,true,true,0.0556,0.3344,-1.5775,0.013,-0.2051,-0.2985,-0.0597,0.013,true,-0.1543,0.633,-1.6172,1.7523,133.3,-97.3,1.1446,,,true,,,,,,,,,,,true,1,0,0,0,1.5775,0,0,0,0.0007,-1.2789,-0.5841,WebglFramebuffer,5,0,1,true,0,
25880,1790994193142,21:23:13.141,placed,true,281,42.6,24.002154,NORMAL,UNSPECIFIED,0.0361,1.4852,-0.1808,0.278,-0.033,0.0096,-0.96,64.5775,0.5122,0.0361,1.4852,-0.1808,-0.278,0.033,-0.0096,0.96,64.5775,0.5122,0,0,-0.1543,0.633,-1.6172,0,0.9988,0,-0.0482,1,169.1,366.4,false,,,,260,0.6402,14,2.7245,-0.0293,,,0.6334,,,,,,10.7036,100,0.0917,0,0.5122,0,0,0.01,99.9934,0,0,3.0898,1.5825,0,0,-1.0002,-0.02,0.99764,0.0001,0.06862,0,-0.03675,0.84529,0.53305,0,-0.05795,-0.53431,0.8433,0,0.00812,-1.35208,-0.64169,1,-0.1543,0.633,-1.6172,true,true,0.0556,0.3344,-1.5775,0.013,-0.2051,-0.2985,-0.0597,0.013,true,-0.1543,0.633,-1.6172,1.7523,139.9,-48.6,1.1789,,,true,,,,,,,,,,,true,1,0,0,0,1.5775,0,0,0,0.0081,-1.3521,-0.6417,WebglFramebuffer,5,0,1,true,0,
26143.8,1790994193240,21:23:13.239,placed,true,282,77.6,24.177274,NORMAL,UNSPECIFIED,0.0402,1.5764,-0.1831,0.2788,-0.0333,0.0122,-0.9597,64.5775,0.5122,0.0402,1.5764,-0.1831,-0.2788,0.0333,-0.0122,0.9597,64.5775,0.5122,0,0,-0.1543,0.633,-1.6172,0,0.9988,0,-0.0482,1,170.9,393.6,false,,,,259,0.6403,14,2.8028,-0.0328,,,0.6334,,,,,,10.6537,66.7,0.0913,0,0.5122,0,0,0.01,99.9934,0,0,3.0898,1.5825,0,0,-1.0002,-0.02,0.99749,0.00489,0.07069,0,-0.042,0.84426,0.53428,0,-0.05707,-0.5359,0.84235,0,0.01566,-1.42925,-0.69084,1,-0.1543,0.633,-1.6172,true,true,0.0556,0.3344,-1.5775,0.013,-0.2051,-0.2985,-0.0597,0.013,true,-0.1543,0.633,-1.6172,1.7523,141,5.7,1.2249,81,255/0/255,true,,,,,,,,,,,true,1,0,0,0,1.5775,0,0,0,0.0157,-1.4292,-0.6908,WebglFramebuffer,6,0,1,true,0,
26208.3,1790994193470,21:23:13.469,placed,true,283,25.8,24.240667,NORMAL,UNSPECIFIED,0.0229,1.7231,-0.2,0.2829,-0.0325,0.0082,-0.9586,64.5775,0.5122,0.0229,1.7231,-0.2,-0.2829,0.0325,-0.0082,0.9586,64.5775,0.5122,0,0,-0.1543,0.633,-1.6172,0,0.9988,0,-0.0482,1,176.8,432.8,false,,,,397,0.4143,5,3.4735,-0.0767,,,0.6334,,,,,,10.0227,100,0.1487,0,0.5122,0,0,0.01,99.9934,0,0,3.0898,1.5825,0,0,-1.0002,-0.02,0.99775,-0.00269,0.06703,0,-0.03414,0.83978,0.54185,0,-0.05775,-0.54292,0.8378,0,0.02443,-1.55556,-0.76763,1,-0.1543,0.633,-1.6172,true,true,0.0556,0.3344,-1.5775,0.013,-0.2051,-0.2985,-0.0597,0.013,true,-0.1543,0.633,-1.6172,1.7523,153.9,79.7,1.2819,,,true,,,,,,,,,,,true,1,0,0,0,1.5775,0,0,0,0.0244,-1.5556,-0.7676,WebglFramebuffer,6,0,1,true,0,
26275.3,1790994193537,21:23:13.536,placed,true,284,36.9,24.522414,NORMAL,UNSPECIFIED,0.0147,1.7811,-0.1857,0.2859,-0.0306,0.0067,-0.9577,64.5775,0.5122,0.0147,1.7811,-0.1857,-0.2859,0.0306,-0.0067,0.9577,64.5775,0.5122,0,1.543,-0.1543,0.633,-1.6172,0,0.9988,0,-0.0482,1,178,441.3,false,,,,396,0.4131,5,3.5156,-0.0767,,,0.6334,,,,,,10.5108,66.6,0.0603,0,0.5122,0,0,0.01,99.9934,0,0,3.0898,1.5825,0,0,-1.0002,-0.02,0.99804,-0.00457,0.06238,0,-0.03038,0.83638,0.54731,0,-0.05468,-0.54814,0.8346,0,0.02925,-1.59134,-0.82077,1,-0.1543,0.633,-1.6172,true,true,0.0556,0.3344,-1.5775,0.013,-0.2051,-0.2985,-0.0597,0.013,true,-0.1543,0.633,-1.6172,1.7523,157.8,103.5,1.3206,,,true,,,,,,,,,,,true,1,0,0,0,1.5775,0,0,0,0.0292,-1.5913,-0.8208,WebglFramebuffer,6,0,1,true,0,
26372.4,1790994193634,21:23:13.634,placed,true,285,73,24.578207,NORMAL,UNSPECIFIED,-0.0011,1.9511,-0.1346,0.296,-0.0244,0.0124,-0.9548,64.5775,0.5122,-0.0011,1.9511,-0.1346,-0.296,0.0244,-0.0124,0.9548,64.5775,0.5122,0,0,-0.1543,0.633,-1.6172,0,0.9988,0,-0.0482,1,182.7,460.1,false,,,,395,0.4085,6,3.6677,-0.0767,,,0.6334,,,,,,10.4896,66.7,0.1782,0,0.5122,0,0,0.01,99.9934,0,0,3.0898,1.5825,0,0,-1.0002,-0.02,0.9985,0.00917,0.05395,0,-0.03808,0.82444,0.56466,0,-0.0393,-0.56587,0.82356,0,0.07011,-1.68474,-0.99076,1,-0.1543,0.633,-1.6172,true,true,0.0556,0.3344,-1.5775,0.013,-0.2051,-0.2985,-0.0597,0.013,true,-0.1543,0.633,-1.6172,1.7523,162.7,163.4,1.4442,,,true,,,,,,,,,,,true,1,0,0,0,1.5775,0,0,0,0.0701,-1.6847,-0.9908,WebglFramebuffer,7,0,1,true,0,
26469.5,1790994193731,21:23:13.731,placed,true,286,68.1,24.639735,NORMAL,UNSPECIFIED,-0.0108,1.9733,-0.1159,0.2952,-0.0227,0.0135,-0.9551,64.5775,0.5122,-0.0108,1.9733,-0.1159,-0.2952,0.0227,-0.0135,0.9551,64.5775,0.5122,0,0,-0.1543,0.633,-1.6172,0,0.9988,0,-0.0482,1,185,462.5,false,,,,398,0.4047,6,3.6953,-0.0767,,,0.6334,,,,,,10.4705,99.9,0.0306,0,0.5122,0,0,0.01,99.9934,0,0,3.0898,1.5825,0,0,-1.0002,-0.02,0.9986,0.01238,0.05138,0,-0.03922,0.82535,0.56325,0,-0.03543,-0.56448,0.82468,0,0.0841,-1.69397,-1.01532,1,-0.1543,0.633,-1.6172,true,true,0.0556,0.3344,-1.5775,0.013,-0.2051,-0.2985,-0.0597,0.013,true,-0.1543,0.633,-1.6172,1.7523,165.8,171.9,1.4724,,,true,,,,,,,,,,,true,1,0,0,0,1.5775,0,0,0,0.0841,-1.694,-1.0153,WebglFramebuffer,7,0,1,true,0,
26708.6,1790994193834,21:23:13.834,placed,true,287,75,24.740835,NORMAL,UNSPECIFIED,-0.0051,1.998,-0.1031,0.2932,-0.0217,0.0128,-0.9557,64.5775,0.5122,-0.0051,1.998,-0.1031,-0.2932,0.0217,-0.0128,0.9557,64.5775,0.5122,0,0.9796,-0.1543,0.633,-1.6172,0,0.9988,0,-0.0482,1,182.4,468.1,false,,,,396,0.4049,8,3.7525,-0.0767,,,0.6334,,,,,,10.3952,100,0.0284,0,0.5122,0,0,0.01,99.9934,0,0,3.0898,1.5825,0,0,-1.0002,-0.02,0.99873,0.01176,0.04904,0,-0.03723,0.82774,0.55988,0,-0.03401,-0.56099,0.82712,0,0.07595,-1.71161,-1.03315,1,-0.1543,0.633,-1.6172,true,true,0.0556,0.3344,-1.5775,0.013,-0.2051,-0.2985,-0.0597,0.013,true,-0.1543,0.633,-1.6172,1.7523,163.3,183.6,1.4991,81,255/0/255,true,,,,,,,,,,,true,1,0,0,0,1.5775,0,0,0,0.076,-1.7116,-1.0331,WebglFramebuffer,7,0,1,true,0,
26769.5,1790994194031,21:23:14.030,placed,true,288,31.9,24.837084,NORMAL,UNSPECIFIED,-0.0061,2.0259,-0.0813,0.2929,-0.0183,0.0092,-0.9559,64.5775,0.5122,-0.0061,2.0259,-0.0813,-0.2929,0.0183,-0.0092,0.9559,64.5775,0.5122,0,1.0901,-0.1543,0.633,-1.6172,0,0.9988,0,-0.0482,1,177.7,470.2,false,,,,393,0.4007,8,3.786,-0.0767,,,0.6334,,,,,,9.8636,100,0.0353,0,0.5122,0,0,0.01,99.9934,0,0,3.0898,1.5825,0,0,-1.0002,-0.02,0.99916,0.0068,0.0403,0,-0.02821,0.82825,0.55965,0,-0.02958,-0.56032,0.82775,0,0.06089,-1.72343,-1.06622,1,-0.1543,0.633,-1.6172,true,true,0.0556,0.3344,-1.5775,0.013,-0.2051,-0.2985,-0.0597,0.013,true,-0.1543,0.633,-1.6172,1.7523,160.8,192.4,1.5322,,,true,,,,,,,,,,,true,1,0,0,0,1.5775,0,0,0,0.0609,-1.7234,-1.0662,WebglFramebuffer,7,0,1,true,0,
26829.8,1790994194091,21:23:14.091,placed,true,289,28.4,25.076868,NORMAL,UNSPECIFIED,0.0269,2.0539,-0.0614,0.2919,-0.0216,0.0136,-0.9561,64.5775,0.5122,0.0269,2.0539,-0.0614,-0.2919,0.0216,-0.0136,0.9561,64.5775,0.5122,0,0.6413,-0.1543,0.633,-1.6172,0,0.9988,0,-0.0482,1,174.9,473.9,false,,,,390,0.4005,8,3.8192,-0.0767,,,0.6334,,,,,,10.5301,66.5,0.0477,0,0.5122,0,0,0.01,99.9934,0,0,3.0898,1.5825,0,0,-1.0002,-0.02,0.9987,0.01342,0.04924,0,-0.03863,0.82925,0.55754,0,-0.03335,-0.55872,0.82869,0,0.05046,-1.73783,-1.09558,1,-0.1543,0.633,-1.6172,true,true,0.0556,0.3344,-1.5775,0.013,-0.2051,-0.2985,-0.0597,0.013,true,-0.1543,0.633,-1.6172,1.7523,153.7,203.1,1.5677,,,true,,,,,,,,,,,true,1,0,0,0,1.5775,0,0,0,0.0505,-1.7378,-1.0956,WebglFramebuffer,7,0,1,true,0,
26940.5,1790994194202,21:23:14.202,placed,true,290,89,25.141705,NORMAL,UNSPECIFIED,0.0165,2.0734,-0.0128,0.2912,-0.0244,0.0077,-0.9563,64.5775,0.5122,0.0165,2.0734,-0.0128,-0.2912,0.0244,-0.0077,0.9563,64.5775,0.5122,0,1.0019,-0.1543,0.633,-1.6172,0,0.9988,0,-0.0482,1,179.1,469,false,,,,391,0.3959,8,3.87,-0.0767,,,0.6334,,,,,,10.3813,50,0.0534,0,0.5122,0,0,0.01,99.9934,0,0,3.0898,1.5825,0,0,-1.0002,-0.02,0.99869,0.00053,0.0512,0,-0.02898,0.8303,0.55656,0,-0.04222,-0.55732,0.82923,0,0.04308,-1.72873,-1.1442,1,-0.1543,0.633,-1.6172,true,true,0.0556,0.3344,-1.5775,0.013,-0.2051,-0.2985,-0.0597,0.013,true,-0.1543,0.633,-1.6172,1.7523,163.3,204.9,1.6191,,,true,,,,,,,,,,,true,1,0,0,0,1.5775,0,0,0,0.0431,-1.7287,-1.1442,WebglFramebuffer,7,0,1,true,0,
27030,1790994194292,21:23:14.291,placed,true,291,44.7,25.191338,NORMAL,UNSPECIFIED,0.0144,2.0918,0.0064,0.2892,-0.0262,0.0084,-0.9569,64.5775,0.5122,0.0144,2.0918,0.0064,-0.2892,0.0262,-0.0084,0.9569,64.5775,0.5122,0,0,-0.1543,0.633,-1.6172,0,0.9988,0,-0.0482,1,182.6,471.9,false,,,,390,0.3947,9,3.8961,-0.0767,,,0.6334,,,,,,10.458,100,0.0266,0,0.5122,0,0,0.01,99.9934,0,0,3.0898,1.5825,0,0,-1.0002,-0.02,0.99848,0.00085,0.05504,0,-0.03119,0.83263,0.55296,0,-0.04536,-0.55384,0.83139,0,0.05117,-1.73814,-1.16273,1,-0.1543,0.633,-1.6172,true,true,0.0556,0.3344,-1.5775,0.013,-0.2051,-0.2985,-0.0597,0.013,true,-0.1543,0.633,-1.6172,1.7523,167.5,212.2,1.6474,,,true,,,,,,,,,,,true,1,0,0,0,1.5775,0,0,0,0.0512,-1.7381,-1.1627,WebglFramebuffer,7,0,1,true,0,
27238.8,1790994194387,21:23:14.386,placed,true,292,40.7,25.325236,NORMAL,UNSPECIFIED,0.0255,2.0942,0.0072,0.2873,-0.028,0.0095,-0.9574,64.5775,0.5122,0.0255,2.0942,0.0072,-0.2873,0.028,-0.0095,0.9574,64.5775,0.5122,0,0,-0.1543,0.633,-1.6172,0,0.9988,0,-0.0482,1,182.1,474.6,false,,,,389,0.3925,9,3.8985,-0.0767,,,0.6334,,,,,,10.4648,83.3,0.0114,0,0.5122,0,0,0.01,99.9934,0,0,3.0898,1.5825,0,0,-1.0002,-0.02,0.99825,0.00213,0.05917,0,-0.03436,0.83471,0.54962,0,-0.04822,-0.55069,0.83331,0,0.04688,-1.74413,-1.15855,1,-0.1543,0.633,-1.6172,true,true,0.0556,0.3344,-1.5775,0.013,-0.2051,-0.2985,-0.0597,0.013,true,-0.1543,0.633,-1.6172,1.7523,165.9,215.6,1.6522,81,255/0/255,true,,,,,,,,,,,true,1,0,0,0,1.5775,0,0,0,0.0469,-1.7441,-1.1585,WebglFramebuffer,7,0,1,true,0,
27325.2,1790994194586,21:23:14.586,placed,true,293,38.2,25.424459,NORMAL,UNSPECIFIED,0.0328,2.0944,0.0167,0.2765,-0.0316,0.0113,-0.9604,64.5775,0.5122,0.0328,2.0944,0.0167,-0.2765,0.0316,-0.0113,0.9604,64.5775,0.5122,0,1.1836,-0.1543,0.633,-1.6172,0,0.9988,0,-0.0482,1,185.1,486.8,false,,,,383,0.3955,16,4.0406,0.0358,,,0.6334,,,,,,9.9196,100,0.012,0,0.5122,0,0,0.01,99.9934,0,0,3.0898,1.5825,0,0,-1.0002,-0.02,0.99775,0.0043,0.06696,0,-0.03925,0.84683,0.53041,0,-0.05442,-0.53184,0.84509,0,0.05041,-1.76487,-1.12723,1,-0.1543,0.633,-1.6172,true,true,0.0556,0.3344,-1.5775,0.013,-0.2051,-0.2985,-0.0597,0.013,true,-0.1543,0.633,-1.6172,1.7523,168.4,229.3,1.6713,,,true,,,,,,,,,,,true,1,0,0,0,1.5775,0,0,0,0.0504,-1.7649,-1.1272,WebglFramebuffer,7,0,1,true,0,
27442.2,1790994194704,21:23:14.703,placed,true,294,46.7,25.625973,NORMAL,UNSPECIFIED,0.0253,2.1032,0.0205,0.2735,-0.0336,0.0091,-0.9613,64.5775,0.5122,0.0253,2.1032,0.0205,-0.2735,0.0336,-0.0091,0.9613,64.5775,0.5122,0,0,-0.1543,0.633,-1.6172,0,0.9988,0,-0.0482,1,188.4,491.7,false,,,,378,0.3915,19,3.9145,0.089,,,0.6334,,,,,,9.7787,83.3,0.0121,0,0.5122,0,0,0.01,99.9934,0,0,3.0898,1.5825,0,0,-1.0002,-0.02,0.99757,-0.00087,0.06961,0,-0.0359,0.85027,0.52513,0,-0.05964,-0.52635,0.84817,0,0.05148,-1.77741,-1.12361,1,-0.1543,0.633,-1.6172,true,true,0.0556,0.3344,-1.5775,0.013,-0.2051,-0.2985,-0.0597,0.013,true,-0.1543,0.633,-1.6172,1.7523,173.9,235.7,1.6813,,,true,,,,,,,,,,,true,1,0,0,0,1.5775,0,0,0,0.0515,-1.7774,-1.1236,WebglFramebuffer,7,0,1,true,0,
27526.2,1790994194788,21:23:14.787,placed,true,295,43.8,25.737678,NORMAL,UNSPECIFIED,0.0165,2.0888,0.0453,0.2669,-0.0401,0.0088,-0.9629,64.5775,0.5122,0.0165,2.0888,0.0453,-0.2669,0.0401,-0.0088,0.9629,64.5775,0.5122,0,0,-0.1543,0.633,-1.6172,0,0.9988,0,-0.0482,1,198,492.5,false,,,,373,0.3909,17,4.1229,0.0938,,,0.6334,,,,,,9.9899,100,0.0299,0,0.5122,0,0,0.01,99.9934,0,0,3.0898,1.5825,0,0,-1.0002,-0.02,0.99664,-0.00446,0.08183,0,-0.03831,0.85739,0.51324,0,-0.07244,-0.51465,0.85434,0,0.06681,-1.76753,-1.11209,1,-0.1543,0.633,-1.6172,true,true,0.0556,0.3344,-1.5775,0.013,-0.2051,-0.2985,-0.0597,0.013,true,-0.1543,0.633,-1.6172,1.7523,185.7,236.4,1.7003,,,true,,,,,,,,,,,true,1,0,0,0,1.5775,0,0,0,0.0668,-1.7675,-1.1121,WebglFramebuffer,7,0,1,true,0,
27646.9,1790994194908,21:23:14.908,placed,true,296,94.3,25.822432,NORMAL,UNSPECIFIED,0.0198,2.1017,0.0501,0.2656,-0.0429,0.0079,-0.9631,64.5775,0.5122,0.0198,2.1017,0.0501,-0.2656,0.0429,-0.0079,0.9631,64.5775,0.5122,0,0,-0.1543,0.633,-1.6172,0,0.9988,0,-0.0482,1,200,495.8,false,,,,372,0.3902,15,4.1553,0.1076,,,0.6334,,,,,,9.8208,83.4,0.0142,0,0.5122,0,0,0.01,99.9934,0,0,3.0898,1.5825,0,0,-1.0002,-0.02,0.9962,-0.00748,0.08682,0,-0.03808,0.85879,0.51091,0,-0.07839,-0.51227,0.85524,0,0.06425,-1.77909,-1.11839,1,-0.1543,0.633,-1.6172,true,true,0.0556,0.3344,-1.5775,0.013,-0.2051,-0.2985,-0.0597,0.013,true,-0.1543,0.633,-1.6172,1.7523,188.4,242,1.7125,,,true,,,,,,,,,,,true,1,0,0,0,1.5775,0,0,0,0.0643,-1.7791,-1.1184,WebglFramebuffer,7,0,1,true,0,
27878.6,1790994194982,21:23:14.981,placed,true,297,40.6,25.892697,NORMAL,UNSPECIFIED,0.0102,2.1058,0.0352,0.2672,-0.042,0.006,-0.9627,64.5775,0.5122,0.0102,2.1058,0.0352,-0.2672,0.042,-0.006,0.9627,64.5775,0.5122,0,0.5814,-0.1543,0.633,-1.6172,0,0.9988,0,-0.0482,1,200.4,497.5,false,,,,371,0.3882,15,4.1435,0.1076,,,0.6334,,,,,,10.2029,100,0.0182,0,0.5122,0,0,0.01,99.9934,0,0,3.0898,1.5825,0,0,-1.0002,-0.02,0.9964,-0.01087,0.08411,0,-0.03403,0.85719,0.51388,0,-0.07768,-0.51489,0.85373,0,0.06425,-1.7868,-1.11306,1,-0.1543,0.633,-1.6172,true,true,0.0556,0.3344,-1.5775,0.013,-0.2051,-0.2985,-0.0597,0.013,true,-0.1543,0.633,-1.6172,1.7523,190.2,242.9,1.6997,81,255/0/255,true,,,,,,,,,,,true,1,0,0,0,1.5775,0,0,0,0.0643,-1.7868,-1.1131,WebglFramebuffer,7,0,1,true,0,
27938.4,1790994195200,21:23:15.200,placed,true,298,32.1,26.019059,NORMAL,UNSPECIFIED,0.0045,2.102,0.0456,0.2672,-0.0401,0.0073,-0.9628,64.5775,0.5122,0.0045,2.102,0.0456,-0.2672,0.0401,-0.0073,0.9628,64.5775,0.5122,0,0,-0.1543,0.633,-1.6172,0,0.9988,0,-0.0482,1,200.7,494.8,false,,,,372,0.387,16,4.1503,0.1076,,,0.6334,,,,,,9.6403,100,0.0124,0,0.5122,0,0,0.01,99.9934,0,0,3.0898,1.5825,0,0,-1.0002,-0.02,0.99668,-0.0074,0.08114,0,-0.03548,0.85708,0.51397,0,-0.07334,-0.51514,0.85396,0,0.0734,-1.77801,-1.11965,1,-0.1543,0.633,-1.6172,true,true,0.0556,0.3344,-1.5775,0.013,-0.2051,-0.2985,-0.0597,0.013,true,-0.1543,0.633,-1.6172,1.7523,190.2,240.4,1.706,,,true,,,,,,,,,,,true,1,0,0,0,1.5775,0,0,0,0.0734,-1.778,-1.1196,WebglFramebuffer,7,0,1,true,0,
27994,1790994195256,21:23:15.255,placed,true,299,32.6,26.245752,NORMAL,UNSPECIFIED,0.0038,2.1051,0.0227,0.2715,-0.0373,0.0069,-0.9617,64.5775,0.5122,0.0038,2.1051,0.0227,-0.2715,0.0373,-0.0069,0.9617,64.5775,0.5122,0,0,-0.1543,0.633,-1.6172,0,0.9988,0,-0.0482,1,197.3,494.2,false,,,,375,0.3848,17,4.0489,0.0938,,,0.6334,,,,,,10.4781,49.9,0.0231,0,0.5122,0,0,0.01,99.9934,0,0,3.0898,1.5825,0,0,-1.0002,-0.02,0.99712,-0.00692,0.0755,0,-0.03358,0.85248,0.52168,0,-0.06797,-0.52271,0.84979,0,0.06841,-1.78267,-1.11783,1,-0.1543,0.633,-1.6172,true,true,0.0556,0.3344,-1.5775,0.013,-0.2051,-0.2985,-0.0597,0.013,true,-0.1543,0.633,-1.6172,1.7523,186.2,238.4,1.6845,,,true,,,,,,,,,,,true,1,0,0,0,1.5775,0,0,0,0.0684,-1.7827,-1.1178,WebglFramebuffer,7,0,1,true,0,
28074.3,1790994195336,21:23:15.336,placed,true,300,51,26.301074,NORMAL,UNSPECIFIED,0.0105,2.104,0.0294,0.274,-0.0386,0.0084,-0.9609,64.5775,0.5122,0.0105,2.104,0.0294,-0.274,0.0386,-0.0084,0.9609,64.5775,0.5122,0,0.9542,-0.1543,0.633,-1.6172,0,0.9988,0,-0.0482,1,197.8,489.5,false,,,,375,0.3824,15,4.1165,0.089,,,0.6334,,,,,,10.6741,50.1,0.0095,0,0.5122,0,0,0.01,99.9934,0,0,3.0898,1.5825,0,0,-1.0002,-0.02,0.99688,-0.00494,0.0788,0,-0.03736,0.84975,0.52587,0,-0.06956,-0.52717,0.84691,0,0.07014,-1.77233,-1.13215,1,-0.1543,0.633,-1.6172,true,true,0.0556,0.3344,-1.5775,0.013,-0.2051,-0.2985,-0.0597,0.013,true,-0.1543,0.633,-1.6172,1.7523,185.7,234.1,1.6881,,,true,,,,,,,,,,,true,1,0,0,0,1.5775,0,0,0,0.0701,-1.7723,-1.1322,WebglFramebuffer,7,0,1,true,0,
28161.5,1790994195423,21:23:15.423,placed,true,301,60.1,26.365774,NORMAL,UNSPECIFIED,0.0062,2.0835,0.0313,0.2727,-0.0394,0.0089,-0.9612,64.5775,0.5122,0.0062,2.0835,0.0313,-0.2727,0.0394,-0.0089,0.9612,64.5775,0.5122,0,1.6018,-0.1543,0.633,-1.6172,0,0.9988,0,-0.0482,1,200,486.4,false,,,,380,0.3825,15,4.1074,0.089,,,0.6334,,,,,,10.7548,83.2,0.0211,0,0.5122,0,0,0.01,99.9934,0,0,3.0898,1.5825,0,0,-1.0002,-0.02,0.99673,-0.00431,0.08067,0,-0.0387,0.85106,0.52364,0,-0.07091,-0.52505,0.84811,0,0.07664,-1.75671,-1.11805,1,-0.1543,0.633,-1.6172,true,true,0.0556,0.3344,-1.5775,0.013,-0.2051,-0.2985,-0.0597,0.013,true,-0.1543,0.633,-1.6172,1.7523,188,228.2,1.6797,,,true,,,,,,,,,,,true,1,0,0,0,1.5775,0,0,0,0.0766,-1.7567,-1.1181,WebglFramebuffer,7,0,1,true,0,
28358.3,1790994195491,21:23:15.491,placed,true,302,42.3,26.441574,NORMAL,UNSPECIFIED,0.0042,2.0739,0.0275,0.2721,-0.0396,0.0094,-0.9614,64.5775,0.5122,0.0042,2.0739,0.0275,-0.2721,0.0396,-0.0094,0.9614,64.5775,0.5122,0,0.6299,-0.1543,0.633,-1.6172,0,0.9988,0,-0.0482,1,200.9,485.9,false,,,,381,0.3821,14,4.0991,0.089,,,0.6334,,,,,,11.1456,83.4,0.0105,0,0.5122,0,0,0.01,99.9934,0,0,3.0898,1.5825,0,0,-1.0002,-0.02,0.99669,-0.00356,0.08125,0,-0.03955,0.8517,0.52253,0,-0.07106,-0.52401,0.84874,0,0.07985,-1.75193,-1.10738,1,-0.1543,0.633,-1.6172,true,true,0.0556,0.3344,-1.5775,0.013,-0.2051,-0.2985,-0.0597,0.013,true,-0.1543,0.633,-1.6172,1.7523,188.7,226.1,1.6719,81,255/0/255,true,,,,,,,,,,,true,1,0,0,0,1.5775,0,0,0,0.0798,-1.7519,-1.1074,WebglFramebuffer,7,0,1,true,0,
28414.5,1790994195676,21:23:15.675,placed,true,303,36.9,26.526748,NORMAL,UNSPECIFIED,0.0114,2.0724,0.0102,0.2738,-0.042,0.0144,-0.9608,64.5775,0.5122,0.0114,2.0724,0.0102,-0.2738,0.042,-0.0144,0.9608,64.5775,0.5122,0,0,-0.1543,0.633,-1.6172,0,0.9988,0,-0.0482,1,203.8,486.7,false,,,,382,0.3817,12,4.0841,0.0358,,,0.6334,,,,,,10.5727,100,0.0188,0,0.5122,0,0,0.01,99.9934,0,0,3.0898,1.5825,0,0,-1.0002,-0.02,0.99606,0.00472,0.08861,0,-0.05073,0.84962,0.52495,0,-0.07281,-0.52738,0.84651,0,0.09448,-1.75544,-1.09757,1,-0.1543,0.633,-1.6172,true,true,0.0556,0.3344,-1.5775,0.013,-0.2051,-0.2985,-0.0597,0.013,true,-0.1543,0.633,-1.6172,1.7523,188.6,225.5,1.6558,,,true,,,,,,,,,,,true,1,0,0,0,1.5775,0,0,0,0.0945,-1.7554,-1.0976,WebglFramebuffer,7,0,1,true,0,
28506.2,1790994195768,21:23:15.767,placed,true,304,31.8,26.716587,NORMAL,UNSPECIFIED,-0.0019,2.0562,0.0029,0.2773,-0.0412,0.0165,-0.9598,64.5775,0.5122,-0.0019,2.0562,0.0029,-0.2773,0.0412,-0.0165,0.9598,64.5775,0.5122,0,0,-0.1543,0.633,-1.6172,0,0.9988,0,-0.0482,1,207.5,480.2,false,,,,387,0.38,8,4.0685,-0.0555,,,0.6334,,,,,,10.6036,66.7,0.0222,0,0.5122,0,0,0.01,99.9934,0,0,3.0898,1.5825,0,0,-1.0002,-0.02,0.99605,0.00887,0.08834,0,-0.05462,0.84565,0.53094,0,-0.07,-0.53366,0.84279,0,0.11436,-1.73731,-1.09397,1,-0.1543,0.633,-1.6172,true,true,0.0556,0.3344,-1.5775,0.013,-0.2051,-0.2985,-0.0597,0.013,true,-0.1543,0.633,-1.6172,1.7523,192,215.7,1.6368,,,true,,,,,,,,,,,true,1,0,0,0,1.5775,0,0,0,0.1144,-1.7373,-1.094,WebglFramebuffer,7,0,1,true,0,
28624.9,1790994195887,21:23:15.886,placed,true,305,94.5,26.814047,NORMAL,UNSPECIFIED,0.0102,2.0017,-0.0358,0.2896,-0.0347,0.0172,-0.9564,64.5775,0.5122,0.0102,2.0017,-0.0358,-0.2896,0.0347,-0.0172,0.9564,64.5775,0.5122,0,0,-0.1543,0.633,-1.6172,0,0.9988,0,-0.0482,1,195.7,460,false,,,,394,0.3766,8,3.8111,-0.0767,,,0.6334,,,,,,10.3857,83.3,0.0679,0,0.5122,0,0,0.01,99.9934,0,0,3.0898,1.5825,0,0,-1.0002,-0.02,0.997,0.01276,0.0763,0,-0.05295,0.83167,0.55274,0,-0.05641,-0.55513,0.82985,0,0.09384,-1.68473,-1.07746,1,-0.1543,0.633,-1.6172,true,true,0.0556,0.3344,-1.5775,0.013,-0.2051,-0.2985,-0.0597,0.013,true,-0.1543,0.633,-1.6172,1.7523,176.2,182.7,1.5632,,,true,,,,,,,,,,,true,1,0,0,0,1.5775,0,0,0,0.0938,-1.6847,-1.0775,WebglFramebuffer,7,0,1,true,0,
28744.2,1790994196006,21:23:16.005,placed,true,306,75.6,26.870536,NORMAL,UNSPECIFIED,0.0163,1.9811,-0.059,0.2948,-0.0325,0.0177,-0.9548,64.5775,0.5122,0.0163,1.9811,-0.059,-0.2948,0.0325,-0.0177,0.9548,64.5775,0.5122,0,1.4529,-0.1543,0.633,-1.6172,0,0.9988,0,-0.0482,1,190.9,453.3,false,,,,398,0.3788,6,3.7479,-0.0767,,,0.6334,,,,,,10.1867,100,0.0316,0,0.5122,0,0,0.01,99.9934,0,0,3.0898,1.5825,0,0,-1.0002,-0.02,0.99727,0.01457,0.07244,0,-0.05287,0.82558,0.56181,0,-0.05162,-0.5641,0.82409,0,0.08546,-1.66909,-1.06554,1,-0.1543,0.633,-1.6172,true,true,0.0556,0.3344,-1.5775,0.013,-0.2051,-0.2985,-0.0597,0.013,true,-0.1543,0.633,-1.6172,1.7523,169.4,169.9,1.5272,,,true,,,,,,,,,,,true,1,0,0,0,1.5775,0,0,0,0.0855,-1.6691,-1.0655,WebglFramebuffer,7,0,1,true,0,
28972.9,1790994196139,21:23:16.138,placed,true,307,99.8,27.008311,NORMAL,UNSPECIFIED,0.0117,1.9491,-0.0705,0.2915,-0.0314,0.0185,-0.9559,64.5775,0.5122,0.0117,1.9491,-0.0705,-0.2915,0.0314,-0.0185,0.9559,64.5775,0.5122,0,0,-0.1543,0.633,-1.6172,0,0.9988,0,-0.0482,1,190.8,452.7,false,,,,255,0.592,6,3.7205,-0.0767,,,0.6334,,,,,,9.9188,100,0.0343,0,0.5122,0,0,0.01,99.9934,0,0,3.0898,1.5825,0,0,-1.0002,-0.02,0.99734,0.01707,0.0709,0,-0.05373,0.82942,0.55603,0,-0.04932,-0.55836,0.82813,0,0.08957,-1.65622,-1.02624,1,-0.1543,0.633,-1.6172,true,true,0.0556,0.3344,-1.5775,0.013,-0.2051,-0.2985,-0.0597,0.013,true,-0.1543,0.633,-1.6172,1.7523,168.6,162.8,1.5032,81,255/0/255,true,,,,,,,,,,,true,1,0,0,0,1.5775,0,0,0,0.0896,-1.6562,-1.0262,WebglFramebuffer,7,0,1,true,0,
29023.9,1790994196285,21:23:16.285,placed,true,308,30.4,27.117265,NORMAL,UNSPECIFIED,0.0194,1.8546,-0.0896,0.2917,-0.0335,0.0167,-0.9558,64.5775,0.5122,0.0194,1.8546,-0.0896,-0.2917,0.0335,-0.0167,0.9558,64.5775,0.5122,0,0,-0.1543,0.633,-1.6172,0,0.9988,0,-0.0482,1,187.9,433.6,false,,,,255,0.5912,5,3.6301,-0.0767,,,0.6334,,,,,,9.6091,100,0.0968,0,0.5122,0,0,0.01,99.9934,0,0,3.0898,1.5825,0,0,-1.0002,-0.02,0.99719,0.01236,0.07383,0,-0.05148,0.8293,0.55643,0,-0.05435,-0.55867,0.8276,0,0.07122,-1.58826,-0.95924,1,-0.1543,0.633,-1.6172,true,true,0.0556,0.3344,-1.5775,0.013,-0.2051,-0.2985,-0.0597,0.013,true,-0.1543,0.633,-1.6172,1.7523,164.4,123.1,1.4352,,,true,,,,,,,,,,,true,1,0,0,0,1.5775,0,0,0,0.0712,-1.5883,-0.9592,WebglFramebuffer,7,0,1,true,0,
29084.3,1790994196346,21:23:16.345,placed,true,309,35.8,27.332852,NORMAL,UNSPECIFIED,0.0252,1.7964,-0.1241,0.3024,-0.0381,0.0105,-0.9524,64.5775,0.5122,0.0252,1.7964,-0.1241,-0.3024,0.0381,-0.0105,0.9524,64.5775,0.5122,0,0,-0.1543,0.633,-1.6172,0,0.9988,0,-0.0482,1,186.8,411.8,false,,,,257,0.5913,14,2.9805,-0.0328,,,0.6334,,,,,,10.3038,50,0.0679,0,0.5122,0,0,0.01,99.9934,0,0,3.0898,1.5825,0,0,-1.0002,-0.02,0.99688,-0.00295,0.07885,0,-0.04307,0.8169,0.57517,0,-0.06611,-0.57678,0.81422,0,0.04404,-1.53899,-0.93414,1,-0.1543,0.633,-1.6172,true,true,0.0556,0.3344,-1.5775,0.013,-0.2051,-0.2985,-0.0597,0.013,true,-0.1543,0.633,-1.6172,1.7523,164.9,81.3,1.3598,,,true,,,,,,,,,,,true,1,0,0,0,1.5775,0,0,0,0.044,-1.539,-0.9341,WebglFramebuffer,7,0,1,true,0,
29228.7,1790994196490,21:23:16.490,placed,true,310,118.3,27.388139,NORMAL,UNSPECIFIED,0.028,1.595,-0.1544,0.3001,-0.0411,0.011,-0.953,64.5775,0.5122,0.028,1.595,-0.1544,-0.3001,0.0411,-0.011,0.953,64.5775,0.5122,0,0,-0.1543,0.633,-1.6172,0,0.9988,0,-0.0482,1,185.1,366.2,false,,,,261,0.5894,23,2.7695,-0.0328,,,0.6334,,,,,,9.9655,66.6,0.2036,0,0.5122,0,0,0.01,99.9934,0,0,3.0898,1.5825,0,0,-1.0002,-0.02,0.99637,-0.0037,0.08503,0,-0.04568,0.81968,0.57099,0,-0.07181,-0.57281,0.81654,0,0.03391,-1.39576,-0.78707,1,-0.1543,0.633,-1.6172,true,true,0.0556,0.3344,-1.5775,0.013,-0.2051,-0.2985,-0.0597,0.013,true,-0.1543,0.633,-1.6172,1.7523,159,-22.3,1.224,,,true,,,,,,,,,,,true,1,0,0,0,1.5775,0,0,0,0.0339,-1.3958,-0.7871,WebglFramebuffer,6,0,1,true,0,
29311.6,1790994196573,21:23:16.573,placed,true,311,65.3,27.450635,NORMAL,UNSPECIFIED,0.0262,1.5512,-0.1576,0.2981,-0.0402,0.0115,-0.9536,64.5775,0.5122,0.0262,1.5512,-0.1576,-0.2981,0.0402,-0.0115,0.9536,64.5775,0.5122,0,0.9607,-0.1543,0.633,-1.6172,0,0.9988,0,-0.0482,1,183.9,356.5,false,,,,261,0.5897,23,2.7412,-0.0328,,,0.6334,,,,,,10.1737,100,0.044,0,0.5122,0,0,0.01,99.9934,0,0,3.0898,1.5825,0,0,-1.0002,-0.02,0.9965,-0.00198,0.08356,0,-0.04596,0.82198,0.56765,0,-0.06981,-0.56951,0.81902,0,0.0342,-1.36478,-0.75363,1,-0.1543,0.633,-1.6172,true,true,0.0556,0.3344,-1.5775,0.013,-0.2051,-0.2985,-0.0597,0.013,true,-0.1543,0.633,-1.6172,1.7523,156.5,-45.2,1.1996,,,true,,,,,,,,,,,true,1,0,0,0,1.5775,0,0,0,0.0342,-1.3648,-0.7536,WebglFramebuffer,5,0,1,true,0,
29450.8,1790994196712,21:23:16.712,placed,true,312,119.3,27.5859,NORMAL,UNSPECIFIED,0.0394,1.5143,-0.1645,0.2998,-0.0428,0.0121,-0.953,64.5775,0.5122,0.0394,1.5143,-0.1645,-0.2998,0.0428,-0.0121,0.953,64.5775,0.5122,0,0,-0.1543,0.633,-1.6172,0,0.9988,0,-0.0482,1,181.5,344.5,false,,,,261,0.5901,25,2.701,-0.0358,,,0.6334,,,,,,9.8758,83.4,0.0398,0,0.5122,0,0,0.01,99.9934,0,0,3.0898,1.5825,0,0,-1.0002,-0.02,0.99604,-0.00263,0.08886,0,-0.04872,0.81994,0.57038,0,-0.07436,-0.57245,0.81656,0,0.02233,-1.33574,-0.73288,1,-0.1543,0.633,-1.6172,true,true,0.0556,0.3344,-1.5775,0.013,-0.2051,-0.2985,-0.0597,0.013,true,-0.1543,0.633,-1.6172,1.7523,151,-71.4,1.1714,,,true,,,,,,,,,,,true,1,0,0,0,1.5775,0,0,0,0.0223,-1.3357,-0.7329,WebglFramebuffer,5,0,1,true,0,
29518.3,1790994196780,21:23:16.779,placed,true,313,43.8,27.671241,NORMAL,UNSPECIFIED,0.0477,1.3983,-0.1801,0.2975,-0.0442,0.015,-0.9536,64.5775,0.5122,0.0477,1.3983,-0.1801,-0.2975,0.0442,-0.015,0.9536,64.5775,0.5122,0,0,-0.1543,0.633,-1.6172,0,0.9988,0,-0.0482,1,177.5,313.7,false,,,,261,0.5911,21,2.6242,-0.0402,,,0.6334,,,,,,10.3697,100,0.1174,0,0.5122,0,0,0.01,99.9934,0,0,3.0898,1.5825,0,0,-1.0002,-0.02,0.99564,0.00229,0.09324,0,-0.0549,0.82253,0.56606,0,-0.07539,-0.56872,0.81907,0,0.01574,-1.25265,-0.64845,1,-0.1543,0.633,-1.6172,true,true,0.0556,0.3344,-1.5775,0.013,-0.2051,-0.2985,-0.0597,0.013,true,-0.1543,0.633,-1.6172,1.7523,139.9,-146,1.0985,,,true,,,,,,,,,,,true,1,0,0,0,1.5775,0,0,0,0.0157,-1.2527,-0.6484,WebglFramebuffer,5,0,1,true,0,
29608.4,1790994196870,21:23:16.870,placed,true,314,66,27.81419,NORMAL,UNSPECIFIED,0.0399,1.3382,-0.192,0.2972,-0.0436,0.0154,-0.9537,64.5775,0.5122,0.0399,1.3382,-0.192,-0.2972,0.0436,-0.0154,0.9537,64.5775,0.5122,0,0,-0.1543,0.633,-1.6172,0,0.9988,0,-0.0482,1,177.7,295.8,false,,,,261,0.5922,15,2.55,-0.0402,,,0.6334,,,,,,10.4414,66.7,0.0618,0,0.5122,0,0,0.01,99.9934,0,0,3.0898,1.5825,0,0,-1.0002,-0.02,0.99572,0.00351,0.09233,0,-0.05535,0.82283,0.56559,0,-0.07398,-0.56828,0.8195,0,0.02015,-1.21031,-0.6032,1,-0.1543,0.633,-1.6172,true,true,0.0556,0.3344,-1.5775,0.013,-0.2051,-0.2985,-0.0597,0.013,true,-0.1543,0.633,-1.6172,1.7523,138.4,-192.2,1.0545,,,true,,,,,,,,,,,true,1,0,0,0,1.5775,0,0,0,0.0201,-1.2103,-0.6032,WebglFramebuffer,5,0,1,true,0,
29726.5,1790994196988,21:23:16.988,placed,true,315,93.1,27.881574,NORMAL,UNSPECIFIED,0.0242,1.2822,-0.1912,0.2959,-0.0445,0.0089,-0.9541,64.5775,0.5122,0.0242,1.2822,-0.1912,-0.2959,0.0445,-0.0089,0.9541,64.5775,0.5122,0,1.4213,-0.1543,0.633,-1.6172,0,0.9988,0,-0.0482,1,182.3,276.9,false,,,,400,0.3857,14,2.5204,-0.0298,,,0.6334,,,,,,10.244,83.2,0.0581,0,0.5122,0,0,0.01,99.9934,0,0,3.0898,1.5825,0,0,-1.0002,-0.02,0.99588,-0.00941,0.09021,0,-0.04329,0.82473,0.56386,0,-0.0797,-0.56544,0.82093,0,0.01617,-1.16537,-0.56827,1,-0.1543,0.633,-1.6172,true,true,0.0556,0.3344,-1.5775,0.013,-0.2051,-0.2985,-0.0597,0.013,true,-0.1543,0.633,-1.6172,1.7523,151,-236.1,1.0243,,,true,,,,,,,,,,,true,1,0,0,0,1.5775,0,0,0,0.0162,-1.1654,-0.5683,WebglFramebuffer,4,0,1,true,0,
29837.3,1790994197099,21:23:17.098,placed,true,316,64.8,27.973268,NORMAL,UNSPECIFIED,0.0202,1.2422,-0.1953,0.2967,-0.0449,0.0062,-0.9539,64.5775,0.5122,0.0202,1.2422,-0.1953,-0.2967,0.0449,-0.0062,0.9539,64.5775,0.5122,0,0,-0.1543,0.633,-1.6172,0,0.9988,0,-0.0482,1,183,261.7,false,,,,396,0.3902,8,2.4576,-0.0402,,,0.6334,,,,,,10.1229,100,0.0405,0,0.5122,0,0,0.01,99.9934,0,0,3.0898,1.5825,0,0,-1.0002,-0.02,0.99588,-0.01479,0.08945,0,-0.03855,0.82391,0.5654,0,-0.08206,-0.56652,0.81995,0,0.01174,-1.13382,-0.54397,1,-0.1543,0.633,-1.6172,true,true,0.0556,0.3344,-1.5775,0.013,-0.2051,-0.2985,-0.0597,0.013,true,-0.1543,0.633,-1.6172,1.7523,153.9,-273.8,0.9959,,,true,,,,,,,,,,,true,1,0,0,0,1.5775,0,0,0,0.0117,-1.1338,-0.544,WebglFramebuffer,4,0,1,true,0,
29892.5,1790994197154,21:23:17.154,placed,true,317,33.1,28.111729,NORMAL,UNSPECIFIED,0.0099,1.2046,-0.1952,0.299,-0.0428,0.004,-0.9533,64.5775,0.5122,0.0099,1.2046,-0.1952,-0.299,0.0428,-0.004,0.9533,64.5775,0.5122,0,0,-0.1543,0.633,-1.6172,0,0.9988,0,-0.0482,1,183.4,244.2,false,,,,394,0.3868,3,2.3202,-0.0238,,,0.6334,,,,,,10.9189,100,0.039,0,0.5122,0,0,0.01,99.9934,0,0,3.0898,1.5825,0,0,-1.0002,-0.02,0.99631,-0.01805,0.08393,0,-0.03312,0.82117,0.56972,0,-0.0792,-0.5704,0.81754,0,0.01452,-1.10035,-0.52748,1,-0.1543,0.633,-1.6172,true,true,0.0556,0.3344,-1.5775,0.013,-0.2051,-0.2985,-0.0597,0.013,true,-0.1543,0.633,-1.6172,1.7523,156.8,-315.3,0.9678,,,true,,,,,,,,,,,true,1,0,0,0,1.5775,0,0,0,0.0145,-1.1003,-0.5275,WebglFramebuffer,4,0,1,true,0,
29976.9,1790994197239,21:23:17.238,placed,true,318,63.6,28.199439,NORMAL,UNSPECIFIED,0.0134,1.1283,-0.1983,0.296,-0.0386,0.0057,-0.9544,64.5775,0.5122,0.0134,1.1283,-0.1983,-0.296,0.0386,-0.0057,0.9544,64.5775,0.5122,0,0,-0.1543,0.633,-1.6172,0,0.9988,0,-0.0482,1,175.3,218.8,false,,,,387,0.3845,2,2.1214,0.0047,,,0.6334,,,,,,11.0105,50,0.0764,0,0.5122,0,0,0.01,99.9934,0,0,3.0898,1.5825,0,0,-1.0002,-0.02,0.99695,-0.01203,0.07705,0,-0.03368,0.82468,0.56459,0,-0.07033,-0.56547,0.82176,0,0.0107,-1.04246,-0.47511,1,-0.1543,0.633,-1.6172,true,true,0.0556,0.3344,-1.5775,0.013,-0.2051,-0.2985,-0.0597,0.013,true,-0.1543,0.633,-1.6172,1.7523,142.7,-379.9,0.9293,,,true,,,,,,,,,,,true,1,0,0,0,1.5775,0,0,0,0.0107,-1.0425,-0.4751,WebglFramebuffer,4,0,1,true,0,
30083,1790994197345,21:23:17.344,placed,true,319,82.6,28.253168,NORMAL,UNSPECIFIED,0.0059,1.0844,-0.2025,0.2964,-0.0319,0.0029,-0.9545,64.5775,0.5122,0.0059,1.0844,-0.2025,-0.2964,0.0319,-0.0029,0.9545,64.5775,0.5122,0,1.1547,-0.1543,0.633,-1.6172,0,0.9988,0,-0.0482,1,168.8,200.4,false,,,,385,0.3864,1,1.8406,0.0047,,,0.6334,,,,,,10.8528,83.3,0.0448,0,0.5122,0,0,0.01,99.9934,0,0,3.0898,1.5825,0,0,-1.0002,-0.02,0.99794,-0.01339,0.0627,0,-0.02449,0.82425,0.5657,0,-0.05926,-0.56607,0.82222,0,0.00863,-1.00832,-0.44734,1,-0.1543,0.633,-1.6172,true,true,0.0556,0.3344,-1.5775,0.013,-0.2051,-0.2985,-0.0597,0.013,true,-0.1543,0.633,-1.6172,1.7523,137,-429.6,0.8983,,,true,,,,,,,,,,,true,1,0,0,0,1.5775,0,0,0,0.0086,-1.0083,-0.4473,WebglFramebuffer,4,0,1,true,0,
30183.7,1790994197445,21:23:17.445,placed,true,320,75.3,28.3398,NORMAL,UNSPECIFIED,0.0028,1.0507,-0.2114,0.2996,-0.026,0.0035,-0.9537,64.5775,0.5122,0.0028,1.0507,-0.2114,-0.2996,0.026,-0.0035,0.9537,64.5775,0.5122,0,0.4555,-0.1543,0.633,-1.6172,0,0.9988,0,-0.0482,1,161.3,182.9,false,,,,382,0.3834,1,1.8135,0.0047,,,0.6334,,,,,,10.7606,100,0.035,0,0.5122,0,0,0.01,99.9934,0,0,3.0898,1.5825,0,0,-1.0002,-0.02,0.99863,-0.00881,0.05167,0,-0.02232,0.82048,0.57125,0,-0.04743,-0.57161,0.81915,0,0.01062,-0.98293,-0.42716,1,-0.1543,0.633,-1.6172,true,true,0.0556,0.3344,-1.5775,0.013,-0.2051,-0.2985,-0.0597,0.013,true,-0.1543,0.633,-1.6172,1.7523,124.8,-482.6,0.8628,,,true,,,,,,,,,,,true,1,0,0,0,1.5775,0,0,0,0.0106,-0.9829,-0.4272,WebglFramebuffer,4,0,1,true,0,
30258.1,1790994197520,21:23:17.519,placed,true,321,42.6,28.447912,NORMAL,UNSPECIFIED,0.0079,1.0209,-0.2078,0.2941,-0.0279,0.0076,-0.9553,64.5775,0.5122,0.0079,1.0209,-0.2078,-0.2941,0.0279,-0.0076,0.9553,64.5775,0.5122,0,1.3649,-0.1543,0.633,-1.6172,0,0.9988,0,-0.0482,1,161,177.4,false,,,,381,0.3847,1,1.8,0.0047,,,0.6334,,,,,,11.0304,100,0.0305,0,0.5122,0,0,0.01,99.9934,0,0,3.0898,1.5825,0,0,-1.0002,-0.02,0.99832,-0.00188,0.05787,0,-0.031,0.82686,0.56156,0,-0.0489,-0.56241,0.82541,0,0.01356,-0.96099,-0.40226,1,-0.1543,0.633,-1.6172,true,true,0.0556,0.3344,-1.5775,0.013,-0.2051,-0.2985,-0.0597,0.013,true,-0.1543,0.633,-1.6172,1.7523,119.1,-492.5,0.8642,,,true,,,,,,,,,,,true,1,0,0,0,1.5775,0,0,0,0.0136,-0.961,-0.4023,WebglFramebuffer,4,0,1,true,0,
30350.5,1790994197612,21:23:17.612,placed,true,322,63.1,28.555656,NORMAL,UNSPECIFIED,0.0036,0.987,-0.2051,0.2941,-0.0258,0.0061,-0.9554,64.5775,0.5122,0.0036,0.987,-0.2051,-0.2941,0.0258,-0.0061,0.9554,64.5775,0.5122,0,0.5883,-0.1543,0.633,-1.6172,0,0.9988,0,-0.0482,1,159.4,161.6,false,,,,379,0.3856,3,1.6085,0.016,,,0.6334,,,,,,11.0085,66.6,0.0343,0,0.5122,0,0,0.01,99.9934,0,0,3.0898,1.5825,0,0,-1.0002,-0.02,0.99859,-0.00358,0.05289,0,-0.02679,0.82689,0.56173,0,-0.04574,-0.56236,0.82563,0,0.01345,-0.93146,-0.38532,1,-0.1543,0.633,-1.6172,true,true,0.0556,0.3344,-1.5775,0.013,-0.2051,-0.2985,-0.0597,0.013,true,-0.1543,0.633,-1.6172,1.7523,118.5,-532.1,0.8465,,,true,,,,,,,,,,,true,1,0,0,0,1.5775,0,0,0,0.0135,-0.9315,-0.3853,WebglFramebuffer,4,0,1,true,0,
30474.4,1790994197736,21:23:17.736,placed,true,323,103.1,28.627383,NORMAL,UNSPECIFIED,0.0026,0.9662,-0.1988,0.2943,-0.0249,0.0029,-0.9554,64.5775,0.5122,0.0026,0.9662,-0.1988,-0.2943,0.0249,-0.0029,0.9554,64.5775,0.5122,0,0,-0.1543,0.633,-1.6172,0,0.9988,0,-0.0482,1,158.7,150.8,false,,,,378,0.3844,4,1.6227,0.016,,,0.6334,,,,,,10.7141,100,0.0218,0,0.5122,0,0,0.01,99.9934,0,0,3.0898,1.5825,0,0,-1.0002,-0.02,0.99875,-0.00907,0.04926,0,-0.02022,0.82677,0.56218,0,-0.04582,-0.56247,0.82555,0,0.00787,-0.91061,-0.37922,1,-0.1543,0.633,-1.6172,true,true,0.0556,0.3344,-1.5775,0.013,-0.2051,-0.2985,-0.0597,0.013,true,-0.1543,0.633,-1.6172,1.7523,121.3,-555.9,0.839,,,true,,,,,,,,,,,true,1,0,0,0,1.5775,0,0,0,0.0079,-0.9106,-0.3792,WebglFramebuffer,4,0,1,true,0,
30531,1790994197793,21:23:17.792,placed,true,324,35.6,28.710935,NORMAL,UNSPECIFIED,0.0019,0.9497,-0.1978,0.2941,-0.0249,0.002,-0.9554,64.5775,0.5122,0.0019,0.9497,-0.1978,-0.2941,0.0249,-0.002,0.9554,64.5775,0.5122,0,1.5546,-0.1543,0.633,-1.6172,0,0.9988,0,-0.0482,1,158.7,143.2,false,,,,378,0.3838,4,1.6137,0.016,,,0.6334,,,,,,11.4126,100,0.0166,0,0.5122,0,0,0.01,99.9934,0,0,3.0898,1.5825,0,0,-1.0002,-0.02,0.99875,-0.01085,0.04877,0,-0.01846,0.827,0.5619,0,-0.04642,-0.56209,0.82577,0,0.00648,-0.89654,-0.37041,1,-0.1543,0.633,-1.6172,true,true,0.0556,0.3344,-1.5775,0.013,-0.2051,-0.2985,-0.0597,0.013,true,-0.1543,0.633,-1.6172,1.7523,122.3,-575.3,0.831,,,true,,,,,,,,,,,true,1,0,0,0,1.5775,0,0,0,0.0065,-0.8965,-0.3704,WebglFramebuffer,4,0,1,true,0.0166,
30628,1790994197890,21:23:17.889,placed,true,325,75.6,28.835403,NORMAL,UNSPECIFIED,0.0078,0.9346,-0.197,0.2948,-0.0258,0.0044,-0.9552,64.5775,0.5122,0.0078,0.9346,-0.197,-0.2948,0.0258,-0.0044,0.9552,64.5775,0.5122,0,0.1554,-0.1543,0.633,-1.6172,0,0.9988,0,-0.0482,1,156.7,135.3,false,,,,377,0.3832,4,1.6056,0.016,,,0.6334,,,,,,11.3022,50,0.0162,0,0.5122,0,0,0.01,99.9934,0,0,3.0898,1.5825,0,0,-1.0002,-0.02,0.99863,-0.00682,0.05197,0,-0.02365,0.82617,0.56292,0,-0.04677,-0.56338,0.82487,0,0.00515,-0.88304,-0.36404,1,-0.1543,0.633,-1.6172,true,true,0.0556,0.3344,-1.5775,0.013,-0.2051,-0.2985,-0.0597,0.013,true,-0.1543,0.633,-1.6172,1.7523,114.9,-595.9,0.822,,,true,,,,,,,,,,,true,1,0,0,0,1.5775,0,0,0,0.0051,-0.883,-0.364,WebglFramebuffer,4,0,1,true,0,
30770,1790994198032,21:23:18.031,placed,true,326,115.6,28.892039,NORMAL,UNSPECIFIED,0.0042,0.8939,-0.1969,0.2902,-0.0241,0.0102,-0.9566,64.5775,0.5122,0.0042,0.8939,-0.1969,-0.2902,0.0241,-0.0102,0.9566,64.5775,0.5122,0,0.639,-0.1543,0.633,-1.6172,0,0.9988,0,-0.0482,1,154.2,123.2,false,,,,374,0.3822,5,1.5609,0.016,,,0.6334,,,,,,10.8762,100,0.0408,0,0.5122,0,0,0.01,99.9934,0,0,3.0898,1.5825,0,0,-1.0002,-0.02,0.99863,0.00563,0.05199,0,-0.03357,0.83134,0.55474,0,-0.0401,-0.55573,0.8304,0,0.01788,-0.85257,-0.33264,1,-0.1543,0.633,-1.6172,true,true,0.0556,0.3344,-1.5775,0.013,-0.2051,-0.2985,-0.0597,0.013,true,-0.1543,0.633,-1.6172,1.7523,103.7,-625.6,0.8124,,,true,,,,,,,,,,,true,1,0,0,0,1.5775,0,0,0,0.0179,-0.8526,-0.3326,WebglFramebuffer,4,0,1,true,0,
30841.9,1790994198103,21:23:18.103,placed,true,327,39.4,28.993853,NORMAL,UNSPECIFIED,0.0074,0.8826,-0.2027,0.2906,-0.0238,0.011,-0.9565,64.5775,0.5122,0.0074,0.8826,-0.2027,-0.2906,0.0238,-0.011,0.9565,64.5775,0.5122,0,0,-0.1543,0.633,-1.6172,0,0.9988,0,-0.0482,1,151.7,117.7,false,,,,372,0.3788,4,1.5499,0.0227,,,0.6334,,,,,,11.1814,100,0.0132,0,0.5122,0,0,0.01,99.9934,0,0,3.0898,1.5825,0,0,-1.0002,-0.02,0.99862,0.00722,0.05196,0,-0.0349,0.83086,0.55539,0,-0.03916,-0.55644,0.82997,0,0.01544,-0.84613,-0.3223,1,-0.1543,0.633,-1.6172,true,true,0.0556,0.3344,-1.5775,0.013,-0.2051,-0.2985,-0.0597,0.013,true,-0.1543,0.633,-1.6172,1.7523,97.8,-645.8,0.8003,,,true,,,,,,,,,,,true,1,0,0,0,1.5775,0,0,0,0.0154,-0.8461,-0.3223,WebglFramebuffer,4,0,1,true,0.0132,
30970.7,1790994198232,21:23:18.232,placed,true,328,88.2,29.142658,NORMAL,UNSPECIFIED,0.0082,0.8711,-0.1848,0.2919,-0.0258,0.0078,-0.9561,64.5775,0.5122,0.0082,0.8711,-0.1848,-0.2919,0.0258,-0.0078,0.9561,64.5775,0.5122,0,0,-0.1543,0.633,-1.6172,0,0.9988,0,-0.0482,1,154.8,108.1,false,,,,390,0.422,7,1.6513,-0.0286,,,0.6334,,,,,,10.8396,66.6,0.0213,0,0.5122,0,0,0.01,99.9934,0,0,3.0898,1.5825,0,0,-1.0002,-0.02,0.99855,-0.00006,0.05386,0,-0.03004,0.82942,0.55781,0,-0.0447,-0.55862,0.82822,0,0.00976,-0.82576,-0.33334,1,-0.1543,0.633,-1.6172,true,true,0.0556,0.3344,-1.5775,0.013,-0.2051,-0.2985,-0.0597,0.013,true,-0.1543,0.633,-1.6172,1.7523,106.6,-657,0.805,,,true,,,,,,,,,,,true,1,0,0,0,1.5775,0,0,0,0.0098,-0.8258,-0.3333,WebglFramebuffer,4,0,1,true,0,
31035.9,1790994198298,21:23:18.297,placed,true,329,41.5,29.221722,NORMAL,UNSPECIFIED,0.0062,0.8583,-0.1828,0.2939,-0.028,0.0023,-0.9554,64.5775,0.5122,0.0062,0.8583,-0.1828,-0.2939,0.028,-0.0023,0.9554,64.5775,0.5122,0,1.0791,-0.1543,0.633,-1.6172,0,0.9988,0,-0.0482,1,159.3,97.8,false,,,,385,0.4307,7,1.5585,0.0033,,,0.6334,,,,,,11.2871,100,0.0131,0,0.5122,0,0,0.01,99.9934,0,0,3.0898,1.5825,0,0,-1.0002,-0.02,0.99842,-0.01217,0.05489,0,-0.02079,0.82725,0.56145,0,-0.05224,-0.5617,0.82569,0,0.00207,-0.81267,-0.3313,1,-0.1543,0.633,-1.6172,true,true,0.0556,0.3344,-1.5775,0.013,-0.2051,-0.2985,-0.0597,0.013,true,-0.1543,0.633,-1.6172,1.7523,119.8,-684.9,0.7934,,,true,,,,,,,,,,,true,1,0,0,0,1.5775,0,0,0,0.0021,-0.8127,-0.3313,WebglFramebuffer,4,0,1,true,0,
31131.3,1790994198393,21:23:18.393,placed,true,330,75,29.334515,NORMAL,UNSPECIFIED,0.0118,0.8639,-0.1788,0.2901,-0.0298,0.0018,-0.9565,64.5775,0.5122,0.0118,0.8639,-0.1788,-0.2901,0.0298,-0.0018,0.9565,64.5775,0.5122,0,1.2391,-0.1543,0.633,-1.6172,0,0.9988,0,-0.0482,1,159.7,106,false,,,,389,0.4321,7,1.6527,-0.0286,,,0.6334,,,,,,11.2055,66.7,0.0088,0,0.5122,0,0,0.01,99.9934,0,0,3.0898,1.5825,0,0,-1.0002,-0.02,0.99822,-0.01387,0.05807,0,-0.02073,0.83165,0.55491,0,-0.05599,-0.55513,0.82988,0,-0.00385,-0.81756,-0.33168,1,-0.1543,0.633,-1.6172,true,true,0.0556,0.3344,-1.5775,0.013,-0.2051,-0.2985,-0.0597,0.013,true,-0.1543,0.633,-1.6172,1.7523,121.7,-655.1,0.8113,,,true,,,,,,,,,,,true,1,0,0,0,1.5775,0,0,0,-0.0039,-0.8176,-0.3317,WebglFramebuffer,4,0,1,true,0,
31229.8,1790994198491,21:23:18.491,placed,true,331,70.4,29.396746,NORMAL,UNSPECIFIED,0.0118,0.8605,-0.18,0.2873,-0.0315,0.0045,-0.9573,64.5775,0.5122,0.0118,0.8605,-0.18,-0.2873,0.0315,-0.0045,0.9573,64.5775,0.5122,0,0.7758,-0.1543,0.633,-1.6172,0,0.9988,0,-0.0482,1,161.5,109.1,false,,,,390,0.4345,8,1.6597,-0.0286,,,0.6334,,,,,,11.1012,99.9,0.0036,0,0.5122,0,0,0.01,99.9934,0,0,3.0898,1.5825,0,0,-1.0002,-0.02,0.99797,-0.00952,0.0629,0,-0.02669,0.83492,0.54972,0,-0.05775,-0.55029,0.83298,0,0.0008,-0.81742,-0.32383,1,-0.1543,0.633,-1.6172,true,true,0.0556,0.3344,-1.5775,0.013,-0.2051,-0.2985,-0.0597,0.013,true,-0.1543,0.633,-1.6172,1.7523,120.9,-645,0.8173,,,true,,,,,,,,,,,true,1,0,0,0,1.5775,0,0,0,0.0008,-0.8174,-0.3238,WebglFramebuffer,4,0,1,true,0,
31319.8,1790994198581,21:23:18.581,placed,true,332,62.4,29.499109,NORMAL,UNSPECIFIED,0.01,0.8665,-0.1778,0.2835,-0.031,0.004,-0.9585,64.5775,0.5122,0.01,0.8665,-0.1778,-0.2835,0.031,-0.004,0.9585,64.5775,0.5122,0,0,-0.1543,0.633,-1.6172,0,0.9988,0,-0.0482,1,162.1,117.4,false,,,,391,0.4368,8,1.6648,-0.0286,,,0.6334,,,,,,11.1022,100,0.0066,0,0.5122,0,0,0.01,99.9934,0,0,3.0898,1.5825,0,0,-1.0002,-0.02,0.99805,-0.00988,0.06169,0,-0.02528,0.83919,0.54325,0,-0.05714,-0.54375,0.8373,0,0.0018,-0.8237,-0.32247,1,-0.1543,0.633,-1.6172,true,true,0.0556,0.3344,-1.5775,0.013,-0.2051,-0.2985,-0.0597,0.013,true,-0.1543,0.633,-1.6172,1.7523,123.9,-618.4,0.8329,,,true,,,,,,,,,,,true,1,0,0,0,1.5775,0,0,0,0.0018,-0.8237,-0.3225,WebglFramebuffer,4,0,1,true,0,
31414.8,1790994198676,21:23:18.676,placed,true,333,67.4,29.597148,NORMAL,UNSPECIFIED,0.009,0.8715,-0.183,0.2853,-0.0326,0.002,-0.9579,64.5775,0.5122,0.009,0.8715,-0.183,-0.2853,0.0326,-0.002,0.9579,64.5775,0.5122,0,0,-0.1543,0.633,-1.6172,0,0.9988,0,-0.0482,1,164.8,117.4,false,,,,391,0.4389,8,1.6632,-0.0286,,,0.6334,,,,,,11.0446,83.3,0.0073,0,0.5122,0,0,0.01,99.9934,0,0,3.0898,1.5825,0,0,-1.0002,-0.02,0.99787,-0.01469,0.06356,0,-0.02248,0.83718,0.54647,0,-0.06124,-0.54673,0.83506,0,-0.00059,-0.82948,-0.32403,1,-0.1543,0.633,-1.6172,true,true,0.0556,0.3344,-1.5775,0.013,-0.2051,-0.2985,-0.0597,0.013,true,-0.1543,0.633,-1.6172,1.7523,129.7,-624.2,0.8261,,,true,,,,,,,,,,,true,1,0,0,0,1.5775,0,0,0,-0.0006,-0.8295,-0.324,WebglFramebuffer,4,0,1,true,0,
31489.8,1790994198752,21:23:18.751,placed,true,334,47.5,29.687675,NORMAL,UNSPECIFIED,0.0017,0.8836,-0.1922,0.2882,-0.032,-0.0021,-0.957,64.5775,0.5122,0.0017,0.8836,-0.1922,-0.2882,0.032,0.0021,0.957,64.5775,0.5122,0,1.2899,-0.1543,0.633,-1.6172,0,0.9988,0,-0.0482,1,167.7,119.3,false,,,,391,0.4375,8,1.6623,-0.0286,,,0.6334,,,,,,11.2717,99.9,0.0169,0,0.5122,0,0,0.01,99.9934,0,0,3.0898,1.5825,0,0,-1.0002,-0.02,0.99794,-0.02243,0.06008,0,-0.01448,0.83388,0.55176,0,-0.06247,-0.55149,0.83184,0,-0.00091,-0.8428,-0.32774,1,-0.1543,0.633,-1.6172,true,true,0.0556,0.3344,-1.5775,0.013,-0.2051,-0.2985,-0.0597,0.013,true,-0.1543,0.633,-1.6172,1.7523,139.4,-629.8,0.8158,,,true,,,,,,,,,,,true,1,0,0,0,1.5775,0,0,0,-0.0009,-0.8428,-0.3277,WebglFramebuffer,4,0,1,true,0,
31585.7,1790994198847,21:23:18.847,placed,true,335,74.3,29.782292,NORMAL,UNSPECIFIED,-0.0007,0.9163,-0.2007,0.2917,-0.0302,-0.0034,-0.956,64.5775,0.5122,-0.0007,0.9163,-0.2007,-0.2917,0.0302,0.0034,0.956,64.5775,0.5122,0,1.1631,-0.1543,0.633,-1.6172,0,0.9988,0,-0.0482,1,166.7,130.5,false,,,,392,0.4389,8,1.6738,-0.0286,,,0.6334,,,,,,11.1884,66.7,0.0338,0,0.5122,0,0,0.01,99.9934,0,0,3.0898,1.5825,0,0,-1.0002,-0.02,0.99815,-0.02418,0.05581,0,-0.01109,0.82981,0.55793,0,-0.05981,-0.55752,0.82801,0,-0.00115,-0.87225,-0.34495,1,-0.1543,0.633,-1.6172,true,true,0.0556,0.3344,-1.5775,0.013,-0.2051,-0.2985,-0.0597,0.013,true,-0.1543,0.633,-1.6172,1.7523,140,-609.8,0.8164,,,true,,,,,,,,,,,true,1,0,0,0,1.5775,0,0,0,-0.0011,-0.8723,-0.345,WebglFramebuffer,4,0,1,true,0,
31709.4,1790994198971,21:23:18.971,placed,true,336,92.1,29.85181,NORMAL,UNSPECIFIED,0.0067,0.9626,-0.2045,0.2937,-0.03,-0.0015,-0.9554,64.5775,0.5122,0.0067,0.9626,-0.2045,-0.2937,0.03,0.0015,0.9554,64.5775,0.5122,0,1.1332,-0.1543,0.633,-1.6172,0,0.9988,0,-0.0482,1,163.6,150.1,false,,,,385,0.4474,6,1.7044,-0.0286,,,0.6334,,,,,,10.8773,99.9,0.0471,0,0.5122,0,0,0.01,99.9934,0,0,3.0898,1.5825,0,0,-1.0002,-0.02,0.99819,-0.02058,0.05647,0,-0.01469,0.82745,0.56134,0,-0.05828,-0.56116,0.82565,0,-0.00442,-0.91112,-0.37193,1,-0.1543,0.633,-1.6172,true,true,0.0556,0.3344,-1.5775,0.013,-0.2051,-0.2985,-0.0597,0.013,true,-0.1543,0.633,-1.6172,1.7523,132.9,-561.4,0.8343,,,true,,,,,,,,,,,true,1,0,0,0,1.5775,0,0,0,-0.0044,-0.9111,-0.3719,WebglFramebuffer,4,0,1,true,0,
31787.9,1790994199050,21:23:19.049,placed,true,337,54.6,29.95705,NORMAL,UNSPECIFIED,0.0061,1.0078,-0.2073,0.2942,-0.0277,0.0011,-0.9553,64.5775,0.5122,0.0061,1.0078,-0.2073,-0.2942,0.0277,-0.0011,0.9553,64.5775,0.5122,0,1.4474,-0.1543,0.633,-1.6172,0,0.9988,0,-0.0482,1,161.4,170.6,false,,,,386,0.4476,5,1.7644,-0.0358,,,0.6334,,,,,,11.0634,100,0.0452,0,0.5122,0,0,0.01,99.9934,0,0,3.0898,1.5825,0,0,-1.0002,-0.02,0.99847,-0.01412,0.05355,0,-0.01845,0.82689,0.56207,0,-0.05221,-0.56219,0.82536,0,0.00166,-0.94976,-0.39565,1,-0.1543,0.633,-1.6172,true,true,0.0556,0.3344,-1.5775,0.013,-0.2051,-0.2985,-0.0597,0.013,true,-0.1543,0.633,-1.6172,1.7523,127.7,-509.9,0.856,,,true,,,,,,,,,,,true,1,0,0,0,1.5775,0,0,0,0.0017,-0.9498,-0.3956,WebglFramebuffer,4,0,1,true,0,
31880.6,1790994199142,21:23:19.142,placed,true,338,68.3,30.073017,NORMAL,UNSPECIFIED,0.021,1.0883,-0.2041,0.2923,-0.0292,0.01,-0.9558,64.5775,0.5122,0.021,1.0883,-0.2041,-0.2923,0.0292,-0.01,0.9558,64.5775,0.5122,0,1.1956,-0.1543,0.633,-1.6172,0,0.9988,0,-0.0482,1,159.2,208.9,false,,,,390,0.4451,2,2.341,-0.0628,,,0.6334,,,,,,11.0358,83.2,0.082,0,0.5122,0,0,0.01,99.9934,0,0,3.0898,1.5825,0,0,-1.0002,-0.02,0.99809,0.00208,0.06175,0,-0.03626,0.82893,0.55818,0,-0.05002,-0.55935,0.82742,0,0.00827,-1.01636,-0.43989,1,-0.1543,0.633,-1.6172,true,true,0.0556,0.3344,-1.5775,0.013,-0.2051,-0.2985,-0.0597,0.013,true,-0.1543,0.633,-1.6172,1.7523,115.3,-409.1,0.9109,,,true,,,,,,,,,,,true,1,0,0,0,1.5775,0,0,0,0.0083,-1.0164,-0.4399,WebglFramebuffer,5,0,1,true,0,
32001.2,1790994199263,21:23:19.262,placed,true,339,97.8,30.152477,NORMAL,UNSPECIFIED,0.0151,1.1914,-0.2076,0.2957,-0.0276,0.0061,-0.9549,64.5775,0.5122,0.0151,1.1914,-0.2076,-0.2957,0.0276,-0.0061,0.9549,64.5775,0.5122,0,0,-0.1543,0.633,-1.6172,0,0.9988,0,-0.0482,1,162,246,false,,,,392,0.4421,1,2.1561,0.0627,,,0.6334,,,,,,10.7621,83.4,0.1033,0,0.5122,0,0,0.01,99.9934,0,0,3.0898,1.5825,0,0,-1.0002,-0.02,0.9984,-0.00463,0.05632,0,-0.02801,0.82507,0.56434,0,-0.04908,-0.56501,0.82362,0,0.00813,-1.10022,-0.50224,1,-0.1543,0.633,-1.6172,true,true,0.0556,0.3344,-1.5775,0.013,-0.2051,-0.2985,-0.0597,0.013,true,-0.1543,0.633,-1.6172,1.7523,126.3,-320.6,0.9566,,,true,,,,,,,,,,,true,1,0,0,0,1.5775,0,0,0,0.0081,-1.1002,-0.5022,WebglFramebuffer,5,0,1,true,0,
32174.4,1790994199436,21:23:19.436,placed,true,340,149,30.243462,NORMAL,UNSPECIFIED,0.0103,1.2668,-0.2117,0.2984,-0.0269,0.0067,-0.954,64.5775,0.5122,0.0103,1.2668,-0.2117,-0.2984,0.0269,-0.0067,0.954,64.5775,0.5122,0,1.3841,-0.1543,0.633,-1.6172,0,0.9988,0,-0.0482,1,164.7,271.7,false,,,,391,0.4416,9,2.4858,-0.0463,,,0.6334,,,,,,10.2633,100,0.0757,0,0.5122,0,0,0.01,99.9934,0,0,3.0898,1.5825,0,0,-1.0002,-0.02,0.99846,-0.00323,0.05532,0,-0.02887,0.82181,0.56903,0,-0.0473,-0.56975,0.82046,0,0.01623,-1.1617,-0.5477,1,-0.1543,0.633,-1.6172,true,true,0.0556,0.3344,-1.5775,0.013,-0.2051,-0.2985,-0.0597,0.013,true,-0.1543,0.633,-1.6172,1.7523,131,-261,0.9895,,,true,,,,,,,,,,,true,1,0,0,0,1.5775,0,0,0,0.0162,-1.1617,-0.5477,WebglFramebuffer,5,0,1,true,0,
32251.4,1790994199513,21:23:19.513,placed,true,341,32,30.365688,NORMAL,UNSPECIFIED,0.0177,1.3574,-0.214,0.3065,-0.0269,0.0086,-0.9514,64.5775,0.5122,0.0177,1.3574,-0.214,-0.3065,0.0269,-0.0086,0.9514,64.5775,0.5122,0,1.6061,-0.1543,0.633,-1.6172,0,0.9988,0,-0.0482,1,164.2,294.1,false,,,,339,0.5891,15,2.5925,-0.0342,,,0.6334,,,,,,10.5357,100,0.0909,0,0.5122,0,0,0.01,99.9934,0,0,3.0898,1.5825,0,0,-1.0002,-0.02,0.9984,-0.00008,0.05655,0,-0.03295,0.81193,0.58282,0,-0.04597,-0.58375,0.81063,0,0.01721,-1.227,-0.61867,1,-0.1543,0.633,-1.6172,true,true,0.0556,0.3344,-1.5775,0.013,-0.2051,-0.2985,-0.0597,0.013,true,-0.1543,0.633,-1.6172,1.7523,128.6,-205.1,1.0231,,,true,,,,,,,,,,,true,1,0,0,0,1.5775,0,0,0,0.0172,-1.227,-0.6187,WebglFramebuffer,5,0,1,true,0,
32376,1790994199638,21:23:19.637,placed,true,342,96.6,30.558943,NORMAL,UNSPECIFIED,0.0184,1.4797,-0.2136,0.3094,-0.0242,0.0133,-0.9505,64.5775,0.5122,0.0184,1.4797,-0.2136,-0.3094,0.0242,-0.0133,0.9505,64.5775,0.5122,0,1.2433,-0.1543,0.633,-1.6172,0,0.9988,0,-0.0482,1,164.8,331.5,false,,,,344,0.5939,21,2.6779,-0.0377,,,0.6334,,,,,,10.2847,83.3,0.1223,0,0.5122,0,0,0.01,99.9934,0,0,3.0898,1.5825,0,0,-1.0002,-0.02,0.99847,0.0104,0.05423,0,-0.04033,0.80819,0.58754,0,-0.03772,-0.58883,0.80738,0,0.03329,-1.32183,-0.69793,1,-0.1543,0.633,-1.6172,true,true,0.0556,0.3344,-1.5775,0.013,-0.2051,-0.2985,-0.0597,0.013,true,-0.1543,0.633,-1.6172,1.7523,127.8,-116.8,1.0893,,,true,,,,,,,,,,,true,1,0,0,0,1.5775,0,0,0,0.0333,-1.3218,-0.6979,WebglFramebuffer,5,0,1,true,0,
32474.2,1790994199736,21:23:19.735,placed,true,343,72.9,30.619325,NORMAL,UNSPECIFIED,0.0215,1.6527,-0.2141,0.3152,-0.0227,0.0147,-0.9486,64.5775,0.5122,0.0215,1.6527,-0.2141,-0.3152,0.0227,-0.0147,0.9486,64.5775,0.5122,0,1.4093,-0.1543,0.633,-1.6172,0,0.9988,0,-0.0482,1,166.6,376.1,false,,,,342,0.5923,18,2.7827,-0.035,,,0.6334,,,,,,10.2735,100,0.1731,0,0.5122,0,0,0.01,99.9934,0,0,3.0898,1.5825,0,0,-1.0002,-0.02,0.99854,0.01352,0.05222,0,-0.04208,0.80082,0.59742,0,-0.03374,-0.59875,0.80022,0,0.04082,-1.452,-0.81721,1,-0.1543,0.633,-1.6172,true,true,0.0556,0.3344,-1.5775,0.013,-0.2051,-0.2985,-0.0597,0.013,true,-0.1543,0.633,-1.6172,1.7523,132.3,-13.1,1.1812,,,true,,,,,,,,,,,true,1,0,0,0,1.5775,0,0,0,0.0408,-1.452,-0.8172,WebglFramebuffer,6,0,1,true,0,
32558.5,1790994199820,21:23:19.820,placed,true,344,59.1,30.741377,NORMAL,UNSPECIFIED,0.0304,1.7274,-0.2249,0.3251,-0.0234,0.0177,-0.9452,64.5775,0.5122,0.0304,1.7274,-0.2249,-0.3251,0.0234,-0.0177,0.9452,64.5775,0.5122,0,1.1003,-0.1543,0.633,-1.6172,0,0.9988,0,-0.0482,1,167.2,386.5,false,,,,341,0.5883,18,2.8207,-0.035,,,0.6334,,,,,,10.4338,100,0.076,0,0.5122,0,0,0.01,99.9934,0,0,3.0898,1.5825,0,0,-1.0002,-0.02,0.99828,0.01832,0.05575,0,-0.04874,0.78804,0.61369,0,-0.03269,-0.61535,0.78758,0,0.04652,-1.50018,-0.88468,1,-0.1543,0.633,-1.6172,true,true,0.0556,0.3344,-1.5775,0.013,-0.2051,-0.2985,-0.0597,0.013,true,-0.1543,0.633,-1.6172,1.7523,130.2,15.4,1.2032,,,true,,,,,,,,,,,true,1,0,0,0,1.5775,0,0,0,0.0465,-1.5002,-0.8847,WebglFramebuffer,6,0,1,true,0,
32691.5,1790994199953,21:23:19.953,placed,true,345,106.2,30.83968,NORMAL,UNSPECIFIED,0.0355,1.8713,-0.2172,0.334,-0.0253,0.0144,-0.9421,64.5775,0.5122,0.0355,1.8713,-0.2172,-0.334,0.0253,-0.0144,0.9421,64.5775,0.5122,0,1.0767,-0.1543,0.633,-1.6172,0,0.9988,0,-0.0482,1,169.9,409.8,false,,,,336,0.5843,14,2.9263,-0.035,,,0.6334,,,,,,10.1417,83.3,0.1442,0,0.5122,0,0,0.01,99.9934,0,0,3.0898,1.5825,0,0,-1.0002,-0.02,0.99831,0.01033,0.05726,0,-0.04409,0.77647,0.62861,0,-0.03797,-0.63007,0.77561,0,0.03883,-1.59029,-1.00987,1,-0.1543,0.633,-1.6172,true,true,0.0556,0.3344,-1.5775,0.013,-0.2051,-0.2985,-0.0597,0.013,true,-0.1543,0.633,-1.6172,1.7523,138.3,78.4,1.2858,,,true,,,,,,,,,,,true,1,0,0,0,1.5775,0,0,0,0.0388,-1.5903,-1.0099,WebglFramebuffer,6,0,1,true,0,
32797.3,1790994200059,21:23:20.058,placed,true,346,63.8,30.925232,NORMAL,UNSPECIFIED,0.013,1.9264,-0.2009,0.3382,-0.0231,0.0136,-0.9407,64.5775,0.5122,0.013,1.9264,-0.2009,-0.3382,0.0231,-0.0136,0.9407,64.5775,0.5122,0,0,-0.1543,0.633,-1.6172,0,0.9988,0,-0.0482,1,175.8,413.9,false,,,,332,0.5798,16,2.9757,-0.0377,,,0.6334,,,,,,10.0745,100,0.0617,0,0.5122,0,0,0.01,99.9934,0,0,3.0898,1.5825,0,0,-1.0002,-0.02,0.99856,0.01003,0.05269,0,-0.04129,0.77084,0.63569,0,-0.03423,-0.63695,0.77014,0,0.05965,-1.61304,-1.07063,1,-0.1543,0.633,-1.6172,true,true,0.0556,0.3344,-1.5775,0.013,-0.2051,-0.2985,-0.0597,0.013,true,-0.1543,0.633,-1.6172,1.7523,148.8,96.9,1.3259,,,true,,,,,,,,,,,true,1,0,0,0,1.5775,0,0,0,0.0596,-1.613,-1.0706,WebglFramebuffer,7,0,1,true,0,
33028.3,1790994200157,21:23:20.157,placed,true,347,71,31.073394,NORMAL,UNSPECIFIED,0.014,1.9744,-0.1874,0.3465,-0.0242,0.0096,-0.9377,64.5775,0.5122,0.014,1.9744,-0.1874,-0.3465,0.0242,-0.0096,0.9377,64.5775,0.5122,0,0,-0.1543,0.633,-1.6172,0,0.9988,0,-0.0482,1,176,411.1,false,,,,332,0.5761,20,3.0177,-0.0377,,,0.6334,,,,,,10.0854,100,0.0498,0,0.5122,0,0,0.01,99.9934,0,0,3.0898,1.5825,0,0,-1.0002,-0.02,0.99864,0.00128,0.05205,0,-0.03481,0.75971,0.64933,0,-0.03871,-0.65026,0.75872,0,0.04752,-1.62188,-1.14055,1,-0.1543,0.633,-1.6172,true,true,0.0556,0.3344,-1.5775,0.013,-0.2051,-0.2985,-0.0597,0.013,true,-0.1543,0.633,-1.6172,1.7523,152.2,104.8,1.3559,81,255/0/255,true,,,,,,,,,,,true,1,0,0,0,1.5775,0,0,0,0.0475,-1.6219,-1.1405,WebglFramebuffer,7,0,1,true,0,
33087.8,1790994200349,21:23:20.349,placed,true,348,28.4,31.164331,NORMAL,UNSPECIFIED,0.0113,2.0116,-0.1517,0.3523,-0.0245,0.0073,-0.9355,64.5775,0.5122,0.0113,2.0116,-0.1517,-0.3523,0.0245,-0.0073,0.9355,64.5775,0.5122,0,1.3648,-0.1543,0.633,-1.6172,0,0.9988,0,-0.0482,1,177.4,404.2,false,,,,330,0.5739,25,3.0608,-0.038,,,0.6334,,,,,,9.5966,100,0.0517,0,0.5122,0,0,0.01,99.9934,0,0,3.0898,1.5825,0,0,-1.0002,-0.02,0.9987,-0.0035,0.05094,0,-0.03098,0.7516,0.6589,0,-0.0406,-0.65961,0.75051,0,0.04486,-1.61189,-1.21217,1,-0.1543,0.633,-1.6172,true,true,0.0556,0.3344,-1.5775,0.013,-0.2051,-0.2985,-0.0597,0.013,true,-0.1543,0.633,-1.6172,1.7523,156.4,107.7,1.399,,,true,,,,,,,,,,,true,1,0,0,0,1.5775,0,0,0,0.0449,-1.6119,-1.2122,WebglFramebuffer,7,0,1,true,0,
33145.8,1790994200407,21:23:20.407,placed,true,349,25.3,31.399069,NORMAL,UNSPECIFIED,0.0249,2.0229,-0.1202,0.3602,-0.0238,0.0111,-0.9325,64.5775,0.5122,0.0249,2.0229,-0.1202,-0.3602,0.0238,-0.0111,0.9325,64.5775,0.5122,0,0.514,-0.1543,0.633,-1.6172,0,0.9988,0,-0.0482,1,175,390.3,false,,,,328,0.5708,28,3.0911,-0.0377,,,0.6334,,,,,,10.3641,66.7,0.0361,0,0.5122,0,0,0.01,99.9934,0,0,3.0898,1.5825,0,0,-1.0002,-0.02,0.99862,0.00355,0.05232,0,-0.0378,0.74029,0.67123,0,-0.03635,-0.67228,0.7394,0,0.04718,-1.57842,-1.27023,1,-0.1543,0.633,-1.6172,true,true,0.0556,0.3344,-1.5775,0.013,-0.2051,-0.2985,-0.0597,0.013,true,-0.1543,0.633,-1.6172,1.7523,150.5,96.8,1.4199,,,true,,,,,,,,,,,true,1,0,0,0,1.5775,0,0,0,0.0472,-1.5784,-1.2702,WebglFramebuffer,7,0,1,true,0,
33234.2,1790994200496,21:23:20.495,placed,true,350,65.9,31.459816,NORMAL,UNSPECIFIED,0.0108,2.023,-0.0572,0.3815,-0.0201,0.0168,-0.924,64.5775,0.5122,0.0108,2.023,-0.0572,-0.3815,0.0201,-0.0168,0.924,64.5775,0.5122,0,0,-0.1543,0.633,-1.6172,0,0.9988,0,-0.0482,1,178.2,350.5,false,,,,326,0.5677,18,3.0746,-0.0335,,,0.6334,,,,,,10.4563,50,0.0646,0,0.5122,0,0,0.01,99.9934,0,0,3.0898,1.5825,0,0,-1.0002,-0.02,0.99863,0.01563,0.0499,0,-0.04628,0.70842,0.70427,0,-0.02435,-0.70561,0.70818,0,0.0815,-1.47369,-1.38479,1,-0.1543,0.633,-1.6172,true,true,0.0556,0.3344,-1.5775,0.013,-0.2051,-0.2985,-0.0597,0.013,true,-0.1543,0.633,-1.6172,1.7523,151.5,53.9,1.4317,,,true,,,,,,,,,,,true,1,0,0,0,1.5775,0,0,0,0.0815,-1.4737,-1.3848,WebglFramebuffer,7,0,1,true,0,
33341.8,1790994200603,21:23:20.603,placed,true,351,81.4,31.508599,NORMAL,UNSPECIFIED,0.0126,2.0368,-0.0522,0.3912,-0.0214,0.0154,-0.9199,64.5775,0.5122,0.0126,2.0368,-0.0522,-0.3912,0.0214,-0.0154,0.9199,64.5775,0.5122,0,1.1622,-0.1543,0.633,-1.6172,0,0.9988,0,-0.0482,1,178.9,339.5,false,,,,325,0.5657,11,3.0314,-0.0337,,,0.6334,,,,,,10.3409,99.9,0.0147,0,0.5122,0,0,0.01,99.9934,0,0,3.0898,1.5825,0,0,-1.0002,-0.02,0.99861,0.01158,0.05138,0,-0.04504,0.69337,0.71917,0,-0.0273,-0.72048,0.69293,0,0.07778,-1.44996,-1.42928,1,-0.1543,0.633,-1.6172,true,true,0.0556,0.3344,-1.5775,0.013,-0.2051,-0.2985,-0.0597,0.013,true,-0.1543,0.633,-1.6172,1.7523,152.7,42.6,1.4284,,,true,,,,,,,,,,,true,1,0,0,0,1.5775,0,0,0,0.0778,-1.45,-1.4293,WebglFramebuffer,7,0,1,true,0,
33557.4,1790994200704,21:23:20.704,placed,true,352,60,31.599732,NORMAL,UNSPECIFIED,0.0094,2.0243,-0.0552,0.393,-0.0223,0.0162,-0.9191,64.5775,0.5122,0.0094,2.0243,-0.0552,-0.393,0.0223,-0.0162,0.9191,64.5775,0.5122,0,1.1046,-0.1543,0.633,-1.6172,0,0.9988,0,-0.0482,1,180.9,335.1,false,,,,325,0.5622,7,2.9872,-0.0328,,,0.6334,,,,,,10.3009,100,0.0132,0,0.5122,0,0,0.01,99.9934,0,0,3.0898,1.5825,0,0,-1.0002,-0.02,0.99848,0.01231,0.05374,0,-0.04736,0.69058,0.7217,0,-0.02822,-0.72315,0.69011,0,0.08492,-1.43794,-1.42336,1,-0.1543,0.633,-1.6172,true,true,0.0556,0.3344,-1.5775,0.013,-0.2051,-0.2985,-0.0597,0.013,true,-0.1543,0.633,-1.6172,1.7523,154.4,34.1,1.4143,81,255/0/255,true,,,,,,,,,,,true,1,0,0,0,1.5775,0,0,0,0.0849,-1.4379,-1.4234,WebglFramebuffer,7,0,1,true,0,
33608.3,1790994200870,21:23:20.869,placed,true,353,25.9,31.722786,NORMAL,UNSPECIFIED,-0.0027,2.0276,-0.0441,0.401,-0.0201,0.0128,-0.9158,64.5775,0.5122,-0.0027,2.0276,-0.0441,-0.401,0.0201,-0.0128,0.9158,64.5775,0.5122,0,0,-0.1543,0.633,-1.6172,0,0.9988,0,-0.0482,1,180.6,322.8,false,,,,317,0.5615,5,2.81,-0.0301,,,0.6334,,,,,,9.8736,100,0.0168,0,0.5122,0,0,0.01,99.9934,0,0,3.0898,1.5825,0,0,-1.0002,-0.02,0.99887,0.00728,0.04701,0,-0.03949,0.67802,0.73398,0,-0.02653,-0.73501,0.67754,0,0.08163,-1.40713,-1.4582,1,-0.1543,0.633,-1.6172,true,true,0.0556,0.3344,-1.5775,0.013,-0.2051,-0.2985,-0.0597,0.013,true,-0.1543,0.633,-1.6172,1.7523,156.9,19.3,1.4085,,,true,,,,,,,,,,,true,1,0,0,0,1.5775,0,0,0,0.0816,-1.4071,-1.4582,WebglFramebuffer,7,0,1,true,0,
33664.3,1790994200926,21:23:20.926,placed,true,354,30,31.922355,NORMAL,UNSPECIFIED,-0.0047,2.0109,-0.0456,0.4026,-0.0167,0.0176,-0.915,64.5775,0.5122,-0.0047,2.0109,-0.0456,-0.4026,0.0167,-0.0176,0.915,64.5775,0.5122,0,1.6173,-0.1543,0.633,-1.6172,0,0.9988,0,-0.0482,1,178.7,317.7,false,,,,319,0.5599,3,2.77,-0.0185,,,0.6334,,,,,,10.6687,50,0.0169,0,0.5122,0,0,0.01,99.9934,0,0,3.0898,1.5825,0,0,-1.0002,-0.02,0.99882,0.01882,0.0447,0,-0.04567,0.67517,0.73624,0,-0.01632,-0.73742,0.67524,0,0.09583,-1.39122,-1.44948,1,-0.1543,0.633,-1.6172,true,true,0.0556,0.3344,-1.5775,0.013,-0.2051,-0.2985,-0.0597,0.013,true,-0.1543,0.633,-1.6172,1.7523,151.2,9.1,1.3922,,,true,,,,,,,,,,,true,1,0,0,0,1.5775,0,0,0,0.0958,-1.3912,-1.4495,WebglFramebuffer,7,0,1,true,0,
33749.5,1790994201011,21:23:21.011,placed,true,355,60,31.974382,NORMAL,UNSPECIFIED,-0.0507,2.0392,-0.0563,0.4059,-0.01,0.0174,-0.9137,64.5775,0.5122,-0.0507,2.0392,-0.0563,-0.4059,0.01,-0.0174,0.9137,64.5775,0.5122,0,0,-0.1543,0.633,-1.6172,0,0.9988,0,-0.0482,1,184.5,321.4,false,,,,317,0.5553,3,2.7847,-0.0185,,,0.6334,,,,,,10.7783,66.7,0.0551,0,0.5122,0,0,0.01,99.9934,0,0,3.0898,1.5825,0,0,-1.0002,-0.02,0.9992,0.02362,0.03239,0,-0.03986,0.66985,0.74142,0,-0.00418,-0.74212,0.67025,0,0.13176,-1.40657,-1.47254,1,-0.1543,0.633,-1.6172,true,true,0.0556,0.3344,-1.5775,0.013,-0.2051,-0.2985,-0.0597,0.013,true,-0.1543,0.633,-1.6172,1.7523,162.4,17.8,1.3971,,,true,,,,,,,,,,,true,1,0,0,0,1.5775,0,0,0,0.1318,-1.4066,-1.4725,WebglFramebuffer,7,0,1,true,0,
33850.5,1790994201112,21:23:21.112,placed,true,356,65.1,32.029554,NORMAL,UNSPECIFIED,-0.0614,2.0368,-0.0651,0.4074,-0.0073,0.0175,-0.9131,64.5775,0.5122,-0.0614,2.0368,-0.0651,-0.4074,0.0073,-0.0175,0.9131,64.5775,0.5122,0,0,-0.1543,0.633,-1.6172,0,0.9988,0,-0.0482,1,184.4,320.7,false,,,,278,0.5851,3,2.7888,-0.041,,,0.6334,,,,,,10.6896,83.3,0.014,0,0.5122,0,0,0.01,99.9934,0,0,3.0898,1.5825,0,0,-1.0002,-0.02,0.99928,0.02596,0.02751,0,-0.03781,0.66749,0.74366,0,0.00094,-0.74417,0.66799,0,0.13842,-1.40642,-1.46951,1,-0.1543,0.633,-1.6172,true,true,0.0556,0.3344,-1.5775,0.013,-0.2051,-0.2985,-0.0597,0.013,true,-0.1543,0.633,-1.6172,1.7523,162.8,15.1,1.3862,,,true,,,,,,,,,,,true,1,0,0,0,1.5775,0,0,0,0.1384,-1.4064,-1.4695,WebglFramebuffer,7,0,1,true,0,
34052.3,1790994201195,21:23:21.194,placed,true,357,56.6,32.12557,NORMAL,UNSPECIFIED,-0.0723,2.0335,-0.0725,0.4097,-0.0045,0.0195,-0.912,64.5775,0.5122,-0.0723,2.0335,-0.0725,-0.4097,0.0045,-0.0195,0.912,64.5775,0.5122,0,0.1924,-0.1543,0.633,-1.6172,0,0.9988,0,-0.0482,1,185,318.4,false,,,,324,0.5741,4,2.8084,-0.0611,,,0.6334,,,,,,10.8328,100,0.0136,0,0.5122,0,0,0.01,99.9934,0,0,3.0898,1.5825,0,0,-1.0002,-0.02,0.9992,0.03182,0.02419,0,-0.03922,0.66361,0.74705,0,0.00772,-0.7474,0.66433,0,0.15257,-1.40133,-1.4692,1,-0.1543,0.633,-1.6172,true,true,0.0556,0.3344,-1.5775,0.013,-0.2051,-0.2985,-0.0597,0.013,true,-0.1543,0.633,-1.6172,1.7523,163,10.4,1.3741,81,255/0/255,true,,,,,,,,,,,true,1,0,0,0,1.5775,0,0,0,0.1526,-1.4013,-1.4692,WebglFramebuffer,7,0,1,true,0,
34109,1790994201371,21:23:21.370,placed,true,358,25.7,32.216451,NORMAL,UNSPECIFIED,-0.0796,2.0076,-0.0874,0.4164,-0.0022,0.0246,-0.9089,64.5775,0.5122,-0.0796,2.0076,-0.0874,-0.4164,0.0022,-0.0246,0.9089,64.5775,0.5122,0,0,-0.1543,0.633,-1.6172,0,0.9988,0,-0.0482,1,185.7,306.6,false,,,,319,0.5782,4,2.7795,-0.0611,,,0.6334,,,,,,10.3174,100,0.0307,0,0.5122,0,0,0.01,99.9934,0,0,3.0898,1.5825,0,0,-1.0002,-0.02,0.99878,0.04284,0.02446,0,-0.0465,0.65205,0.75675,0,0.01647,-0.75696,0.65325,0,0.17429,-1.37188,-1.46021,1,-0.1543,0.633,-1.6172,true,true,0.0556,0.3344,-1.5775,0.013,-0.2051,-0.2985,-0.0597,0.013,true,-0.1543,0.633,-1.6172,1.7523,160.2,-12.8,1.332,,,true,,,,,,,,,,,true,1,0,0,0,1.5775,0,0,0,0.1743,-1.3719,-1.4602,WebglFramebuffer,7,0,1,true,0,
34166.9,1790994201429,21:23:21.428,placed,true,359,33.5,32.422898,NORMAL,UNSPECIFIED,-0.0888,1.9838,-0.1011,0.4139,-0.0018,0.0283,-0.9099,64.5775,0.5122,-0.0888,1.9838,-0.1011,-0.4139,0.0018,-0.0283,0.9099,64.5775,0.5122,0,0,-0.1543,0.633,-1.6172,0,0.9988,0,-0.0482,1,189,307.2,false,,,,323,0.5735,3,2.7417,-0.152,,,0.6334,,,,,,11.0157,50,0.029,0,0.5122,0,0,0.01,99.9934,0,0,3.0898,1.5825,0,0,-1.0002,-0.02,0.99839,0.05003,0.02672,0,-0.05302,0.65572,0.75314,0,0.02016,-0.75334,0.65732,0,0.19584,-1.37252,-1.42522,1,-0.1543,0.633,-1.6172,true,true,0.0556,0.3344,-1.5775,0.013,-0.2051,-0.2985,-0.0597,0.013,true,-0.1543,0.633,-1.6172,1.7523,162.1,-18.7,1.3096,,,true,,,,,,,,,,,true,1,0,0,0,1.5775,0,0,0,0.1958,-1.3725,-1.4252,WebglFramebuffer,7,0,1,true,0,
34256.4,1790994201518,21:23:21.518,placed,true,360,66,32.473611,NORMAL,UNSPECIFIED,-0.1015,1.9728,-0.1797,0.4188,-0.0035,0.0249,-0.9077,64.5775,0.5122,-0.1015,1.9728,-0.1797,-0.4188,0.0035,-0.0249,0.9077,64.5775,0.5122,0,1.202,-0.1543,0.633,-1.6172,0,0.9988,0,-0.0482,1,193.6,314.2,false,,,,319,0.5711,3,2.6841,-0.152,,,0.6334,,,,,,11.0315,66.6,0.0804,0,0.5122,0,0,0.01,99.9934,0,0,3.0898,1.5825,0,0,-1.0002,-0.02,0.99873,0.04232,0.02731,0,-0.04825,0.64792,0.76018,0,0.01448,-0.76053,0.64914,0,0.19919,-1.4106,-1.38028,1,-0.1543,0.633,-1.6172,true,true,0.0556,0.3344,-1.5775,0.013,-0.2051,-0.2985,-0.0597,0.013,true,-0.1543,0.633,-1.6172,1.7523,169.9,-22.7,1.2405,,,true,,,,,,,,,,,true,1,0,0,0,1.5775,0,0,0,0.1992,-1.4106,-1.3803,WebglFramebuffer,7,0,1,true,0,
34355.9,1790994201618,21:23:21.617,placed,true,361,75.5,32.530079,NORMAL,UNSPECIFIED,-0.1153,1.9832,-0.1949,0.4216,-0.0024,0.0214,-0.9065,64.5775,0.5122,-0.1153,1.9832,-0.1949,-0.4216,0.0024,-0.0214,0.9065,64.5775,0.5122,0,1.1166,-0.1543,0.633,-1.6172,0,0.9988,0,-0.0482,1,195.3,315.9,false,,,,316,0.5709,3,2.6827,-0.152,,,0.6334,,,,,,10.9334,83.3,0.023,0,0.5122,0,0,0.01,99.9934,0,0,3.0898,1.5825,0,0,-1.0002,-0.02,0.99907,0.03678,0.0223,0,-0.04075,0.64354,0.76433,0,0.01376,-0.76453,0.64444,0,0.19868,-1.42106,-1.38764,1,-0.1543,0.633,-1.6172,true,true,0.0556,0.3344,-1.5775,0.013,-0.2051,-0.2985,-0.0597,0.013,true,-0.1543,0.633,-1.6172,1.7523,175.8,-20.3,1.2329,,,true,,,,,,,,,,,true,1,0,0,0,1.5775,0,0,0,0.1987,-1.4211,-1.3876,WebglFramebuffer,7,0,1,true,0,
34440.9,1790994201702,21:23:21.702,placed,true,362,47.4,32.620434,NORMAL,UNSPECIFIED,-0.1186,1.9549,-0.2218,0.4211,-0.0012,0.0212,-0.9068,64.5775,0.5122,-0.1186,1.9549,-0.2218,-0.4211,0.0012,-0.0212,0.9068,64.5775,0.5122,0,0,-0.1543,0.633,-1.6172,0,0.9988,0,-0.0482,1,194.7,316,false,,,,320,0.5728,2,2.8856,0.0056,,,0.6334,,,,,,11.0179,100,0.0392,0,0.5122,0,0,0.01,99.9934,0,0,3.0898,1.5825,0,0,-1.0002,-0.02,0.9991,0.0374,0.02009,0,-0.03948,0.64452,0.76357,0,0.01561,-0.76367,0.64542,0,0.1991,-1.42497,-1.34715,1,-0.1543,0.633,-1.6172,true,true,0.0556,0.3344,-1.5775,0.013,-0.2051,-0.2985,-0.0597,0.013,true,-0.1543,0.633,-1.6172,1.7523,174.9,-31.2,1.1949,,,true,,,,,,,,,,,true,1,0,0,0,1.5775,0,0,0,0.1991,-1.425,-1.3471,WebglFramebuffer,7,0,1,true,0,
34544.2,1790994201806,21:23:21.805,placed,true,363,76.8,32.73305,NORMAL,UNSPECIFIED,-0.1123,1.8735,-0.2592,0.4127,-0.0046,0.021,-0.9106,64.5775,0.5122,-0.1123,1.8735,-0.2592,-0.4127,0.0046,-0.021,0.9106,64.5775,0.5122,0,0.7971,-0.1543,0.633,-1.6172,0,0.9988,0,-0.0482,1,195.8,316.2,false,,,,336,0.5595,2,2.7995,0.0056,,,0.6334,,,,,,10.8832,83.3,0.0898,0,0.5122,0,0,0.01,99.9934,0,0,3.0898,1.5825,0,0,-1.0002,-0.02,0.99907,0.03447,0.02575,0,-0.04209,0.65847,0.75143,0,0.00895,-0.75182,0.65931,0,0.19338,-1.42463,-1.23406,1,-0.1543,0.633,-1.6172,true,true,0.0556,0.3344,-1.5775,0.013,-0.2051,-0.2985,-0.0597,0.013,true,-0.1543,0.633,-1.6172,1.7523,174.1,-59.2,1.1242,,,true,,,,,,,,,,,true,1,0,0,0,1.5775,0,0,0,0.1934,-1.4246,-1.2341,WebglFramebuffer,6,0,1,true,0,
34614.4,1790994201876,21:23:21.876,placed,true,364,31,32.807626,NORMAL,UNSPECIFIED,-0.1119,1.857,-0.3646,0.4213,-0.0084,0.0164,-0.9067,64.5775,0.5122,-0.1119,1.857,-0.3646,-0.4213,0.0084,-0.0164,0.9067,64.5775,0.5122,0,1.275,-0.1543,0.633,-1.6172,0,0.9988,0,-0.0482,1,197.9,325.2,false,,,,335,0.5623,1,2.7198,-0.2634,,,0.6334,,,,,,11.2194,100,0.1067,0,0.5122,0,0,0.01,99.9934,0,0,3.0898,1.5825,0,0,-1.0002,-0.02,0.99932,0.02274,0.02906,0,-0.03688,0.64447,0.76374,0,-0.00136,-0.76429,0.64487,0,0.17983,-1.47291,-1.1799,1,-0.1543,0.633,-1.6172,true,true,0.0556,0.3344,-1.5775,0.013,-0.2051,-0.2985,-0.0597,0.013,true,-0.1543,0.633,-1.6172,1.7523,178.6,-72.2,1.0278,,,true,,,,,,,,,,,true,1,0,0,0,1.5775,0,0,0,0.1798,-1.4729,-1.1799,WebglFramebuffer,6,0,1,true,0,
34717.5,1790994201979,21:23:21.979,placed,true,365,80.2,32.92302,NORMAL,UNSPECIFIED,-0.0812,1.8857,-0.4148,0.4217,-0.0081,0.0156,-0.9066,64.5775,0.5122,-0.0812,1.8857,-0.4148,-0.4217,0.0081,-0.0156,0.9066,64.5775,0.5122,0,0,-0.1543,0.633,-1.6172,0,0.9988,0,-0.0482,1,186.8,344.4,false,,,,335,0.555,4,2.7126,-0.0389,,,0.6334,,,,,,11.0664,66.6,0.0654,0,0.5122,0,0,0.01,99.9934,0,0,3.0898,1.5825,0,0,-1.0002,-0.02,0.99938,0.02144,0.02778,0,-0.03506,0.64381,0.76438,0,-0.00149,-0.76488,0.64417,0,0.14667,-1.52957,-1.17195,1,-0.1543,0.633,-1.6172,true,true,0.0556,0.3344,-1.5775,0.013,-0.2051,-0.2985,-0.0597,0.013,true,-0.1543,0.633,-1.6172,1.7523,160.5,-43,1.0176,,,true,,,,,,,,,,,true,1,0,0,0,1.5775,0,0,0,0.1467,-1.5296,-1.1719,WebglFramebuffer,6,0,1,true,0,
34814,1790994202076,21:23:22.075,placed,true,366,74.5,32.977631,NORMAL,UNSPECIFIED,-0.0305,1.9324,-0.5316,0.4378,-0.0144,0.0147,-0.8988,64.5775,0.5122,-0.0305,1.9324,-0.5316,-0.4378,0.0144,-0.0147,0.8988,64.5775,0.5122,0,1.3193,-0.1543,0.633,-1.6172,0,0.9988,0,-0.0482,1,175.4,364.7,false,,,,331,0.5522,4,2.6779,-0.0389,,,0.6334,,,,,,10.9982,100,0.1356,0,0.5122,0,0,0.01,99.9934,0,0,3.0898,1.5825,0,0,-1.0002,-0.02,0.99915,0.01384,0.03887,0,-0.03913,0.61627,0.78656,0,-0.01307,-0.78741,0.61629,0,0.09913,-1.609,-1.19115,1,-0.1543,0.633,-1.6172,true,true,0.0556,0.3344,-1.5775,0.013,-0.2051,-0.2985,-0.0597,0.013,true,-0.1543,0.633,-1.6172,1.7523,136,-15.4,0.9586,,,true,,,,,,,,,,,true,1,0,0,0,1.5775,0,0,0,0.0991,-1.609,-1.1911,WebglFramebuffer,6,0,1,true,0,
34892.1,1790994202154,21:23:22.153,placed,true,367,29.7,33.079201,NORMAL,UNSPECIFIED,-0.0005,1.9421,-0.5486,0.4372,-0.0218,0.0196,-0.8989,64.5775,0.5122,-0.0005,1.9421,-0.5486,-0.4372,0.0218,-0.0196,0.8989,64.5775,0.5122,0,0,-0.1543,0.633,-1.6172,0,0.9988,0,-0.0482,1,175.3,372.4,false,,,,343,0.5379,7,2.6034,-0.0338,,,0.6334,,,,,,11.1772,100,0.0358,0,0.5122,0,0,0.01,99.9934,0,0,3.0898,1.5825,0,0,-1.0002,-0.02,0.99828,0.01611,0.05629,0,-0.05422,0.61694,0.78514,0,-0.02208,-0.78685,0.61675,0,0.09372,-1.62977,-1.18647,1,-0.1543,0.633,-1.6172,true,true,0.0556,0.3344,-1.5775,0.013,-0.2051,-0.2985,-0.0597,0.013,true,-0.1543,0.633,-1.6172,1.7523,127,-1.8,0.9595,,,true,,,,,,,,,,,true,1,0,0,0,1.5775,0,0,0,0.0937,-1.6298,-1.1865,WebglFramebuffer,6,0,1,true,0,
34982.4,1790994202244,21:23:22.244,placed,true,368,63,33.202628,NORMAL,UNSPECIFIED,0.0194,2.0451,-0.6461,0.4527,-0.0319,0.0181,-0.8909,64.5775,0.5122,0.0194,2.0451,-0.6461,-0.4527,0.0319,-0.0181,0.8909,64.5775,0.5122,0,0.6209,-0.1543,0.633,-1.6172,0,0.9988,0,-0.0482,1,179.5,400.6,false,,,,341,0.5322,15,2.6393,-0.0323,,,0.6334,,,,,,11.1669,66.6,0.1433,0,0.5122,0,0,0.01,99.9934,0,0,3.0898,1.5825,0,0,-1.0002,-0.02,0.99732,0.00333,0.07312,0,-0.06103,0.58951,0.80545,0,-0.04042,-0.80775,0.58814,0,0.07937,-1.7276,-1.26863,1,-0.1543,0.633,-1.6172,true,true,0.0556,0.3344,-1.5775,0.013,-0.2051,-0.2985,-0.0597,0.013,true,-0.1543,0.633,-1.6172,1.7523,130.5,66.9,0.9661,,,true,,,,,,,,,,,true,1,0,0,0,1.5775,0,0,0,0.0794,-1.7276,-1.2686,WebglFramebuffer,6,0,1,true,0,
35080.4,1790994202342,21:23:22.342,placed,true,369,74,33.259507,NORMAL,UNSPECIFIED,-0.0109,2.0302,-0.7304,0.4606,-0.0367,0.01,-0.8868,64.5775,0.5122,-0.0109,2.0302,-0.7304,-0.4606,0.0367,-0.01,0.8868,64.5775,0.5122,0,0,-0.1543,0.633,-1.6172,0,0.9988,0,-0.0482,1,188.6,411.5,false,,,,340,0.5299,14,2.6069,-0.0303,,,0.6334,,,,,,11.0706,100,0.0908,0,0.5122,0,0,0.01,99.9934,0,0,3.0898,1.5825,0,0,-1.0002,-0.02,0.9971,-0.01603,0.07438,0,-0.05163,0.57552,0.81616,0,-0.05589,-0.81763,0.57302,0,0.07489,-1.76579,-1.23761,1,-0.1543,0.633,-1.6172,true,true,0.0556,0.3344,-1.5775,0.013,-0.2051,-0.2985,-0.0597,0.013,true,-0.1543,0.633,-1.6172,1.7523,149.1,69.3,0.8941,,,true,,,,,,,,,,,true,1,0,0,0,1.5775,0,0,0,0.0749,-1.7658,-1.2376,WebglFramebuffer,5,0,1,true,0,
35160.6,1790994202422,21:23:22.422,placed,true,370,49.2,33.346215,NORMAL,UNSPECIFIED,-0.0234,1.9952,-0.7819,0.4687,-0.0374,0.0045,-0.8826,64.5775,0.5122,-0.0234,1.9952,-0.7819,-0.4687,0.0374,-0.0045,0.8826,64.5775,0.5122,0,0,-0.1543,0.633,-1.6172,0,0.9988,0,-0.0482,1,188.7,409.5,false,,,,396,0.4453,7,2.5006,-0.0338,,,0.6334,,,,,,11.2104,100,0.0635,0,0.5122,0,0,0.01,99.9934,0,0,3.0898,1.5825,0,0,-1.0002,-0.02,0.99716,-0.0271,0.07031,0,-0.04308,0.56061,0.82696,0,-0.06183,-0.82764,0.55785,0,0.06089,-1.76632,-1.21213,1,-0.1543,0.633,-1.6172,true,true,0.0556,0.3344,-1.5775,0.013,-0.2051,-0.2985,-0.0597,0.013,true,-0.1543,0.633,-1.6172,1.7523,151.9,48.1,0.8264,,,true,,,,,,,,,,,true,1,0,0,0,1.5775,0,0,0,0.0609,-1.7663,-1.2121,WebglFramebuffer,5,0,1,true,0,
35254.7,1790994202516,21:23:22.516,placed,true,371,72.3,33.451474,NORMAL,UNSPECIFIED,-0.03,1.9432,-0.8022,0.4714,-0.0323,0.006,-0.8813,64.5775,0.5122,-0.03,1.9432,-0.8022,-0.4714,0.0323,-0.006,0.8813,64.5775,0.5122,0,0.5857,-0.1543,0.633,-1.6172,0,0.9988,0,-0.0482,1,185.2,402.2,false,,,,384,0.4407,7,2.446,-0.0338,,,0.6334,,,,,,11.1521,66.7,0.0562,0,0.5122,0,0,0.01,99.9934,0,0,3.0898,1.5825,0,0,-1.0002,-0.02,0.99784,-0.01988,0.06254,0,-0.04098,0.55549,0.83051,0,-0.05125,-0.83128,0.55348,0,0.06846,-1.74693,-1.16799,1,-0.1543,0.633,-1.6172,true,true,0.0556,0.3344,-1.5775,0.013,-0.2051,-0.2985,-0.0597,0.013,true,-0.1543,0.633,-1.6172,1.7523,143.5,10,0.7685,,,true,,,,,,,,,,,true,1,0,0,0,1.5775,0,0,0,0.0685,-1.7469,-1.168,WebglFramebuffer,5,0,1,true,0,
35336.3,1790994202598,21:23:22.597,placed,true,372,48.9,33.522537,NORMAL,UNSPECIFIED,-0.038,1.8851,-0.8863,0.4756,-0.0295,0.0074,-0.8791,64.5775,0.5122,-0.038,1.8851,-0.8863,-0.4756,0.0295,-0.0074,0.8791,64.5775,0.5122,0,1.2845,-0.1543,0.633,-1.6172,0,0.9988,0,-0.0482,1,183,413.6,false,,,,320,0.4754,9,2.3493,-0.0389,,,0.6334,,,,,,11.2624,99.9,0.1026,0,0.5122,0,0,0.01,99.9934,0,0,3.0898,1.5825,0,0,-1.0002,-0.02,0.99816,-0.01506,0.05879,0,-0.04097,0.54747,0.83582,0,-0.04477,-0.83669,0.54584,0,0.07544,-1.77415,-1.08958,1,-0.1543,0.633,-1.6172,true,true,0.0556,0.3344,-1.5775,0.013,-0.2051,-0.2985,-0.0597,0.013,true,-0.1543,0.633,-1.6172,1.7523,132.4,-16.8,0.6688,,,true,,,,,,,,,,,true,1,0,0,0,1.5775,0,0,0,0.0754,-1.7742,-1.0896,WebglFramebuffer,5,0,1,true,0,
35421.3,1790994202683,21:23:22.682,placed,true,373,57.9,33.627327,NORMAL,UNSPECIFIED,-0.0409,1.8916,-0.9506,0.484,-0.028,0.0079,-0.8746,64.5775,0.5122,-0.0409,1.8916,-0.9506,-0.484,0.028,-0.0079,0.8746,64.5775,0.5122,0,0,-0.1543,0.633,-1.6172,0,0.9988,0,-0.0482,1,181.8,427.1,false,,,,313,0.4721,9,2.3186,-0.0389,,,0.6334,,,,,,11.3126,83.3,0.0647,0,0.5122,0,0,0.01,99.9934,0,0,3.0898,1.5825,0,0,-1.0002,-0.02,0.9983,-0.01333,0.05665,0,-0.04093,0.53131,0.84619,0,-0.04138,-0.84707,0.52987,0,0.07888,-1.81079,-1.0947,1,-0.1543,0.633,-1.6172,true,true,0.0556,0.3344,-1.5775,0.013,-0.2051,-0.2985,-0.0597,0.013,true,-0.1543,0.633,-1.6172,1.7523,126.7,3.3,0.6314,,,true,,,,,,,,,,,true,1,0,0,0,1.5775,0,0,0,0.0789,-1.8108,-1.0947,WebglFramebuffer,5,0,1,true,0,
35527.2,1790994202789,21:23:22.788,placed,true,374,86.9,33.703183,NORMAL,UNSPECIFIED,-0.0669,1.9324,-1.0262,0.4999,-0.0226,0.0103,-0.8657,64.5775,0.5122,-0.0669,1.9324,-1.0262,-0.4999,0.0226,-0.0103,0.8657,64.5775,0.5122,0,1.1069,-0.1543,0.633,-1.6172,0,0.9988,0,-0.0482,1,188.8,442,false,,,,309,0.4596,9,2.3099,-0.0389,,,0.6334,,,,,,11.1247,83.3,0.0897,0,0.5122,0,0,0.01,99.9934,0,0,3.0898,1.5825,0,0,-1.0002,-0.02,0.99877,-0.00479,0.0493,0,-0.04031,0.49996,0.86511,0,-0.02879,-0.86604,0.49915,0,0.11519,-1.85512,-1.15622,1,-0.1543,0.633,-1.6172,true,true,0.0556,0.3344,-1.5775,0.013,-0.2051,-0.2985,-0.0597,0.013,true,-0.1543,0.633,-1.6172,1.7523,141.3,55.1,0.6124,,,true,,,,,,,,,,,true,1,0,0,0,1.5775,0,0,0,0.1152,-1.8551,-1.1562,WebglFramebuffer,5,0,1,true,0,
35608.6,1790994202870,21:23:22.870,placed,true,375,59.1,33.780391,NORMAL,UNSPECIFIED,-0.0746,1.8974,-1.0663,0.5046,-0.0212,0.0096,-0.863,64.5775,0.5122,-0.0746,1.8974,-1.0663,-0.5046,0.0212,-0.0096,0.863,64.5775,0.5122,0,1.3387,-0.1543,0.633,-1.6172,0,0.9988,0,-0.0482,1,189,445.2,false,,,,297,0.4496,9,2.2587,-0.0389,,,0.6334,,,,,,11.2438,100,0.0538,0,0.5122,0,0,0.01,99.9934,0,0,3.0898,1.5825,0,0,-1.0002,-0.02,0.99892,-0.00491,0.04626,0,-0.0379,0.49055,0.87059,0,-0.02697,-0.8714,0.48983,0,0.1177,-1.86025,-1.12609,1,-0.1543,0.633,-1.6172,true,true,0.0556,0.3344,-1.5775,0.013,-0.2051,-0.2985,-0.0597,0.013,true,-0.1543,0.633,-1.6172,1.7523,139.5,35.4,0.5582,,,true,,,,,,,,,,,true,1,0,0,0,1.5775,0,0,0,0.1177,-1.8602,-1.1261,WebglFramebuffer,5,0,1,true,0,
35683.8,1790994202945,21:23:22.945,placed,true,376,48.2,33.888779,NORMAL,UNSPECIFIED,-0.1768,1.8932,-1.1223,0.5344,-0.0012,0.0122,-0.8452,64.5775,0.5122,-0.1768,1.8932,-1.1223,-0.5344,0.0012,-0.0122,0.8452,64.5775,0.5122,0,0,-0.1543,0.633,-1.6172,0,0.9988,0,-0.0482,1,216.4,425.1,false,,,,251,0.443,2,2.5066,0.0002,,,0.6334,,,,,,11.451,83.3,0.1166,0,0.5122,0,0,0.01,99.9934,0,0,3.0898,1.5825,0,0,-1.0002,-0.02,0.9997,0.01943,0.01504,0,-0.02192,0.42857,0.90324,0,0.0111,-0.9033,0.42887,0,0.23068,-1.82176,-1.22606,1,-0.1543,0.633,-1.6172,true,true,0.0556,0.3344,-1.5775,0.013,-0.2051,-0.2985,-0.0597,0.013,true,-0.1543,0.633,-1.6172,1.7523,225.4,10.9,0.5035,,,true,,,,,,,,,,,true,1,0,0,0,1.5775,0,0,0,0.2307,-1.8218,-1.2261,WebglFramebuffer,5,0,1,true,0,
35883.1,1790994203030,21:23:23.029,placed,true,377,68.9,33.975205,NORMAL,UNSPECIFIED,-0.2781,1.9015,-1.2162,0.5343,-0.0024,0.0043,-0.8453,64.5775,0.5122,-0.2781,1.9015,-1.2162,-0.5343,0.0024,-0.0043,0.8453,64.5775,0.5122,0,0,-0.1543,0.633,-1.6172,0,0.9988,0,-0.0482,1,259.1,467,false,,,,252,0.4011,8,2.1779,-0.0082,,,0.6334,,,,,,11.4865,83.2,0.1383,0,0.5122,0,0,0.01,99.9934,0,0,3.0898,1.5825,0,0,-1.0002,-0.02,0.99995,0.00475,0.00872,0,-0.00991,0.42891,0.90329,0,0.00055,-0.90333,0.42894,0,0.29762,-1.91284,-1.19351,1,-0.1543,0.633,-1.6172,true,true,0.0556,0.3344,-1.5775,0.013,-0.2051,-0.2985,-0.0597,0.013,true,-0.1543,0.633,-1.6172,1.7523,360.2,98.2,0.47,81,255/0/255,true,,,,,,,,,,,true,1,0,0,0,1.5775,0,0,0,0.2976,-1.9128,-1.1935,WebglFramebuffer,4,0,1,true,0,
35934.6,1790994203196,21:23:23.196,placed,true,378,35.3,34.039771,NORMAL,UNSPECIFIED,-0.2548,1.953,-1.3019,0.5527,-0.0002,0.0205,-0.8332,64.5775,0.5122,-0.2548,1.953,-1.3019,-0.5527,0.0002,-0.0205,0.8332,64.5775,0.5122,0,0,-0.1543,0.633,-1.6172,0,0.9988,0,-0.0482,1,259.5,482.8,false,,,,244,0.3961,8,2.1869,-0.0082,,,0.6334,,,,,,10.9388,100,0.1027,0,0.5122,0,0,0.01,99.9934,0,0,3.0898,1.5825,0,0,-1.0002,-0.02,0.99916,0.03394,0.02309,0,-0.03447,0.3883,0.92089,0,0.02229,-0.92091,0.38914,0,0.35096,-1.94864,-1.28594,1,-0.1543,0.633,-1.6172,true,true,0.0556,0.3344,-1.5775,0.013,-0.2051,-0.2985,-0.0597,0.013,true,-0.1543,0.633,-1.6172,1.7523,333.3,197,0.4726,,,true,,,,,,,,,,,true,1,0,0,0,1.5775,0,0,0,0.351,-1.9486,-1.2859,WebglFramebuffer,5,0,1,true,0,
35988.2,1790994203250,21:23:23.249,placed,true,379,29.8,34.238749,NORMAL,UNSPECIFIED,-0.2007,2.0196,-1.3397,0.5588,-0.0018,0.0199,-0.829,64.5775,0.5122,-0.2007,2.0196,-1.3397,-0.5588,0.0018,-0.0199,0.829,64.5775,0.5122,0,1.6392,-0.1543,0.633,-1.6172,0,0.9988,0,-0.0482,1,235.5,497.5,false,,,,267,0.3946,9,2.2343,-0.0326,,,0.6334,,,,,,11.7141,50,0.0938,0,0.5122,0,0,0.01,99.9934,0,0,3.0898,1.5825,0,0,-1.0002,-0.02,0.9992,0.03087,0.02525,0,-0.03499,0.37462,0.92652,0,0.01914,-0.92666,0.3754,0,0.29685,-1.99183,-1.36325,1,-0.1543,0.633,-1.6172,true,true,0.0556,0.3344,-1.5775,0.013,-0.2051,-0.2985,-0.0597,0.013,true,-0.1543,0.633,-1.6172,1.7523,262.8,277.8,0.5192,,,true,,,,,,,,,,,true,1,0,0,0,1.5775,0,0,0,0.2969,-1.9918,-1.3632,WebglFramebuffer,4,0,1,true,0,
36065.2,1790994203327,21:23:23.326,placed,true,380,57.9,34.298105,NORMAL,UNSPECIFIED,-0.0653,2.1545,-1.3761,0.5661,-0.0238,0.0089,-0.824,64.5775,0.5122,-0.0653,2.1545,-1.3761,-0.5661,0.0238,-0.0089,0.824,64.5775,0.5122,0,0,-0.1543,0.633,-1.6172,0,0.9988,0,-0.0482,1,188.9,512.1,false,,,,300,0.3922,15,2.3692,-0.0326,,,0.6334,,,,,,11.8397,50,0.1945,0,0.5122,0,0,0.01,99.9934,0,0,3.0898,1.5825,0,0,-1.0002,-0.02,0.99871,-0.01216,0.04928,0,-0.04164,0.359,0.93241,0,-0.02903,-0.93326,0.35803,0,0.11499,-2.05848,-1.51298,1,-0.1543,0.633,-1.6172,true,true,0.0556,0.3344,-1.5775,0.013,-0.2051,-0.2985,-0.0597,0.013,true,-0.1543,0.633,-1.6172,1.7523,141.5,367.7,0.6353,,,true,,,,,,,,,,,true,1,0,0,0,1.5775,0,0,0,0.115,-2.0585,-1.513,WebglFramebuffer,4,0,1,true,0,
36145.2,1790994203407,21:23:23.406,placed,true,381,60.9,34.34754,NORMAL,UNSPECIFIED,-0.1309,2.0222,-1.4248,0.5678,-0.0273,0.0058,-0.8227,64.5775,0.5122,-0.1309,2.0222,-1.4248,-0.5678,0.0273,-0.0058,0.8227,64.5775,0.5122,0,0,-0.1543,0.633,-1.6172,0,0.9988,0,-0.0482,1,214.2,522.4,false,,,,260,0.3762,9,2.2082,-0.0326,,,0.6334,,,,,,11.9057,83.3,0.1555,0,0.5122,0,0,0.01,99.9934,0,0,3.0898,1.5825,0,0,-1.0002,-0.02,0.99845,-0.02147,0.05138,0,-0.04042,0.35512,0.93395,0,-0.0383,-0.93457,0.3537,0,0.15786,-2.05254,-1.37793,1,-0.1543,0.633,-1.6172,true,true,0.0556,0.3344,-1.5775,0.013,-0.2051,-0.2985,-0.0597,0.013,true,-0.1543,0.633,-1.6172,1.7523,199.2,358.9,0.4911,,,true,,,,,,,,,,,true,1,0,0,0,1.5775,0,0,0,0.1579,-2.0525,-1.3779,WebglFramebuffer,4,0,1,true,0,
36328.9,1790994203492,21:23:23.492,placed,true,382,56,34.424573,NORMAL,UNSPECIFIED,-0.1786,1.9121,-1.441,0.563,-0.0296,0.0046,-0.8259,64.5775,0.5122,-0.1786,1.9121,-1.441,-0.563,0.0296,-0.0046,0.8259,64.5775,0.5122,0,0.775,-0.1543,0.633,-1.6172,0,0.9988,0,-0.0482,1,237.3,531.2,false,,,,268,0.3418,9,2.0985,-0.0344,,,0.6334,,,,,,11.8902,66.6,0.1211,0,0.5122,0,0,0.01,99.9934,0,0,3.0898,1.5825,0,0,-1.0002,-0.02,0.9982,-0.0257,0.05413,0,-0.04099,0.36604,0.92969,0,-0.04371,-0.93024,0.36433,0,0.19371,-2.04499,-1.24297,1,-0.1543,0.633,-1.6172,true,true,0.0556,0.3344,-1.5775,0.013,-0.2051,-0.2985,-0.0597,0.013,true,-0.1543,0.633,-1.6172,1.7523,269.8,322.5,0.3805,81,255/0/255,true,,,,,,,,,,,true,1,0,0,0,1.5775,0,0,0,0.1937,-2.045,-1.243,WebglFramebuffer,4,0,1,true,0,
36377.3,1790994203639,21:23:23.638,placed,true,383,27.9,34.514555,NORMAL,UNSPECIFIED,-0.22,1.8206,-1.4982,0.5726,-0.0402,-0.0096,-0.8188,64.5775,0.5122,-0.22,1.8206,-1.4982,-0.5726,0.0402,0.0096,0.8188,64.5775,0.5122,0,0,-0.1543,0.633,-1.6172,0,0.9988,0,-0.0482,1,254.7,542.3,false,,,,229,0.3207,5,1.9854,-0.0313,,,0.6334,,,,,,11.382,100,0.1155,0,0.5122,0,0,0.01,99.9934,0,0,3.0898,1.5825,0,0,-1.0002,-0.02,0.99658,-0.06174,0.05487,0,-0.03035,0.34418,0.93841,0,-0.07682,-0.93687,0.34113,0,0.15935,-2.04386,-1.18534,1,-0.1543,0.633,-1.6172,true,true,0.0556,0.3344,-1.5775,0.013,-0.2051,-0.2985,-0.0597,0.013,true,-0.1543,0.633,-1.6172,1.7523,379.9,335.9,0.2717,,,true,,,,,,,,,,,true,1,0,0,0,1.5775,0,0,0,0.1594,-2.0439,-1.1853,WebglFramebuffer,4,0,1,true,0,
36436.5,1790994203698,21:23:23.698,placed,true,384,41.2,34.689553,NORMAL,UNSPECIFIED,-0.2424,1.7893,-1.5668,0.5849,-0.0353,-0.0198,-0.8101,64.5775,0.5122,-0.2424,1.7893,-1.5668,-0.5849,0.0353,0.0198,0.8101,64.5775,0.5122,0,0,-0.1543,0.633,-1.6172,0,0.9988,0,-0.0482,1,252.5,560,false,,,,212,0.32,7,1.9363,-0.0328,,,0.6334,,,,,,11.9301,50,0.0786,0,0.5122,0,0,0.01,99.9934,0,0,3.0898,1.5825,0,0,-1.0002,-0.02,0.99672,-0.07338,0.03411,0,-0.00928,0.31505,0.94903,0,-0.08038,-0.94623,0.31334,0,0.1323,-2.06401,-1.19887,1,-0.1543,0.633,-1.6172,true,true,0.0556,0.3344,-1.5775,0.013,-0.2051,-0.2985,-0.0597,0.013,true,-0.1543,0.633,-1.6172,1.7523,455,459.6,0.2205,,,true,,,,,,,,,,,true,1,0,0,0,1.5775,0,0,0,0.1323,-2.064,-1.1989,WebglFramebuffer,4,0,1,true,0,
36514.5,1790994203776,21:23:23.776,placed,true,385,60.2,34.734976,NORMAL,UNSPECIFIED,-0.2862,1.7282,-1.7002,0.606,-0.0516,-0.0034,-0.7938,64.5775,0.5122,-0.2862,1.7282,-1.7002,-0.606,0.0516,0.0034,0.7938,64.5775,0.5122,0,0,-0.1543,0.633,-1.6172,0,0.9988,0,-0.0482,1,307.2,608.8,false,,,,174,0.3123,0,,,,,0.6334,,,,,,12.0191,66.7,0.1531,0,0.5122,0,0,0.01,99.9934,0,0,3.0898,1.5825,0,0,-1.0002,-0.02,0.99464,-0.06799,0.07785,0,-0.05718,0.26556,0.9624,0,-0.08611,-0.96169,0.26025,0,0.23708,-2.11344,-1.19845,1,-0.1543,0.633,-1.6172,true,true,0.0556,0.3344,-1.5775,0.013,-0.2051,-0.2985,-0.0597,0.013,true,-0.1543,0.633,-1.6172,1.7523,869.8,1044.5,0.1199,,,true,,,,,,,,,,,true,1,0,0,0,1.5775,0,0,0,0.2371,-2.1134,-1.1985,WebglFramebuffer,3,0,1,true,0,
36598,1790994203860,21:23:23.859,placed,true,386,64.7,34.794401,NORMAL,UNSPECIFIED,-0.2851,1.7321,-1.7402,0.6061,-0.0512,-0.0038,-0.7937,64.5775,0.5122,-0.2851,1.7321,-1.7402,-0.6061,0.0512,0.0038,0.7937,64.5775,0.5122,0,1.1136,-0.1543,0.633,-1.6172,0,0.9988,0,-0.0482,1,304.6,633.5,false,,,,171,0.3095,2,1.8288,-0.0238,,,0.6334,,,,,,12.0148,83.2,0.0402,0,0.5122,0,0,0.01,99.9934,0,0,3.0898,1.5825,0,0,-1.0002,-0.02,0.99473,-0.06809,0.07667,0,-0.05604,0.26522,0.96256,0,-0.08587,-0.96178,0.26,0,0.23124,-2.15249,-1.19294,1,-0.1543,0.633,-1.6172,true,true,0.0556,0.3344,-1.5775,0.013,-0.2051,-0.2985,-0.0597,0.013,true,-0.1543,0.633,-1.6172,1.7523,883.6,1292,0.1136,,,true,,,,,,,,,,,true,1,0,0,0,1.5775,0,0,0,0.2312,-2.1525,-1.1929,WebglFramebuffer,3,0,1,true,0,
36667.4,1790994203929,21:23:23.929,placed,true,387,48,34.872889,NORMAL,UNSPECIFIED,-0.2381,1.7651,-1.7833,0.6096,-0.0532,0.0046,-0.7909,64.5775,0.5122,-0.2381,1.7651,-1.7833,-0.6096,0.0532,-0.0046,0.7909,64.5775,0.5122,0,0.5983,-0.1543,0.633,-1.6172,0,0.9988,0,-0.0482,1,284.9,648.9,false,,,,218,0.2472,5,1.8426,-0.02,,,0.6334,,,,,,12.2564,83.4,0.0718,0,0.5122,0,0,0.01,99.9934,0,0,3.0898,1.5825,0,0,-1.0002,-0.02,0.9943,-0.05748,0.08978,0,-0.07218,0.2568,0.96377,0,-0.07845,-0.96475,0.25119,0,0.22425,-2.18736,-1.23182,1,-0.1543,0.633,-1.6172,true,true,0.0556,0.3344,-1.5775,0.013,-0.2051,-0.2985,-0.0597,0.013,true,-0.1543,0.633,-1.6172,1.7523,566.5,1326.5,0.1383,,,true,,,,,,,,,,,true,1,0,0,0,1.5775,0,0,0,0.2242,-2.1874,-1.2318,WebglFramebuffer,3,0,1,true,0,
36733.9,1790994203996,21:23:23.995,placed,true,388,39.5,34.959223,NORMAL,UNSPECIFIED,-0.2097,1.7686,-1.8069,0.6151,-0.0556,0.0095,-0.7864,64.5775,0.5122,-0.2097,1.7686,-1.8069,-0.6151,0.0556,-0.0095,0.7864,64.5775,0.5122,0,1.0922,-0.1543,0.633,-1.6172,0,0.9988,0,-0.0482,1,274.8,651.7,false,,,,215,0.2382,5,1.8416,-0.02,,,0.6334,,,,,,12.5345,66.6,0.0371,0,0.5122,0,0,0.01,99.9934,0,0,3.0898,1.5825,0,0,-1.0002,-0.02,0.99363,-0.0535,0.09916,0,-0.08335,0.24314,0.9664,0,-0.07581,-0.96852,0.23713,0,0.21883,-2.19122,-1.25989,1,-0.1543,0.633,-1.6172,true,true,0.0556,0.3344,-1.5775,0.013,-0.2051,-0.2985,-0.0597,0.013,true,-0.1543,0.633,-1.6172,1.7523,442.8,1394.2,0.141,,,true,,,,,,,,,,,true,1,0,0,0,1.5775,0,0,0,0.2188,-2.1912,-1.2599,WebglFramebuffer,3,0,1,true,0,
36801.7,1790994204063,21:23:24.063,placed,true,389,50.4,35.034072,NORMAL,UNSPECIFIED,-0.2145,1.7652,-1.8269,0.6214,-0.0535,0.0073,-0.7816,64.5775,0.5122,-0.2145,1.7652,-1.8269,-0.6214,0.0535,-0.0073,0.7816,64.5775,0.5122,0,1.1221,-0.1543,0.633,-1.6172,0,0.9988,0,-0.0482,1,273.1,652.9,false,,,,209,0.2318,4,1.8336,-0.019,,,0.6334,,,,,,12.7538,66.7,0.0209,0,0.5122,0,0,0.01,99.9934,0,0,3.0898,1.5825,0,0,-1.0002,-0.02,0.99417,-0.05513,0.09262,0,-0.07781,0.22761,0.97064,0,-0.07459,-0.97219,0.22199,0,0.21437,-2.18971,-1.28791,1,-0.1543,0.633,-1.6172,true,true,0.0556,0.3344,-1.5775,0.013,-0.2051,-0.2985,-0.0597,0.013,true,-0.1543,0.633,-1.6172,1.7523,459.9,1498.6,0.1369,,,true,,,,,,,,,,,true,1,0,0,0,1.5775,0,0,0,0.2144,-2.1897,-1.2879,WebglFramebuffer,3,0,1,true,0,
36862.4,1790994204124,21:23:24.124,placed,true,390,42,35.0915,NORMAL,UNSPECIFIED,-0.231,1.7392,-1.8371,0.628,-0.0449,0.0062,-0.7769,64.5775,0.5122,-0.231,1.7392,-1.8371,-0.628,0.0449,-0.0062,0.7769,64.5775,0.5122,0,0,-0.1543,0.633,-1.6172,0,0.9988,0,-0.0482,1,276.6,650.4,false,,,,206,0.2258,4,1.8054,-0.019,,,0.6334,,,,,,13.1286,66.6,0.0324,0,0.5122,0,0,0.01,99.9934,0,0,3.0898,1.5825,0,0,-1.0002,-0.02,0.99589,-0.04685,0.07757,0,-0.06602,0.21123,0.9752,0,-0.06207,-0.97631,0.20727,0,0.23087,-2.17177,-1.29739,1,-0.1543,0.633,-1.6172,true,true,0.0556,0.3344,-1.5775,0.013,-0.2051,-0.2985,-0.0597,0.013,true,-0.1543,0.633,-1.6172,1.7523,593.3,1746.5,0.113,,,true,,,,,,,,,,,true,1,0,0,0,1.5775,0,0,0,0.2309,-2.1718,-1.2974,WebglFramebuffer,3,0,1,true,0,
36936,1790994204198,21:23:24.197,placed,true,391,56.6,35.159742,NORMAL,UNSPECIFIED,-0.2415,1.7495,-1.8336,0.6297,-0.0404,0.0034,-0.7758,64.5775,0.5122,-0.2415,1.7495,-1.8336,-0.6297,0.0404,-0.0034,0.7758,64.5775,0.5122,0,0,-0.1543,0.633,-1.6172,0,0.9988,0,-0.0482,1,276.3,643.8,false,,,,207,0.2242,4,1.8159,-0.019,,,0.6334,,,,,,13.1744,66.6,0.0151,0,0.5122,0,0,0.01,99.9934,0,0,3.0898,1.5825,0,0,-1.0002,-0.02,0.99671,-0.04571,0.067,0,-0.05617,0.20686,0.97676,0,-0.0585,-0.9773,0.20361,0,0.23174,-2.16497,-1.31935,1,-0.1543,0.633,-1.6172,true,true,0.0556,0.3344,-1.5775,0.013,-0.2051,-0.2985,-0.0597,0.013,true,-0.1543,0.633,-1.6172,1.7523,606,1609.3,0.125,,,true,,,,,,,,,,,true,1,0,0,0,1.5775,0,0,0,0.2317,-2.165,-1.3193,WebglFramebuffer,3,0,1,true,0,
37016,1790994204278,21:23:24.277,placed,true,392,55.6,35.218641,NORMAL,UNSPECIFIED,-0.2491,1.7276,-1.8315,0.6323,-0.0312,0.007,-0.774,64.5775,0.5122,-0.2491,1.7276,-1.8315,-0.6323,0.0312,-0.007,0.774,64.5775,0.5122,0,1.6065,-0.1543,0.633,-1.6172,0,0.9988,0,-0.0482,1,280.2,639.5,false,,,,294,0.2175,14,1.777,-0.0023,,,0.6334,,,,,,13.107,66.7,0.0233,0,0.5122,0,0,0.01,99.9934,0,0,3.0898,1.5825,0,0,-1.0002,-0.02,0.99796,-0.02855,0.05715,0,-0.0503,0.20024,0.97845,0,-0.03937,-0.97933,0.19839,0,0.26342,-2.1467,-1.31276,1,-0.1543,0.633,-1.6172,true,true,0.0556,0.3344,-1.5775,0.013,-0.2051,-0.2985,-0.0597,0.013,true,-0.1543,0.633,-1.6172,1.7523,736.3,1783.1,0.1058,,,true,,,,,,,,,,,true,1,0,0,0,1.5775,0,0,0,0.2634,-2.1467,-1.3128,WebglFramebuffer,3,0,1,true,0,
37080.6,1790994204342,21:23:24.342,placed,true,393,45.1,35.300039,NORMAL,UNSPECIFIED,-0.2471,1.7218,-1.8327,0.6329,-0.0284,0.0079,-0.7736,64.5775,0.5122,-0.2471,1.7218,-1.8327,-0.6329,0.0284,-0.0079,0.7736,64.5775,0.5122,0,1.7125,-0.1543,0.633,-1.6172,0,0.9988,0,-0.0482,1,278.5,639.5,false,,,,293,0.25,14,1.7711,-0.0023,,,0.6334,,,,,,13.3467,83.3,0.0063,0,0.5122,0,0,0.01,99.9934,0,0,3.0898,1.5825,0,0,-1.0002,-0.02,0.99826,-0.02366,0.05399,0,-0.04823,0.19865,0.97888,0,-0.03389,-0.97978,0.19716,0,0.26761,-2.14351,-1.31072,1,-0.1543,0.633,-1.6172,true,true,0.0556,0.3344,-1.5775,0.013,-0.2051,-0.2985,-0.0597,0.013,true,-0.1543,0.633,-1.6172,1.7523,755.2,1851.2,0.1006,,,true,,,,,,,,,,,true,1,0,0,0,1.5775,0,0,0,0.2676,-2.1435,-1.3107,WebglFramebuffer,3,0,1,true,0,
37148.1,1790994204410,21:23:24.409,placed,true,394,41.6,35.374745,NORMAL,UNSPECIFIED,-0.2352,1.7098,-1.8342,0.6368,-0.0208,0.017,-0.7706,64.5775,0.5122,-0.2352,1.7098,-1.8342,-0.6368,0.0208,-0.017,0.7706,64.5775,0.5122,0,0,-0.1543,0.633,-1.6172,0,0.9988,0,-0.0482,1,277.6,633.1,false,,,,285,0.2521,12,1.759,-0.0023,,,0.6334,,,,,,13.4935,66.7,0.0169,0,0.5122,0,0,0.01,99.9934,0,0,3.0898,1.5825,0,0,-1.0002,-0.02,0.99856,-0.00024,0.05364,0,-0.05264,0.18836,0.98069,0,-0.01034,-0.9821,0.18808,0,0.30594,-2.12349,-1.31921,1,-0.1543,0.633,-1.6172,true,true,0.0556,0.3344,-1.5775,0.013,-0.2051,-0.2985,-0.0597,0.013,true,-0.1543,0.633,-1.6172,1.7523,766.3,1970.6,0.0915,,,true,,,,,,,,,,,true,1,0,0,0,1.5775,0,0,0,0.3059,-2.1235,-1.3192,WebglFramebuffer,3,0,1,true,0,
37215.4,1790994204477,21:23:24.477,placed,true,395,46.1,35.446124,NORMAL,UNSPECIFIED,-0.2169,1.7099,-1.8374,0.6327,-0.0204,0.0253,-0.7737,64.5775,0.5122,-0.2169,1.7099,-1.8374,-0.6327,0.0204,-0.0253,0.7737,64.5775,0.5122,0,0.7733,-0.1543,0.633,-1.6172,0,0.9988,0,-0.0482,1,276.4,642,false,,,,291,0.2534,15,1.7584,-0.0079,,,0.6334,,,,,,13.6256,66.6,0.0186,0,0.5122,0,0,0.01,99.9934,0,0,3.0898,1.5825,0,0,-1.0002,-0.02,0.99789,0.01334,0.06353,0,-0.06491,0.19815,0.97802,0,0.00045,-0.98008,0.1986,0,0.32832,-2.1367,-1.29359,1,-0.1543,0.633,-1.6172,true,true,0.0556,0.3344,-1.5775,0.013,-0.2051,-0.2985,-0.0597,0.013,true,-0.1543,0.633,-1.6172,1.7523,687.2,2044,0.0886,,,true,,,,,,,,,,,true,1,0,0,0,1.5775,0,0,0,0.3283,-2.1367,-1.2936,WebglFramebuffer,3,0,1,true,0,
37281.2,1790994204543,21:23:24.542,placed,true,396,46.8,35.509089,NORMAL,UNSPECIFIED,-0.2272,1.7101,-1.843,0.6353,-0.0162,0.0265,-0.7716,64.5775,0.5122,-0.2272,1.7101,-1.843,-0.6353,0.0162,-0.0265,0.7716,64.5775,0.5122,0,1.2828,-0.1543,0.633,-1.6172,0,0.9988,0,-0.0482,1,281.2,640.1,false,,,,288,0.2556,13,1.7468,-0.0023,,,0.6334,,,,,,13.7851,66.6,0.0117,0,0.5122,0,0,0.01,99.9934,0,0,3.0898,1.5825,0,0,-1.0002,-0.02,0.99807,0.02031,0.05863,0,-0.06144,0.1913,0.97961,0,0.00868,-0.98132,0.19218,0,0.34782,-2.13108,-1.3077,1,-0.1543,0.633,-1.6172,true,true,0.0556,0.3344,-1.5775,0.013,-0.2051,-0.2985,-0.0597,0.013,true,-0.1543,0.633,-1.6172,1.7523,763.9,2063.9,0.0891,,,true,,,,,,,,,,,true,1,0,0,0,1.5775,0,0,0,0.3478,-2.1311,-1.3077,WebglFramebuffer,3,0,1,true,0,
37352.3,1790994204614,21:23:24.613,placed,true,397,34.9,35.574449,NORMAL,UNSPECIFIED,-0.225,1.7064,-1.8485,0.6371,-0.0167,0.0264,-0.7701,64.5775,0.5122,-0.225,1.7064,-1.8485,-0.6371,0.0167,-0.0264,0.7701,64.5775,0.5122,0,1.3915,-0.1543,0.633,-1.6172,0,0.9988,0,-0.0482,1,280.3,640.9,false,,,,328,0.2485,13,1.7425,-0.0023,,,0.6334,,,,,,13.8131,66.7,0.0069,0,0.5122,0,0,0.01,99.9934,0,0,3.0898,1.5825,0,0,-1.0002,-0.02,0.99805,0.01946,0.05938,0,-0.06197,0.18675,0.98045,0,0.00799,-0.98221,0.18759,0,0.34512,-2.1299,-1.31293,1,-0.1543,0.633,-1.6172,true,true,0.0556,0.3344,-1.5775,0.013,-0.2051,-0.2985,-0.0597,0.013,true,-0.1543,0.633,-1.6172,1.7523,769.2,2161.5,0.0857,,,true,,,,,,,,,,,true,1,0,0,0,1.5775,0,0,0,0.3451,-2.1299,-1.3129,WebglFramebuffer,3,0,1,true,0,
37414.8,1790994204677,21:23:24.676,placed,true,398,41.5,35.657065,NORMAL,UNSPECIFIED,-0.2291,1.7033,-1.8474,0.6367,-0.0146,0.028,-0.7705,64.5775,0.5122,-0.2291,1.7033,-1.8474,-0.6367,0.0146,-0.028,0.7705,64.5775,0.5122,0,0,-0.1543,0.633,-1.6172,0,0.9988,0,-0.0482,1,283.5,641,false,,,,327,0.2775,13,1.7393,-0.0023,,,0.6334,,,,,,14.0292,66.7,0.0052,0,0.5122,0,0,0.01,99.9934,0,0,3.0898,1.5825,0,0,-1.0002,-0.02,0.998,0.02464,0.0582,0,-0.0618,0.18769,0.98028,0,0.01323,-0.98192,0.18883,0,0.35832,-2.12801,-1.30755,1,-0.1543,0.633,-1.6172,true,true,0.0556,0.3344,-1.5775,0.013,-0.2051,-0.2985,-0.0597,0.013,true,-0.1543,0.633,-1.6172,1.7523,828.8,2217.2,0.0824,,,true,,,,,,,,,,,true,1,0,0,0,1.5775,0,0,0,0.3583,-2.128,-1.3076,WebglFramebuffer,3,0,1,true,0,
37480.7,1790994204742,21:23:24.742,placed,true,399,41.4,35.713309,NORMAL,UNSPECIFIED,-0.23,1.705,-1.8566,0.6395,-0.0122,0.0294,-0.7682,64.5775,0.5122,-0.23,1.705,-1.8566,-0.6395,0.0122,-0.0294,0.7682,64.5775,0.5122,0,0,-0.1543,0.633,-1.6172,0,0.9988,0,-0.0482,1,284,641.1,false,,,,326,0.2849,13,1.7393,-0.0023,,,0.6334,,,,,,14.1437,66.5,0.0094,0,0.5122,0,0,0.01,99.9934,0,0,3.0898,1.5825,0,0,-1.0002,-0.02,0.99798,0.02944,0.05635,0,-0.06075,0.18042,0.98171,0,0.01874,-0.98315,0.18184,0,0.36787,-2.12616,-1.32323,1,-0.1543,0.633,-1.6172,true,true,0.0556,0.3344,-1.5775,0.013,-0.2051,-0.2985,-0.0597,0.013,true,-0.1543,0.633,-1.6172,1.7523,831.5,2237,0.0843,,,true,,,,,,,,,,,true,1,0,0,0,1.5775,0,0,0,0.3679,-2.1262,-1.3232,WebglFramebuffer,3,0,1,true,0,
37547.5,1790994204809,21:23:24.809,placed,true,400,43.2,35.779561,NORMAL,UNSPECIFIED,-0.2319,1.703,-1.8479,0.6368,-0.0105,0.0299,-0.7704,64.5775,0.5122,-0.2319,1.703,-1.8479,-0.6368,0.0105,-0.0299,0.7704,64.5775,0.5122,0,0,-0.1543,0.633,-1.6172,0,0.9988,0,-0.0482,1,284.9,640.6,false,,,,327,0.2876,13,1.7386,-0.0023,,,0.6334,,,,,,14.2264,66.7,0.0091,0,0.5122,0,0,0.01,99.9934,0,0,3.0898,1.5825,0,0,-1.0002,-0.02,0.99799,0.03271,0.05427,0,-0.05945,0.18722,0.98052,0,0.02191,-0.98177,0.18878,0,0.37316,-2.12547,-1.30837,1,-0.1543,0.633,-1.6172,true,true,0.0556,0.3344,-1.5775,0.013,-0.2051,-0.2985,-0.0597,0.013,true,-0.1543,0.633,-1.6172,1.7523,863.8,2220.1,0.0822,,,true,,,,,,,,,,,true,1,0,0,0,1.5775,0,0,0,0.3732,-2.1255,-1.3084,WebglFramebuffer,3,0,1,true,0,
37614.6,1790994204876,21:23:24.876,placed,true,401,43,35.844782,NORMAL,UNSPECIFIED,-0.2364,1.7047,-1.854,0.6377,-0.0088,0.0293,-0.7697,64.5775,0.5122,-0.2364,1.7047,-1.854,-0.6377,0.0088,-0.0293,0.7697,64.5775,0.5122,0,0,-0.1543,0.633,-1.6172,0,0.9988,0,-0.0482,1,285.8,642.3,false,,,,327,0.2894,14,1.7501,-0.0023,,,0.6334,,,,,,14.3007,66.7,0.0078,0,0.5122,0,0,0.01,99.9934,0,0,3.0898,1.5825,0,0,-1.0002,-0.02,0.99813,0.03383,0.05087,0,-0.05627,0.18491,0.98114,0,0.02379,-0.98217,0.18647,0,0.37597,-2.12819,-1.31481,1,-0.1543,0.633,-1.6172,true,true,0.0556,0.3344,-1.5775,0.013,-0.2051,-0.2985,-0.0597,0.013,true,-0.1543,0.633,-1.6172,1.7523,888.7,2236.5,0.0834,,,true,,,,,,,,,,,true,1,0,0,0,1.5775,0,0,0,0.376,-2.1282,-1.3148,WebglFramebuffer,3,0,1,true,0,
37693.6,1790994204955,21:23:24.955,placed,true,402,39.2,35.910673,NORMAL,UNSPECIFIED,-0.2275,1.6973,-1.8479,0.6365,-0.0101,0.0307,-0.7706,64.5775,0.5122,-0.2275,1.6973,-1.8479,-0.6365,0.0101,-0.0307,0.7706,64.5775,0.5122,0,0,-0.1543,0.633,-1.6172,0,0.9988,0,-0.0482,1,283.2,641.7,false,,,,320,0.3132,12,1.6947,0.0532,,,0.6334,,,,,,14.1333,66.6,0.0131,0,0.5122,0,0,0.01,99.9934,0,0,3.0898,1.5825,0,0,-1.0002,-0.02,0.99792,0.03447,0.05454,0,-0.06006,0.18784,0.98036,0,0.02355,-0.9816,0.18952,0,0.37247,-2.12483,-1.30137,1,-0.1543,0.633,-1.6172,true,true,0.0556,0.3344,-1.5775,0.013,-0.2051,-0.2985,-0.0597,0.013,true,-0.1543,0.633,-1.6172,1.7523,878.1,2344.4,0.0767,,,true,,,,,,,,,,,true,1,0,0,0,1.5775,0,0,0,0.3725,-2.1248,-1.3014,WebglFramebuffer,3,0,1,true,0,
37761.6,1790994205023,21:23:25.023,placed,true,403,42.2,35.994228,NORMAL,UNSPECIFIED,-0.236,1.7038,-1.8622,0.6385,-0.0096,0.0279,-0.7691,64.5775,0.5122,-0.236,1.7038,-1.8622,-0.6385,0.0096,-0.0279,0.7691,64.5775,0.5122,0,0,-0.1543,0.633,-1.6172,0,0.9988,0,-0.0482,1,284.7,646.6,false,,,,320,0.3183,15,1.6982,0.0385,,,0.6334,,,,,,14.1906,66.7,0.0179,0,0.5122,0,0,0.01,99.9934,0,0,3.0898,1.5825,0,0,-1.0002,-0.02,0.99826,0.03059,0.05035,0,-0.05512,0.18321,0.98153,0,0.0208,-0.9826,0.18458,0,0.36828,-2.13475,-1.3167,1,-0.1543,0.633,-1.6172,true,true,0.0556,0.3344,-1.5775,0.013,-0.2051,-0.2985,-0.0597,0.013,true,-0.1543,0.633,-1.6172,1.7523,896.6,2338.5,0.0815,,,true,,,,,,,,,,,true,1,0,0,0,1.5775,0,0,0,0.3683,-2.1347,-1.3167,WebglFramebuffer,3,0,1,true,0,
37830.3,1790994205092,21:23:25.091,placed,true,404,44.9,36.063642,NORMAL,UNSPECIFIED,-0.2303,1.7063,-1.8609,0.6379,-0.0109,0.0291,-0.7695,64.5775,0.5122,-0.2303,1.7063,-1.8609,-0.6379,0.0109,-0.0291,0.7695,64.5775,0.5122,0,0,-0.1543,0.633,-1.6172,0,0.9988,0,-0.0482,1,283.2,646.5,false,,,,321,0.3204,15,1.7009,0.0385,,,0.6334,,,,,,14.2271,66.6,0.0065,0,0.5122,0,0,0.01,99.9934,0,0,3.0898,1.5825,0,0,-1.0002,-0.02,0.99808,0.03083,0.05381,0,-0.05859,0.18456,0.98107,0,0.02031,-0.98234,0.18601,0,0.36759,-2.1358,-1.31545,1,-0.1543,0.633,-1.6172,true,true,0.0556,0.3344,-1.5775,0.013,-0.2051,-0.2985,-0.0597,0.013,true,-0.1543,0.633,-1.6172,1.7523,838.7,2280.2,0.0838,,,true,,,,,,,,,,,true,1,0,0,0,1.5775,0,0,0,0.3676,-2.1358,-1.3154,WebglFramebuffer,3,0,1,true,0,
37910.3,1790994205172,21:23:25.171,placed,true,405,33.9,36.125407,NORMAL,UNSPECIFIED,-0.2248,1.6973,-1.853,0.6361,-0.0138,0.0288,-0.7709,64.5775,0.5122,-0.2248,1.6973,-1.853,-0.6361,0.0138,-0.0288,0.7709,64.5775,0.5122,0,1.3568,-0.1543,0.633,-1.6172,0,0.9988,0,-0.0482,1,281.8,646.4,false,,,,319,0.3226,15,1.6937,0.0385,,,0.6334,,,,,,14.0544,83.3,0.0131,0,0.5122,0,0,0.01,99.9934,0,0,3.0898,1.5825,0,0,-1.0002,-0.02,0.99796,0.02693,0.05786,0,-0.06192,0.18905,0.98001,0,0.01545,-0.9816,0.19034,0,0.35813,-2.13372,-1.29768,1,-0.1543,0.633,-1.6172,true,true,0.0556,0.3344,-1.5775,0.013,-0.2051,-0.2985,-0.0597,0.013,true,-0.1543,0.633,-1.6172,1.7523,856.1,2424.8,0.0754,,,true,,,,,,,,,,,true,1,0,0,0,1.5775,0,0,0,0.3581,-2.1337,-1.2977,WebglFramebuffer,3,0,1,true,0,
37990.1,1790994205252,21:23:25.251,placed,true,406,53.8,36.216807,NORMAL,UNSPECIFIED,-0.2277,1.7033,-1.863,0.6379,-0.0143,0.0267,-0.7695,64.5775,0.5122,-0.2277,1.7033,-1.863,-0.6379,0.0143,-0.0267,0.7695,64.5775,0.5122,0,0.9718,-0.1543,0.633,-1.6172,0,0.9988,0,-0.0482,1,281.2,648.8,false,,,,319,0.3261,15,1.6976,0.0385,,,0.6334,,,,,,13.9005,66.7,0.012,0,0.5122,0,0,0.01,99.9934,0,0,3.0898,1.5825,0,0,-1.0002,-0.02,0.99817,0.02275,0.05608,0,-0.05933,0.18462,0.98102,0,0.01197,-0.98255,0.18563,0,0.35067,-2.13972,-1.31233,1,-0.1543,0.633,-1.6172,true,true,0.0556,0.3344,-1.5775,0.013,-0.2051,-0.2985,-0.0597,0.013,true,-0.1543,0.633,-1.6172,1.7523,830.4,2374.7,0.0805,,,true,,,,,,,,,,,true,1,0,0,0,1.5775,0,0,0,0.3507,-2.1397,-1.3123,WebglFramebuffer,3,0,1,true,0,
38090.9,1790994205353,21:23:25.352,placed,true,407,57.5,36.276317,NORMAL,UNSPECIFIED,-0.2307,1.7053,-1.8637,0.6374,-0.0166,0.0245,-0.77,64.5775,0.5122,-0.2307,1.7053,-1.8637,-0.6374,0.0166,-0.0245,0.77,64.5775,0.5122,0,0,-0.1543,0.633,-1.6172,0,0.9988,0,-0.0482,1,281.7,650.5,false,,,,306,0.3495,17,1.7631,-0.0101,,,0.6334,,,,,,13.5035,83.3,0.0037,0,0.5122,0,0,0.01,99.9934,0,0,3.0898,1.5825,0,0,-1.0002,-0.02,0.99825,0.01655,0.05678,0,-0.05887,0.18629,0.98073,0,0.00565,-0.98235,0.18694,0,0.34123,-2.14472,-1.31095,1,-0.1543,0.633,-1.6172,true,true,0.0556,0.3344,-1.5775,0.013,-0.2051,-0.2985,-0.0597,0.013,true,-0.1543,0.633,-1.6172,1.7523,831.4,2355.9,0.0818,,,true,,,,,,,,,,,true,1,0,0,0,1.5775,0,0,0,0.3412,-2.1447,-1.311,WebglFramebuffer,3,0,1,true,0,
38158.4,1790994205420,21:23:25.420,placed,true,408,36.1,36.373235,NORMAL,UNSPECIFIED,-0.2353,1.7056,-1.8663,0.6395,-0.0176,0.0222,-0.7683,64.5775,0.5122,-0.2353,1.7056,-1.8663,-0.6395,0.0176,-0.0222,0.7683,64.5775,0.5122,0,0,-0.1543,0.633,-1.6172,0,0.9988,0,-0.0482,1,282.3,648.6,false,,,,305,0.3786,16,1.7629,-0.0083,,,0.6334,,,,,,13.6325,99.9,0.0052,0,0.5122,0,0,0.01,99.9934,0,0,3.0898,1.5825,0,0,-1.0002,-0.02,0.99839,0.01161,0.05552,0,-0.0567,0.18119,0.98181,0,0.00134,-0.98338,0.18156,0,0.33412,-2.1416,-1.32268,1,-0.1543,0.633,-1.6172,true,true,0.0556,0.3344,-1.5775,0.013,-0.2051,-0.2985,-0.0597,0.013,true,-0.1543,0.633,-1.6172,1.7523,846.4,2347.1,0.083,,,true,,,,,,,,,,,true,1,0,0,0,1.5775,0,0,0,0.3341,-2.1416,-1.3227,WebglFramebuffer,3,0,1,true,0,
38270.3,1790994205532,21:23:25.531,placed,true,409,63.9,36.462433,NORMAL,UNSPECIFIED,-0.2346,1.7034,-1.8522,0.6366,-0.0193,0.0208,-0.7707,64.5775,0.5122,-0.2346,1.7034,-1.8522,-0.6366,0.0193,-0.0208,0.7707,64.5775,0.5122,0,0,-0.1543,0.633,-1.6172,0,0.9988,0,-0.0482,1,281.3,645.5,false,,,,306,0.3788,16,1.7636,-0.0083,,,0.6334,,,,,,13.1637,66.7,0.0142,0,0.5122,0,0,0.01,99.9934,0,0,3.0898,1.5825,0,0,-1.0002,-0.02,0.99839,0.00741,0.05625,0,-0.05664,0.18866,0.98041,0,-0.00335,-0.98201,0.18877,0,0.3245,-2.13856,-1.30721,1,-0.1543,0.633,-1.6172,true,true,0.0556,0.3344,-1.5775,0.013,-0.2051,-0.2985,-0.0597,0.013,true,-0.1543,0.633,-1.6172,1.7523,843.8,2284.6,0.0815,,,true,,,,,,,,,,,true,1,0,0,0,1.5775,0,0,0,0.3245,-2.1386,-1.3072,WebglFramebuffer,3,0,1,true,0,
38332.7,1790994205594,21:23:25.594,placed,true,410,34.2,36.545776,NORMAL,UNSPECIFIED,-0.2357,1.7058,-1.8603,0.6378,-0.0183,0.0184,-0.7697,64.5775,0.5122,-0.2357,1.7058,-1.8603,-0.6378,0.0183,-0.0184,0.7697,64.5775,0.5122,0,1.6175,-0.1543,0.633,-1.6172,0,0.9988,0,-0.0482,1,278.4,648.1,false,,,,308,0.3807,17,1.7643,-0.0101,,,0.6334,,,,,,13.4524,100,0.0085,0,0.5122,0,0,0.01,99.9934,0,0,3.0898,1.5825,0,0,-1.0002,-0.02,0.99866,0.00502,0.0516,0,-0.05164,0.18564,0.98126,0,-0.00465,-0.9826,0.18565,0,0.31481,-2.14344,-1.31633,1,-0.1543,0.633,-1.6172,true,true,0.0556,0.3344,-1.5775,0.013,-0.2051,-0.2985,-0.0597,0.013,true,-0.1543,0.633,-1.6172,1.7523,829.9,2298.9,0.0835,,,true,,,,,,,,,,,true,1,0,0,0,1.5775,0,0,0,0.3148,-2.1434,-1.3163,WebglFramebuffer,3,0,1,true,0,
38393.9,1790994205656,21:23:25.655,placed,true,411,24.5,36.637748,NORMAL,UNSPECIFIED,-0.2327,1.7054,-1.8544,0.6355,-0.0176,0.016,-0.7718,64.5775,0.5122,-0.2327,1.7054,-1.8544,-0.6355,0.0176,-0.016,0.7718,64.5775,0.5122,0,0,-0.1543,0.633,-1.6172,0,0.9988,0,-0.0482,1,273.4,648.9,false,,,,309,0.383,18,1.765,-0.0083,,,0.6334,,,,,,13.7385,66.6,0.0067,0,0.5122,0,0,0.01,99.9934,0,0,3.0898,1.5825,0,0,-1.0002,-0.02,0.99887,0.00235,0.04752,0,-0.04709,0.19182,0.9803,0,-0.00682,-0.98143,0.19172,0,0.30014,-2.1465,-1.30519,1,-0.1543,0.633,-1.6172,true,true,0.0556,0.3344,-1.5775,0.013,-0.2051,-0.2985,-0.0597,0.013,true,-0.1543,0.633,-1.6172,1.7523,803.7,2271.6,0.0831,,,true,,,,,,,,,,,true,1,0,0,0,1.5775,0,0,0,0.3001,-2.1465,-1.3052,WebglFramebuffer,3,0,1,true,0,
38468.3,1790994205730,21:23:25.729,placed,true,412,36.9,36.709411,NORMAL,UNSPECIFIED,-0.2283,1.7102,-1.8583,0.6338,-0.0177,0.0161,-0.7731,64.5775,0.5122,-0.2283,1.7102,-1.8583,-0.6338,0.0177,-0.0161,0.7731,64.5775,0.5122,0,1.0434,-0.1543,0.633,-1.6172,0,0.9988,0,-0.0482,1,270.8,653.7,false,,,,313,0.3784,16,1.8404,-0.0273,,,0.6334,,,,,,13.7087,50.1,0.0077,0,0.5122,0,0,0.01,99.9934,0,0,3.0898,1.5825,0,0,-1.0002,-0.02,0.99885,0.00255,0.04779,0,-0.04737,0.19595,0.97947,0,-0.00687,-0.98061,0.19585,0,0.29624,-2.15678,-1.30024,1,-0.1543,0.633,-1.6172,true,true,0.0556,0.3344,-1.5775,0.013,-0.2051,-0.2985,-0.0597,0.013,true,-0.1543,0.633,-1.6172,1.7523,752.1,2240.4,0.0861,,,true,,,,,,,,,,,true,1,0,0,0,1.5775,0,0,0,0.2962,-2.1568,-1.3002,WebglFramebuffer,3,0,1,true,0,
38523.7,1790994205785,21:23:25.785,placed,true,413,27.3,36.771429,NORMAL,UNSPECIFIED,-0.2215,1.7027,-1.8412,0.6276,-0.0195,0.0171,-0.7781,64.5775,0.5122,-0.2215,1.7027,-1.8412,-0.6276,0.0195,-0.0171,0.7781,64.5775,0.5122,0,0.396,-0.1543,0.633,-1.6172,0,0.9988,0,-0.0482,1,269.5,655.5,false,,,,318,0.3818,19,1.8372,-0.0797,,,0.6334,,,,,,14.1429,83.3,0.0199,0,0.5122,0,0,0.01,99.9934,0,0,3.0898,1.5825,0,0,-1.0002,-0.02,0.99866,0.00211,0.05179,0,-0.05107,0.21172,0.976,0,-0.00891,-0.97733,0.21154,0,0.29174,-2.15946,-1.26084,1,-0.1543,0.633,-1.6172,true,true,0.0556,0.3344,-1.5775,0.013,-0.2051,-0.2985,-0.0597,0.013,true,-0.1543,0.633,-1.6172,1.7523,754.3,2298.6,0.0782,,,true,,,,,,,,,,,true,1,0,0,0,1.5775,0,0,0,0.2917,-2.1595,-1.2608,WebglFramebuffer,3,0,1,true,0,
38591.8,1790994205854,21:23:25.853,placed,true,414,29.5,36.836344,NORMAL,UNSPECIFIED,-0.2164,1.7188,-1.8449,0.6264,-0.0212,0.0188,-0.779,64.5775,0.5122,-0.2164,1.7188,-1.8449,-0.6264,0.0212,-0.0188,0.779,64.5775,0.5122,0,0,-0.1543,0.633,-1.6172,0,0.9988,0,-0.0482,1,269.1,657.9,false,,,,320,0.3801,22,2.1149,-0.1,,,0.6334,,,,,,14.1949,49.9,0.0173,0,0.5122,0,0,0.01,99.9934,0,0,3.0898,1.5825,0,0,-1.0002,-0.02,0.99839,0.00273,0.05662,0,-0.05589,0.21455,0.97511,0,-0.00949,-0.97671,0.21436,0,0.29463,-2.17014,-1.26831,1,-0.1543,0.633,-1.6172,true,true,0.0556,0.3344,-1.5775,0.013,-0.2051,-0.2985,-0.0597,0.013,true,-0.1543,0.633,-1.6172,1.7523,644.5,2053.2,0.0923,,,true,,,,,,,,,,,true,1,0,0,0,1.5775,0,0,0,0.2946,-2.1701,-1.2683,WebglFramebuffer,3,0,1,true,0,
38658.2,1790994205920,21:23:25.919,placed,true,415,42.8,36.902668,NORMAL,UNSPECIFIED,-0.2239,1.7353,-1.8478,0.6278,-0.0209,0.0181,-0.7779,64.5775,0.5122,-0.2239,1.7353,-1.8478,-0.6278,0.0209,-0.0181,0.7779,64.5775,0.5122,0,0,-0.1543,0.633,-1.6172,0,0.9988,0,-0.0482,1,271.8,655,false,,,,322,0.3772,21,1.8995,-0.1,,,0.6334,,,,,,14.2837,66.7,0.0183,0,0.5122,0,0,0.01,99.9934,0,0,3.0898,1.5825,0,0,-1.0002,-0.02,0.99847,0.00196,0.0553,0,-0.05447,0.21099,0.97597,0,-0.00976,-0.97749,0.21078,0,0.3,-2.17191,-1.29171,1,-0.1543,0.633,-1.6172,true,true,0.0556,0.3344,-1.5775,0.013,-0.2051,-0.2985,-0.0597,0.013,true,-0.1543,0.633,-1.6172,1.7523,623,1839.3,0.1084,,,true,,,,,,,,,,,true,1,0,0,0,1.5775,0,0,0,0.3,-2.1719,-1.2917,WebglFramebuffer,3,0,1,true,0,
38719.4,1790994205981,21:23:25.981,placed,true,416,37,36.955546,NORMAL,UNSPECIFIED,-0.2292,1.7438,-1.8396,0.6252,-0.0183,0.0187,-0.78,64.5775,0.5122,-0.2292,1.7438,-1.8396,-0.6252,0.0183,-0.0187,0.78,64.5775,0.5122,0,1.0298,-0.1543,0.633,-1.6172,0,0.9988,0,-0.0482,1,273.8,653.2,false,,,,323,0.3752,22,1.9098,-0.0797,,,0.6334,,,,,,14.4893,66.7,0.013,0,0.5122,0,0,0.01,99.9934,0,0,3.0898,1.5825,0,0,-1.0002,-0.02,0.99863,0.00623,0.05193,0,-0.05204,0.21745,0.97468,0,-0.00522,-0.97605,0.21748,0,0.31006,-2.17327,-1.28765,1,-0.1543,0.633,-1.6172,true,true,0.0556,0.3344,-1.5775,0.013,-0.2051,-0.2985,-0.0597,0.013,true,-0.1543,0.633,-1.6172,1.7523,626.6,1705.8,0.1167,,,true,,,,,,,,,,,true,1,0,0,0,1.5775,0,0,0,0.3101,-2.1733,-1.2876,WebglFramebuffer,3,0,1,true,0,
38785.4,1790994206047,21:23:26.047,placed,true,417,28,37.022122,NORMAL,UNSPECIFIED,-0.228,1.7557,-1.8349,0.6248,-0.0166,0.0211,-0.7804,64.5775,0.5122,-0.228,1.7557,-1.8349,-0.6248,0.0166,-0.0211,0.7804,64.5775,0.5122,0,0,-0.1543,0.633,-1.6172,0,0.9988,0,-0.0482,1,274.4,649.4,false,,,,336,0.3451,22,1.7778,0.0417,,,0.6334,,,,,,14.5556,66.5,0.0129,0,0.5122,0,0,0.01,99.9934,0,0,3.0898,1.5825,0,0,-1.0002,-0.02,0.99855,0.01218,0.05238,0,-0.05377,0.21846,0.97436,0,0.00042,-0.97577,0.2188,0,0.3229,-2.17122,-1.29727,1,-0.1543,0.633,-1.6172,true,true,0.0556,0.3344,-1.5775,0.013,-0.2051,-0.2985,-0.0597,0.013,true,-0.1543,0.633,-1.6172,1.7523,590.2,1568.8,0.129,,,true,,,,,,,,,,,true,1,0,0,0,1.5775,0,0,0,0.3229,-2.1712,-1.2973,WebglFramebuffer,3,0,1,true,0,
38857.8,1790994206119,21:23:26.119,placed,true,418,43.4,37.096831,NORMAL,UNSPECIFIED,-0.2318,1.7583,-1.8189,0.6218,-0.0119,0.0204,-0.7828,64.5775,0.5122,-0.2318,1.7583,-1.8189,-0.6218,0.0119,-0.0204,0.7828,64.5775,0.5122,0,0.9045,-0.1543,0.633,-1.6172,0,0.9988,0,-0.0482,1,272.6,644.1,false,,,,338,0.3481,23,1.7838,0.0184,,,0.6334,,,,,,14.4812,66.7,0.0167,0,0.5122,0,0,0.01,99.9934,0,0,3.0898,1.5825,0,0,-1.0002,-0.02,0.99889,0.01706,0.04399,0,-0.04671,0.22586,0.97304,0,0.00666,-0.97401,0.22641,0,0.32579,-2.16477,-1.28887,1,-0.1543,0.633,-1.6172,true,true,0.0556,0.3344,-1.5775,0.013,-0.2051,-0.2985,-0.0597,0.013,true,-0.1543,0.633,-1.6172,1.7523,593.8,1461.5,0.1337,,,true,,,,,,,,,,,true,1,0,0,0,1.5775,0,0,0,0.3258,-2.1648,-1.2889,WebglFramebuffer,3,0,1,true,0,
38926,1790994206188,21:23:26.187,placed,true,419,47.6,37.154924,NORMAL,UNSPECIFIED,-0.2196,1.7682,-1.7929,0.6151,-0.0073,0.0249,-0.788,64.5775,0.5122,-0.2196,1.7682,-1.7929,-0.6151,0.0073,-0.0249,0.788,64.5775,0.5122,0,0.9545,-0.1543,0.633,-1.6172,0,0.9988,0,-0.0482,1,267.3,638.4,false,,,,342,0.3468,21,1.7995,0.0184,,,0.6334,,,,,,14.4994,66.6,0.0303,0,0.5122,0,0,0.01,99.9934,0,0,3.0898,1.5825,0,0,-1.0002,-0.02,0.99866,0.0303,0.04204,0,-0.04814,0.24196,0.96909,0,0.01919,-0.96981,0.2431,0,0.33883,-2.15999,-1.26847,1,-0.1543,0.633,-1.6172,true,true,0.0556,0.3344,-1.5775,0.013,-0.2051,-0.2985,-0.0597,0.013,true,-0.1543,0.633,-1.6172,1.7523,520.7,1281.2,0.1462,,,true,,,,,,,,,,,true,1,0,0,0,1.5775,0,0,0,0.3388,-2.16,-1.2685,WebglFramebuffer,3,0,1,true,0,
38999.2,1790994206261,21:23:26.260,placed,true,420,49.8,37.218576,NORMAL,UNSPECIFIED,-0.2208,1.7775,-1.7918,0.6144,-0.0056,0.0249,-0.7886,64.5775,0.5122,-0.2208,1.7775,-1.7918,-0.6144,0.0056,-0.0249,0.7886,64.5775,0.5122,0,0,-0.1543,0.633,-1.6172,0,0.9988,0,-0.0482,1,266.6,637.9,false,,,,342,0.3461,22,1.8088,0.0417,,,0.6334,,,,,,14.4155,66.7,0.0095,0,0.5122,0,0,0.01,99.9934,0,0,3.0898,1.5825,0,0,-1.0002,-0.02,0.9987,0.03233,0.03946,0,-0.04617,0.24371,0.96875,0,0.02171,-0.96931,0.24489,0,0.34146,-2.16284,-1.27449,1,-0.1543,0.633,-1.6172,true,true,0.0556,0.3344,-1.5775,0.013,-0.2051,-0.2985,-0.0597,0.013,true,-0.1543,0.633,-1.6172,1.7523,508.3,1233.7,0.1552,,,true,,,,,,,,,,,true,1,0,0,0,1.5775,0,0,0,0.3415,-2.1628,-1.2745,WebglFramebuffer,3,0,1,true,0,
39080,1790994206342,21:23:26.341,placed,true,421,55.6,37.289065,NORMAL,UNSPECIFIED,-0.1949,1.7924,-1.7696,0.609,-0.0029,0.0345,-0.7924,64.5775,0.5122,-0.1949,1.7924,-1.7696,-0.609,0.0029,-0.0345,0.7924,64.5775,0.5122,0,0.7701,-0.1543,0.633,-1.6172,0,0.9988,0,-0.0482,1,260.4,632.2,false,,,,344,0.3423,20,1.8457,0.0184,,,0.6334,,,,,,14.2116,83.4,0.0372,0,0.5122,0,0,0.01,99.9934,0,0,3.0898,1.5825,0,0,-1.0002,-0.02,0.9976,0.05115,0.0466,0,-0.0582,0.25594,0.96494,0,0.03743,-0.96534,0.25831,0,0.36499,-2.15703,-1.26343,1,-0.1543,0.633,-1.6172,true,true,0.0556,0.3344,-1.5775,0.013,-0.2051,-0.2985,-0.0597,0.013,true,-0.1543,0.633,-1.6172,1.7523,404,1091.5,0.173,,,true,,,,,,,,,,,true,1,0,0,0,1.5775,0,0,0,0.365,-2.157,-1.2634,WebglFramebuffer,4,0,1,true,0,
39164.3,1790994206426,21:23:26.425,placed,true,422,42.8,37.363915,NORMAL,UNSPECIFIED,-0.1961,1.814,-1.7522,0.6063,-0.0008,0.0389,-0.7943,64.5775,0.5122,-0.1961,1.814,-1.7522,-0.6063,0.0008,-0.0389,0.7943,64.5775,0.5122,0,0,-0.1543,0.633,-1.6172,0,0.9988,0,-0.0482,1,263.7,624.4,false,,,,371,0.3208,27,1.6107,0.2696,,,0.6334,,,,,,13.9781,83.2,0.0277,0,0.5122,0,0,0.01,99.9934,0,0,3.0898,1.5825,0,0,-1.0002,-0.02,0.99697,0.06091,0.04846,0,-0.0628,0.26171,0.9631,0,0.04598,-0.96322,0.26474,0,0.38998,-2.15055,-1.27367,1,-0.1543,0.633,-1.6172,true,true,0.0556,0.3344,-1.5775,0.013,-0.2051,-0.2985,-0.0597,0.013,true,-0.1543,0.633,-1.6172,1.7523,391.2,973.1,0.1968,,,true,,,,,,,,,,,true,1,0,0,0,1.5775,0,0,0,0.39,-2.1506,-1.2737,WebglFramebuffer,4,0,1,true,0,
39228.2,1790994206490,21:23:26.489,placed,true,423,35.8,37.461204,NORMAL,UNSPECIFIED,-0.2123,1.8311,-1.7047,0.6021,0.0029,0.036,-0.7976,64.5775,0.5122,-0.2123,1.8311,-1.7047,-0.6021,-0.0029,-0.036,0.7976,64.5775,0.5122,0,0.3773,-0.1543,0.633,-1.6172,0,0.9988,0,-0.0482,1,264.8,602.9,false,,,,376,0.3486,22,1.6793,0.2626,,,0.6334,,,,,,14.1428,83.3,0.053,0,0.5122,0,0,0.01,99.9934,0,0,3.0898,1.5825,0,0,-1.0002,-0.02,0.99739,0.06101,0.03872,0,-0.05395,0.27233,0.96069,0,0.04807,-0.96027,0.27491,0,0.39252,-2.1227,-1.28231,1,-0.1543,0.633,-1.6172,true,true,0.0556,0.3344,-1.5775,0.013,-0.2051,-0.2985,-0.0597,0.013,true,-0.1543,0.633,-1.6172,1.7523,402.6,793.5,0.2241,,,true,,,,,,,,,,,true,1,0,0,0,1.5775,0,0,0,0.3925,-2.1227,-1.2823,WebglFramebuffer,4,0,1,true,0,
39293.7,1790994206555,21:23:26.555,placed,true,424,39.3,37.533492,NORMAL,UNSPECIFIED,-0.233,1.8286,-1.6752,0.5998,0.0053,0.0316,-0.7995,64.5775,0.5122,-0.233,1.8286,-1.6752,-0.5998,-0.0053,-0.0316,0.7995,64.5775,0.5122,0,0.5857,-0.1543,0.633,-1.6172,0,0.9988,0,-0.0482,1,268.4,590,false,,,,376,0.3468,21,1.6851,0.2164,,,0.6334,,,,,,14.2552,66.7,0.0361,0,0.5122,0,0,0.01,99.9934,0,0,3.0898,1.5825,0,0,-1.0002,-0.02,0.99795,0.05684,0.02938,0,-0.04411,0.2785,0.95942,0,0.04635,-0.95875,0.28044,0,0.39078,-2.10207,-1.27775,1,-0.1543,0.633,-1.6172,true,true,0.0556,0.3344,-1.5775,0.013,-0.2051,-0.2985,-0.0597,0.013,true,-0.1543,0.633,-1.6172,1.7523,441.6,709.2,0.2291,,,true,,,,,,,,,,,true,1,0,0,0,1.5775,0,0,0,0.3908,-2.1021,-1.2777,WebglFramebuffer,4,0,1,true,0,
39362.6,1790994206624,21:23:26.624,placed,true,425,51.2,37.594052,NORMAL,UNSPECIFIED,-0.2471,1.8151,-1.6229,0.5679,0.0046,0.0315,-0.8225,64.5775,0.5122,-0.2471,1.8151,-1.6229,-0.5679,-0.0046,-0.0315,0.8225,64.5775,0.5122,0,0,-0.1543,0.633,-1.6172,0,0.9988,0,-0.0482,1,278.1,613.6,false,,,,293,0.4696,38,1.7429,0.2123,,,0.6334,,,,,,14.2811,50,0.0558,0,0.5122,0,0,0.01,99.9934,0,0,3.0898,1.5825,0,0,-1.0002,-0.02,0.99797,0.05708,0.0283,0,-0.04669,0.35294,0.93448,0,0.04335,-0.9339,0.35489,0,0.40174,-2.14215,-1.11327,1,-0.1543,0.633,-1.6172,true,true,0.0556,0.3344,-1.5775,0.013,-0.2051,-0.2985,-0.0597,0.013,true,-0.1543,0.633,-1.6172,1.7523,479,617.4,0.224,,,true,,,,,,,,,,,true,1,0,0,0,1.5775,0,0,0,0.4017,-2.1421,-1.1133,WebglFramebuffer,4,0,1,true,0,
39430.4,1790994206692,21:23:26.692,placed,true,426,48,37.650954,NORMAL,UNSPECIFIED,-0.2804,1.7708,-1.574,0.5544,0.0088,0.0268,-0.8318,64.5775,0.5122,-0.2804,1.7708,-1.574,-0.5544,-0.0088,-0.0268,0.8318,64.5775,0.5122,0,0,-0.1543,0.633,-1.6172,0,0.9988,0,-0.0482,1,289.7,605.7,false,,,,397,0.3331,36,1.7056,0.2164,,,0.6334,,,,,,14.3279,66.6,0.0739,0,0.5122,0,0,0.01,99.9934,0,0,3.0898,1.5825,0,0,-1.0002,-0.02,0.9984,0.05444,0.01507,0,-0.03485,0.38378,0.92277,0,0.04445,-0.92182,0.38507,0,0.41165,-2.11526,-1.0237,1,-0.1543,0.633,-1.6172,true,true,0.0556,0.3344,-1.5775,0.013,-0.2051,-0.2985,-0.0597,0.013,true,-0.1543,0.633,-1.6172,1.7523,594.7,475.2,0.1996,,,true,,,,,,,,,,,true,1,0,0,0,1.5775,0,0,0,0.4117,-2.1153,-1.0237,WebglFramebuffer,4,0,1,true,0,
39512.6,1790994206774,21:23:26.774,placed,true,427,52,37.722672,NORMAL,UNSPECIFIED,-0.2953,1.6851,-1.4909,0.552,0.0115,0.0202,-0.8335,64.5775,0.5122,-0.2953,1.6851,-1.4909,-0.552,-0.0115,-0.0202,0.8335,64.5775,0.5122,0,0.9374,-0.1543,0.633,-1.6172,0,0.9988,0,-0.0482,1,290.4,554.9,false,,,,289,0.4401,14,1.8257,0.0807,,,0.6334,,,,,,14.1146,83.3,0.1203,0,0.5122,0,0,0.01,99.9934,0,0,3.0898,1.5825,0,0,-1.0002,-0.02,0.99892,0.04638,0.00306,0,-0.02091,0.38978,0.92067,0,0.04151,-0.91974,0.39033,0,0.39212,-2.01438,-0.96853,1,-0.1543,0.633,-1.6172,true,true,0.0556,0.3344,-1.5775,0.013,-0.2051,-0.2985,-0.0597,0.013,true,-0.1543,0.633,-1.6172,1.7523,739,76.8,0.1544,,,true,,,,,,,,,,,true,1,0,0,0,1.5775,0,0,0,0.3921,-2.0144,-0.9685,WebglFramebuffer,4,0,1,true,0,
39592.7,1790994206854,21:23:26.854,placed,true,428,56.4,37.800052,NORMAL,UNSPECIFIED,-0.3133,1.6337,-1.4389,0.5489,0.017,0.0162,-0.8355,64.5775,0.5122,-0.3133,1.6337,-1.4389,-0.5489,-0.017,-0.0162,0.8355,64.5775,0.5122,0,1.5969,-0.1543,0.633,-1.6172,0,0.9988,0,-0.0482,1,293.8,522.1,false,,,,276,0.4291,7,1.8417,-0.0273,,,0.6334,,,,,,13.9469,83.4,0.0753,0,0.5122,0,0,0.01,99.9934,0,0,3.0898,1.5825,0,0,-1.0002,-0.02,0.9989,0.04578,-0.01054,0,-0.0085,0.39681,0.91786,0,0.0462,-0.91676,0.39676,0,0.39332,-1.95307,-0.93195,1,-0.1543,0.633,-1.6172,true,true,0.0556,0.3344,-1.5775,0.013,-0.2051,-0.2985,-0.0597,0.013,true,-0.1543,0.633,-1.6172,1.7523,899.1,-293.7,0.1305,,,true,,,,,,,,,,,true,1,0,0,0,1.5775,0,0,0,0.3933,-1.9531,-0.932,WebglFramebuffer,3,0,1,true,0,
39674,1790994206936,21:23:26.935,placed,true,429,61.5,37.876109,NORMAL,UNSPECIFIED,-0.3147,1.6812,-1.371,0.5476,0.0189,0.0141,-0.8364,64.5775,0.5122,-0.3147,1.6812,-1.371,-0.5476,-0.0189,-0.0141,0.8364,64.5775,0.5122,0,0.5901,-0.1543,0.633,-1.6172,0,0.9988,0,-0.0482,1,283,490.1,false,,,,288,0.4238,5,1.9026,-0.0225,,,0.6334,,,,,,13.7853,66.6,0.0828,0,0.5122,0,0,0.01,99.9934,0,0,3.0898,1.5825,0,0,-1.0002,-0.02,0.99889,0.04419,-0.01615,0,-0.00287,0.39979,0.9166,0,0.04696,-0.91554,0.39947,0,0.38352,-1.91347,-0.99837,1,-0.1543,0.633,-1.6172,true,true,0.0556,0.3344,-1.5775,0.013,-0.2051,-0.2985,-0.0597,0.013,true,-0.1543,0.633,-1.6172,1.7523,642.9,-180.7,0.2024,,,true,,,,,,,,,,,true,1,0,0,0,1.5775,0,0,0,0.3835,-1.9135,-0.9984,WebglFramebuffer,4,0,1,true,0,
39743.1,1790994207005,21:23:27.004,placed,true,430,42.7,37.95278,NORMAL,UNSPECIFIED,-0.2954,1.7145,-1.3731,0.5476,0.0182,0.0225,-0.8362,64.5775,0.5122,-0.2954,1.7145,-1.3731,-0.5476,-0.0182,-0.0225,0.8362,64.5775,0.5122,0,1.3197,-0.1543,0.633,-1.6172,0,0.9988,0,-0.0482,1,278,495,false,,,,300,0.4248,7,1.9432,-0.0273,,,0.6334,,,,,,13.8519,83.3,0.0386,0,0.5122,0,0,0.01,99.9934,0,0,3.0898,1.5825,0,0,-1.0002,-0.02,0.99833,0.05747,-0.00578,0,-0.01768,0.39925,0.91667,0,0.05498,-0.91504,0.3996,0,0.40074,-1.92403,-1.02467,1,-0.1543,0.633,-1.6172,true,true,0.0556,0.3344,-1.5775,0.013,-0.2051,-0.2985,-0.0597,0.013,true,-0.1543,0.633,-1.6172,1.7523,538.8,-74.6,0.2304,,,true,,,,,,,,,,,true,1,0,0,0,1.5775,0,0,0,0.4007,-1.924,-1.0247,WebglFramebuffer,4,0,1,true,0,
39828.8,1790994207091,21:23:27.090,placed,true,431,62.5,38.040147,NORMAL,UNSPECIFIED,-0.2824,1.7453,-1.3475,0.5443,0.0099,0.0212,-0.8385,64.5775,0.5122,-0.2824,1.7453,-1.3475,-0.5443,-0.0099,-0.0212,0.8385,64.5775,0.5122,0,1.6827,-0.1543,0.633,-1.6172,0,0.9988,0,-0.0482,1,274.5,491.4,false,,,,305,0.4199,7,1.9822,-0.0273,,,0.6334,,,,,,13.6322,66.7,0.0421,0,0.5122,0,0,0.01,99.9934,0,0,3.0898,1.5825,0,0,-1.0002,-0.02,0.99891,0.04622,0.0065,0,-0.02475,0.40651,0.91331,0,0.03957,-0.91247,0.40722,0,0.37858,-1.92604,-1.04341,1,-0.1543,0.633,-1.6172,true,true,0.0556,0.3344,-1.5775,0.013,-0.2051,-0.2985,-0.0597,0.013,true,-0.1543,0.633,-1.6172,1.7523,471.1,-25.2,0.2687,,,true,,,,,,,,,,,true,1,0,0,0,1.5775,0,0,0,0.3786,-1.926,-1.0434,WebglFramebuffer,4,0,1,true,0,
39906.2,1790994207168,21:23:27.167,placed,true,432,44.9,38.105851,NORMAL,UNSPECIFIED,-0.3026,1.784,-1.3002,0.545,0.0106,0.0172,-0.8382,64.5775,0.5122,-0.3026,1.784,-1.3002,-0.545,-0.0106,-0.0172,0.8382,64.5775,0.5122,0,0,-0.1543,0.633,-1.6172,0,0.9988,0,-0.0482,1,276.9,471.4,false,,,,359,0.3885,5,2.0256,-0.0225,,,0.6334,,,,,,13.5609,83.3,0.0644,0,0.5122,0,0,0.01,99.9934,0,0,3.0898,1.5825,0,0,-1.0002,-0.02,0.99919,0.04032,0.00103,0,-0.0173,0.40533,0.91401,0,0.03643,-0.91328,0.4057,0,0.38063,-1.89841,-1.10279,1,-0.1543,0.633,-1.6172,true,true,0.0556,0.3344,-1.5775,0.013,-0.2051,-0.2985,-0.0597,0.013,true,-0.1543,0.633,-1.6172,1.7523,459.6,-8.2,0.3236,,,true,,,,,,,,,,,true,1,0,0,0,1.5775,0,0,0,0.3806,-1.8984,-1.1028,WebglFramebuffer,4,0,1,true,0,
39975.5,1790994207237,21:23:27.237,placed,true,433,41.1,38.20122,NORMAL,UNSPECIFIED,-0.3112,1.8038,-1.2839,0.5448,0.0098,0.0107,-0.8385,64.5775,0.5122,-0.3112,1.8038,-1.2839,-0.5448,-0.0098,-0.0107,0.8385,64.5775,0.5122,0,0,-0.1543,0.633,-1.6172,0,0.9988,0,-0.0482,1,274.9,467.3,false,,,,354,0.3991,5,2.0509,-0.0225,,,0.6334,,,,,,13.6499,83.3,0.027,0,0.5122,0,0,0.01,99.9934,0,0,3.0898,1.5825,0,0,-1.0002,-0.02,0.99958,0.02862,-0.00467,0,-0.00736,0.40619,0.91376,0,0.02805,-0.91334,0.40623,0,0.36034,-1.89642,-1.12809,1,-0.1543,0.633,-1.6172,true,true,0.0556,0.3344,-1.5775,0.013,-0.2051,-0.2985,-0.0597,0.013,true,-0.1543,0.633,-1.6172,1.7523,455.6,11.5,0.3493,,,true,,,,,,,,,,,true,1,0,0,0,1.5775,0,0,0,0.3603,-1.8964,-1.1281,WebglFramebuffer,4,0,1,true,0,
40052.9,1790994207314,21:23:27.314,placed,true,434,53.4,38.274229,NORMAL,UNSPECIFIED,-0.2939,1.7986,-1.2417,0.539,0.0039,0.0114,-0.8422,64.5775,0.5122,-0.2939,1.7986,-1.2417,-0.539,-0.0039,-0.0114,0.8422,64.5775,0.5122,0,0.9308,-0.1543,0.633,-1.6172,0,0.9988,0,-0.0482,1,271.3,455.3,false,,,,356,0.403,3,2.065,-0.0273,,,0.6334,,,,,,13.5786,66.6,0.0459,0,0.5122,0,0,0.01,99.9934,0,0,3.0898,1.5825,0,0,-1.0002,-0.02,0.99971,0.02345,0.00581,0,-0.0151,0.41866,0.90802,0,0.01886,-0.90784,0.41889,0,0.34436,-1.87336,-1.11135,1,-0.1543,0.633,-1.6172,true,true,0.0556,0.3344,-1.5775,0.013,-0.2051,-0.2985,-0.0597,0.013,true,-0.1543,0.633,-1.6172,1.7523,423.1,-31.5,0.3637,,,true,,,,,,,,,,,true,1,0,0,0,1.5775,0,0,0,0.3444,-1.8734,-1.1114,WebglFramebuffer,4,0,1,true,0,
40135.4,1790994207397,21:23:27.397,placed,true,435,56,38.338728,NORMAL,UNSPECIFIED,-0.2676,1.8388,-1.212,0.5435,-0.0024,0.0147,-0.8393,64.5775,0.5122,-0.2676,1.8388,-1.212,-0.5435,0.0024,-0.0147,0.8393,64.5775,0.5122,0,0,-0.1543,0.633,-1.6172,0,0.9988,0,-0.0482,1,264.2,441.4,false,,,,359,0.3986,2,2.4194,0.6299,,,0.6334,,,,,,13.4314,83.3,0.0564,0,0.5122,0,0,0.01,99.9934,0,0,3.0898,1.5825,0,0,-1.0002,-0.02,0.99956,0.02201,0.01997,0,-0.02722,0.40872,0.91226,0,0.01192,-0.9124,0.40913,0,0.332,-1.8515,-1.17625,1,-0.1543,0.633,-1.6172,true,true,0.0556,0.3344,-1.5775,0.013,-0.2051,-0.2985,-0.0597,0.013,true,-0.1543,0.633,-1.6172,1.7523,368.4,-6.7,0.4083,,,true,,,,,,,,,,,true,1,0,0,0,1.5775,0,0,0,0.332,-1.8515,-1.1763,WebglFramebuffer,5,0,1,true,0,
40228.5,1790994207490,21:23:27.490,placed,true,436,69.1,38.420057,NORMAL,UNSPECIFIED,-0.262,1.8114,-1.1777,0.541,-0.0049,0.0202,-0.8408,64.5775,0.5122,-0.262,1.8114,-1.1777,-0.541,0.0049,-0.0202,0.8408,64.5775,0.5122,0,0,-0.1543,0.633,-1.6172,0,0.9988,0,-0.0482,1,268.1,424.6,false,,,,353,0.3969,2,2.4089,0.6299,,,0.6334,,,,,,13.1624,83.3,0.0443,0,0.5122,0,0,0.01,99.9934,0,0,3.0898,1.5825,0,0,-1.0002,-0.02,0.99913,0.02873,0.03008,0,-0.03929,0.41387,0.90949,0,0.01368,-0.90988,0.41464,0,0.34904,-1.81376,-1.15123,1,-0.1543,0.633,-1.6172,true,true,0.0556,0.3344,-1.5775,0.013,-0.2051,-0.2985,-0.0597,0.013,true,-0.1543,0.633,-1.6172,1.7523,365.7,-78.8,0.3981,,,true,,,,,,,,,,,true,1,0,0,0,1.5775,0,0,0,0.349,-1.8138,-1.1512,WebglFramebuffer,5,0,1,true,0,
40305.5,1790994207567,21:23:27.567,placed,true,437,37.1,38.499082,NORMAL,UNSPECIFIED,-0.267,1.749,-1.1383,0.5294,-0.0023,0.0304,-0.8478,64.5775,0.5122,-0.267,1.749,-1.1383,-0.5294,0.0023,-0.0304,0.8478,64.5775,0.5122,0,1.0421,-0.1543,0.633,-1.6172,0,0.9988,0,-0.0482,1,276.4,410.1,false,,,,363,0.3858,2,2.3704,0.1991,,,0.6334,,,,,,13.1448,83.3,0.074,0,0.5122,0,0,0.01,99.9934,0,0,3.0898,1.5825,0,0,-1.0002,-0.02,0.99815,0.04901,0.03611,0,-0.05396,0.43766,0.89752,0,0.02819,-0.8978,0.43949,0,0.39297,-1.77438,-1.05984,1,-0.1543,0.633,-1.6172,true,true,0.0556,0.3344,-1.5775,0.013,-0.2051,-0.2985,-0.0597,0.013,true,-0.1543,0.633,-1.6172,1.7523,376.2,-207.9,0.3667,,,true,,,,,,,,,,,true,1,0,0,0,1.5775,0,0,0,0.393,-1.7744,-1.0598,WebglFramebuffer,4,0,1,true,0,
40375.3,1790994207637,21:23:27.636,placed,true,438,40.9,38.608302,NORMAL,UNSPECIFIED,-0.2554,1.7501,-1.08,0.5244,-0.0056,0.0346,-0.8508,64.5775,0.5122,-0.2554,1.7501,-1.08,-0.5244,0.0056,-0.0346,0.8508,64.5775,0.5122,0,0,-0.1543,0.633,-1.6172,0,0.9988,0,-0.0482,1,274.6,390.9,false,,,,373,0.3798,1,2.3981,-0.3641,,,0.6334,,,,,,13.263,83.3,0.0595,0,0.5122,0,0,0.01,99.9934,0,0,3.0898,1.5825,0,0,-1.0002,-0.02,0.99754,0.05298,0.04588,0,-0.06479,0.44764,0.89186,0,0.02672,-0.89264,0.44998,0,0.39705,-1.73394,-1.06314,1,-0.1543,0.633,-1.6172,true,true,0.0556,0.3344,-1.5775,0.013,-0.2051,-0.2985,-0.0597,0.013,true,-0.1543,0.633,-1.6172,1.7523,346.3,-234.3,0.3973,,,true,,,,,,,,,,,true,1,0,0,0,1.5775,0,0,0,0.397,-1.7339,-1.0631,WebglFramebuffer,5,0,1,true,0,
40455.6,1790994207717,21:23:27.717,placed,true,439,53.2,38.67447,NORMAL,UNSPECIFIED,-0.2513,1.7577,-1.0279,0.5158,-0.0078,0.0396,-0.8558,64.5775,0.5122,-0.2513,1.7577,-1.0279,-0.5158,0.0078,-0.0396,0.8558,64.5775,0.5122,0,0,-0.1543,0.633,-1.6172,0,0.9988,0,-0.0482,1,276,381.7,false,,,,376,0.3866,0,,,,,0.6334,,,,,,13.182,66.6,0.0529,0,0.5122,0,0,0.01,99.9934,0,0,3.0898,1.5825,0,0,-1.0002,-0.02,0.99674,0.05985,0.05416,0,-0.07585,0.46477,0.88217,0,0.02763,-0.8834,0.4678,0,0.41219,-1.7099,-1.05613,1,-0.1543,0.633,-1.6172,true,true,0.0556,0.3344,-1.5775,0.013,-0.2051,-0.2985,-0.0597,0.013,true,-0.1543,0.633,-1.6172,1.7523,328.2,-228.7,0.4356,,,true,,,,,,,,,,,true,1,0,0,0,1.5775,0,0,0,0.4122,-1.7099,-1.0561,WebglFramebuffer,5,0,1,true,0,
40541.7,1790994207803,21:23:27.803,placed,true,440,59.3,38.741892,NORMAL,UNSPECIFIED,-0.2589,1.7531,-1.0127,0.5118,-0.0059,0.0381,-0.8582,64.5775,0.5122,-0.2589,1.7531,-1.0127,-0.5118,0.0059,-0.0381,0.8582,64.5775,0.5122,0,1.3275,-0.1543,0.633,-1.6172,0,0.9988,0,-0.0482,1,276.4,379.8,false,,,,377,0.3881,1,2.4332,-0.3641,,,0.6334,,,,,,13.0253,83.4,0.0176,0,0.5122,0,0,0.01,99.9934,0,0,3.0898,1.5825,0,0,-1.0002,-0.02,0.99702,0.05942,0.04922,0,-0.07154,0.47318,0.87806,0,0.02889,-0.87896,0.47602,0,0.41283,-1.70428,-1.0445,1,-0.1543,0.633,-1.6172,true,true,0.0556,0.3344,-1.5775,0.013,-0.2051,-0.2985,-0.0597,0.013,true,-0.1543,0.633,-1.6172,1.7523,333.3,-234.6,0.443,,,true,,,,,,,,,,,true,1,0,0,0,1.5775,0,0,0,0.4128,-1.7043,-1.0445,WebglFramebuffer,5,0,1,true,0,
40613.7,1790994207875,21:23:27.875,placed,true,441,46.4,38.82309,NORMAL,UNSPECIFIED,-0.2598,1.7756,-0.9826,0.5115,-0.0016,0.0409,-0.8583,64.5775,0.5122,-0.2598,1.7756,-0.9826,-0.5115,0.0016,-0.0409,0.8583,64.5775,0.5122,0,0.5952,-0.1543,0.633,-1.6172,0,0.9988,0,-0.0482,1,272.1,372.4,false,,,,375,0.3893,1,2.4677,-0.3641,,,0.6334,,,,,,13.1097,83.3,0.0376,0,0.5122,0,0,0.01,99.9934,0,0,3.0898,1.5825,0,0,-1.0002,-0.02,0.99666,0.06854,0.04448,0,-0.07174,0.47341,0.87791,0,0.03912,-0.87817,0.47675,0,0.42474,-1.68564,-1.07882,1,-0.1543,0.633,-1.6172,true,true,0.0556,0.3344,-1.5775,0.013,-0.2051,-0.2985,-0.0597,0.013,true,-0.1543,0.633,-1.6172,1.7523,317,-210,0.478,,,true,,,,,,,,,,,true,1,0,0,0,1.5775,0,0,0,0.4247,-1.6856,-1.0788,WebglFramebuffer,5,0,1,true,0,
40696.3,1790994207958,21:23:27.957,placed,true,442,41.6,38.907264,NORMAL,UNSPECIFIED,-0.2745,1.792,-0.9477,0.5125,0.0062,0.0464,-0.8574,64.5775,0.5122,-0.2745,1.792,-0.9477,-0.5125,-0.0062,-0.0464,0.8574,64.5775,0.5122,0,0.6797,-0.1543,0.633,-1.6172,0,0.9988,0,-0.0482,1,271.7,359.2,false,,,,397,0.3877,1,2.4996,-0.3641,,,0.6334,,,,,,13.0153,83.2,0.0412,0,0.5122,0,0,0.01,99.9934,0,0,3.0898,1.5825,0,0,-1.0002,-0.02,0.99563,0.08585,0.03687,0,-0.07313,0.47033,0.87946,0,0.05816,-0.8783,0.47455,0,0.45944,-1.65161,-1.11611,1,-0.1543,0.633,-1.6172,true,true,0.0556,0.3344,-1.5775,0.013,-0.2051,-0.2985,-0.0597,0.013,true,-0.1543,0.633,-1.6172,1.7523,312.2,-206.8,0.5081,,,true,,,,,,,,,,,true,1,0,0,0,1.5775,0,0,0,0.4594,-1.6516,-1.1161,WebglFramebuffer,5,0,1,true,0,
40775,1790994208037,21:23:28.036,placed,true,443,51.6,38.995364,NORMAL,UNSPECIFIED,-0.2701,1.8219,-0.9046,0.5074,0.0159,0.0498,-0.8601,64.5775,0.5122,-0.2701,1.8219,-0.9046,-0.5074,-0.0159,-0.0498,0.8601,64.5775,0.5122,0,1.0298,-0.1543,0.633,-1.6172,0,0.9988,0,-0.0482,1,258.9,356.3,false,,,,218,0.3802,2,1.7992,0.2398,,,0.6334,,,,,,12.9796,83.4,0.0527,0,0.5122,0,0,0.01,99.9934,0,0,3.0898,1.5825,0,0,-1.0002,-0.02,0.99453,0.10187,0.0232,0,-0.06959,0.48017,0.87441,0,0.07794,-0.87124,0.48464,0,0.46589,-1.63543,-1.14845,1,-0.1543,0.633,-1.6172,true,true,0.0556,0.3344,-1.5775,0.013,-0.2051,-0.2985,-0.0597,0.013,true,-0.1543,0.633,-1.6172,1.7523,279.6,-168.8,0.5626,,,true,,,,,,,,,,,true,1,0,0,0,1.5775,0,0,0,0.4659,-1.6354,-1.1484,WebglFramebuffer,5,0,1,true,0,
40863.5,1790994208125,21:23:28.125,placed,true,444,61.1,39.063254,NORMAL,UNSPECIFIED,-0.2774,1.8487,-0.8708,0.5044,0.0226,0.0536,-0.8615,64.5775,0.5122,-0.2774,1.8487,-0.8708,-0.5044,-0.0226,-0.0536,0.8615,64.5775,0.5122,0,0.6207,-0.1543,0.633,-1.6172,0,0.9988,0,-0.0482,1,254.9,353.1,false,,,,220,0.3846,3,1.8382,0.2012,,,0.6334,,,,,,12.8116,66.6,0.0438,0,0.5122,0,0,0.01,99.9934,0,0,3.0898,1.5825,0,0,-1.0002,-0.02,0.99323,0.11521,0.01507,0,-0.06952,0.48535,0.87155,0,0.09309,-0.8667,0.49007,0,0.48513,-1.61997,-1.18032,1,-0.1543,0.633,-1.6172,true,true,0.0556,0.3344,-1.5775,0.013,-0.2051,-0.2985,-0.0597,0.013,true,-0.1543,0.633,-1.6172,1.7523,268.6,-143,0.6065,,,true,,,,,,,,,,,true,1,0,0,0,1.5775,0,0,0,0.4851,-1.62,-1.1803,WebglFramebuffer,5,0,1,true,0,
40964.7,1790994208226,21:23:28.225,placed,true,445,76.9,39.141863,NORMAL,UNSPECIFIED,-0.2812,1.8749,-0.8315,0.5007,0.0274,0.0566,-0.8633,64.5775,0.5122,-0.2812,1.8749,-0.8315,-0.5007,-0.0274,-0.0566,0.8633,64.5775,0.5122,0,1.2374,-0.1543,0.633,-1.6172,0,0.9988,0,-0.0482,1,250.8,349.8,false,,,,226,0.3871,3,1.8359,0.2398,,,0.6334,,,,,,12.5225,100,0.0473,0,0.5122,0,0,0.01,99.9934,0,0,3.0898,1.5825,0,0,-1.0002,-0.02,0.99209,0.1252,0.00936,0,-0.0703,0.49223,0.86762,0,0.10402,-0.86142,0.49713,0,0.49726,-1.60395,-1.21066,1,-0.1543,0.633,-1.6172,true,true,0.0556,0.3344,-1.5775,0.013,-0.2051,-0.2985,-0.0597,0.013,true,-0.1543,0.633,-1.6172,1.7523,257.3,-120.6,0.6535,,,true,,,,,,,,,,,true,1,0,0,0,1.5775,0,0,0,0.4973,-1.6039,-1.2107,WebglFramebuffer,5,0,1,true,0,
41036.9,1790994208299,21:23:28.298,placed,true,446,50.6,39.227305,NORMAL,UNSPECIFIED,-0.3107,1.8476,-0.763,0.4842,0.0353,0.0555,-0.8725,64.5775,0.5122,-0.3107,1.8476,-0.763,-0.4842,-0.0353,-0.0555,0.8725,64.5775,0.5122,0,0,-0.1543,0.633,-1.6172,0,0.9988,0,-0.0482,1,250.6,342,false,,,,231,0.3878,3,1.8448,0.2398,,,0.6334,,,,,,12.6457,100,0.0794,0,0.5122,0,0,0.01,99.9934,0,0,3.0898,1.5825,0,0,-1.0002,-0.02,0.99133,0.13113,-0.00789,0,-0.06268,0.52494,0.84883,0,0.11545,-0.84097,0.52861,0,0.51188,-1.57084,-1.16738,1,-0.1543,0.633,-1.6172,true,true,0.0556,0.3344,-1.5775,0.013,-0.2051,-0.2985,-0.0597,0.013,true,-0.1543,0.633,-1.6172,1.7523,261.5,-139.9,0.688,,,true,,,,,,,,,,,true,1,0,0,0,1.5775,0,0,0,0.5119,-1.5708,-1.1674,WebglFramebuffer,5,0,1,true,0,
41118.9,1790994208380,21:23:28.380,placed,true,447,44.4,39.325948,NORMAL,UNSPECIFIED,-0.3385,1.8511,-0.6736,0.4721,0.0394,0.0522,-0.8791,64.5775,0.5122,-0.3385,1.8511,-0.6736,-0.4721,-0.0394,-0.0522,0.8791,64.5775,0.5122,0,0.8511,-0.1543,0.633,-1.6172,0,0.9988,0,-0.0482,1,250.5,330.4,false,,,,220,0.3926,4,1.9813,0.2099,,,0.6334,,,,,,12.6037,66.6,0.0937,0,0.5122,0,0,0.01,99.9934,0,0,3.0898,1.5825,0,0,-1.0002,-0.02,0.99145,0.12895,-0.01991,0,-0.05463,0.54882,0.83416,0,0.11849,-0.82594,0.55117,0,0.5165,-1.52863,-1.17961,1,-0.1543,0.633,-1.6172,true,true,0.0556,0.3344,-1.5775,0.013,-0.2051,-0.2985,-0.0597,0.013,true,-0.1543,0.633,-1.6172,1.7523,265.3,-136.3,0.7579,,,true,,,,,,,,,,,true,1,0,0,0,1.5775,0,0,0,0.5165,-1.5286,-1.1796,WebglFramebuffer,5,0,1,true,0,
41207.1,1790994208469,21:23:28.468,placed,true,448,53.6,39.414077,NORMAL,UNSPECIFIED,-0.3954,1.8463,-0.5965,0.4641,0.0461,0.0444,-0.8835,64.5775,0.5122,-0.3954,1.8463,-0.5965,-0.4641,-0.0461,-0.0444,0.8835,64.5775,0.5122,0,0,-0.1543,0.633,-1.6172,0,0.9988,0,-0.0482,1,256.5,316.1,false,,,,219,0.3962,4,2.0214,0.2099,,,0.6334,,,,,,12.4771,83.3,0.096,0,0.5122,0,0,0.01,99.9934,0,0,3.0898,1.5825,0,0,-1.0002,-0.02,0.99181,0.12119,-0.04025,0,-0.03563,0.56533,0.8241,0,0.12263,-0.81591,0.56502,0,0.53115,-1.48254,-1.20047,1,-0.1543,0.633,-1.6172,true,true,0.0556,0.3344,-1.5775,0.013,-0.2051,-0.2985,-0.0597,0.013,true,-0.1543,0.633,-1.6172,1.7523,288.7,-143.1,0.8138,,,true,,,,,,,,,,,true,1,0,0,0,1.5775,0,0,0,0.5311,-1.4825,-1.2005,WebglFramebuffer,5,0,1,true,0,
41303.2,1790994208565,21:23:28.564,placed,true,449,70.8,39.493626,NORMAL,UNSPECIFIED,-0.427,1.8041,-0.5009,0.4516,0.0547,0.0407,-0.8896,64.5775,0.5122,-0.427,1.8041,-0.5009,-0.4516,-0.0547,-0.0407,0.8896,64.5775,0.5122,0,0.7373,-0.1543,0.633,-1.6172,0,0.9988,0,-0.0482,1,251.7,295,false,,,,216,0.3929,7,2.1078,0.0623,,,0.6334,,,,,,12.2689,83.3,0.1092,0,0.5122,0,0,0.01,99.9934,0,0,3.0898,1.5825,0,0,-1.0002,-0.02,0.9907,0.12182,-0.06058,0,-0.02299,0.58876,0.80798,0,0.13409,-0.79908,0.58608,0,0.53169,-1.41039,-1.18998,1,-0.1543,0.633,-1.6172,true,true,0.0556,0.3344,-1.5775,0.013,-0.2051,-0.2985,-0.0597,0.013,true,-0.1543,0.633,-1.6172,1.7523,285.2,-172.7,0.8596,,,true,,,,,,,,,,,true,1,0,0,0,1.5775,0,0,0,0.5317,-1.4104,-1.19,WebglFramebuffer,5,0,1,true,0,
41394.2,1790994208656,21:23:28.655,placed,true,450,67.8,39.571928,NORMAL,UNSPECIFIED,-0.452,1.8203,-0.4216,0.4493,0.0595,0.0438,-0.8903,64.5775,0.5122,-0.452,1.8203,-0.4216,-0.4493,-0.0595,-0.0438,0.8903,64.5775,0.5122,0,0.9822,-0.1543,0.633,-1.6172,0,0.9988,0,-0.0482,1,250.5,280.2,false,,,,218,0.3905,7,2.1669,0.0623,,,0.6334,,,,,,12.1409,100,0.0847,0,0.5122,0,0,0.01,99.9934,0,0,3.0898,1.5825,0,0,-1.0002,-0.02,0.98908,0.13145,-0.06666,0,-0.02447,0.5925,0.8052,0,0.14534,-0.79478,0.58924,0,0.55293,-1.35414,-1.24742,1,-0.1543,0.633,-1.6172,true,true,0.0556,0.3344,-1.5775,0.013,-0.2051,-0.2985,-0.0597,0.013,true,-0.1543,0.633,-1.6172,1.7523,279.5,-168.2,0.9255,,,true,,,,,,,,,,,true,1,0,0,0,1.5775,0,0,0,0.5529,-1.3541,-1.2474,WebglFramebuffer,5,0,1,true,0,
41504.2,1790994208766,21:23:28.765,placed,true,451,83.9,39.666723,NORMAL,UNSPECIFIED,-0.4656,1.7916,-0.3518,0.4294,0.0613,0.0453,-0.8999,64.5775,0.5122,-0.4656,1.7916,-0.3518,-0.4294,-0.0613,-0.0453,0.8999,64.5775,0.5122,0,0,-0.1543,0.633,-1.6172,0,0.9988,0,-0.0482,1,250.3,282.2,false,,,,220,0.3899,6,2.1859,0.1588,,,0.6334,,,,,,11.8351,83.4,0.0767,0,0.5122,0,0,0.01,99.9934,0,0,3.0898,1.5825,0,0,-1.0002,-0.02,0.98838,0.13423,-0.07137,0,-0.02898,0.62716,0.77835,0,0.14924,-0.76724,0.62376,0,0.5646,-1.33102,-1.20834,1,-0.1543,0.633,-1.6172,true,true,0.0556,0.3344,-1.5775,0.013,-0.2051,-0.2985,-0.0597,0.013,true,-0.1543,0.633,-1.6172,1.7523,273.6,-155.7,0.9837,,,true,,,,,,,,,,,true,1,0,0,0,1.5775,0,0,0,0.5646,-1.331,-1.2083,WebglFramebuffer,5,0,1,true,0,
41570.4,1790994208832,21:23:28.832,placed,true,452,29,39.760556,NORMAL,UNSPECIFIED,-0.492,1.8334,-0.3065,0.4353,0.0564,0.0372,-0.8977,64.5775,0.5122,-0.492,1.8334,-0.3065,-0.4353,-0.0564,-0.0372,0.8977,64.5775,0.5122,0,1.4837,-0.1543,0.633,-1.6172,0,0.9988,0,-0.0482,1,258.2,275.3,false,,,,229,0.3757,6,2.3636,0.0423,,,0.6334,,,,,,12.1644,100,0.067,0,0.5122,0,0,0.01,99.9934,0,0,3.0898,1.5825,0,0,-1.0002,-0.02,0.99087,0.11589,-0.06893,0,-0.01765,0.61825,0.78579,0,0.13368,-0.77739,0.61464,0,0.5608,-1.31476,-1.2862,1,-0.1543,0.633,-1.6172,true,true,0.0556,0.3344,-1.5775,0.013,-0.2051,-0.2985,-0.0597,0.013,true,-0.1543,0.633,-1.6172,1.7523,292.5,-141.3,1.0355,,,true,,,,,,,,,,,true,1,0,0,0,1.5775,0,0,0,0.5608,-1.3148,-1.2862,WebglFramebuffer,5,0,1,true,0,
41663.2,1790994208925,21:23:28.924,placed,true,453,66.6,39.881461,NORMAL,UNSPECIFIED,-0.5244,1.8618,-0.2855,0.4366,0.056,0.0259,-0.8975,64.5775,0.5122,-0.5244,1.8618,-0.2855,-0.4366,-0.056,-0.0259,0.8975,64.5775,0.5122,0,1.3303,-0.1543,0.633,-1.6172,0,0.9988,0,-0.0482,1,263.5,277.4,false,,,,231,0.3767,6,2.402,0.0423,,,0.6334,,,,,,12.0279,66.6,0.0479,0,0.5122,0,0,0.01,99.9934,0,0,3.0898,1.5825,0,0,-1.0002,-0.02,0.99239,0.09537,-0.07794,0,0.00245,0.61743,0.78663,0,0.12314,-0.78083,0.61249,0,0.551,-1.32241,-1.33054,1,-0.1543,0.633,-1.6172,true,true,0.0556,0.3344,-1.5775,0.013,-0.2051,-0.2985,-0.0597,0.013,true,-0.1543,0.633,-1.6172,1.7523,310.9,-122.5,1.0737,,,true,,,,,,,,,,,true,1,0,0,0,1.5775,0,0,0,0.551,-1.3224,-1.3305,WebglFramebuffer,5,0,1,true,0,
41847.8,1790994209109,21:23:29.109,placed,true,454,144.4,39.936568,NORMAL,UNSPECIFIED,-0.5494,1.8977,-0.2445,0.4407,0.0441,0.017,-0.8964,64.5775,0.5122,-0.5494,1.8977,-0.2445,-0.4407,-0.0441,-0.017,0.8964,64.5775,0.5122,0,0.663,-0.1543,0.633,-1.6172,0,0.9988,0,-0.0482,1,279.1,273.5,false,,,,234,0.3758,5,2.4581,0,,,0.6334,,,,,,11.3662,100,0.0599,0,0.5122,0,0,0.01,99.9934,0,0,3.0898,1.5825,0,0,-1.0002,-0.02,0.99554,0.06924,-0.06405,0,0.00843,0.61097,0.79161,0,0.09394,-0.78862,0.60767,0,0.55395,-1.31425,-1.38881,1,-0.1543,0.633,-1.6172,true,true,0.0556,0.3344,-1.5775,0.013,-0.2051,-0.2985,-0.0597,0.013,true,-0.1543,0.633,-1.6172,1.7523,338.3,-110.2,1.1185,,,true,,,,,,,,,,,true,1,0,0,0,1.5775,0,0,0,0.554,-1.3142,-1.3888,WebglFramebuffer,5,0,1,true,0,
41939.1,1790994209201,21:23:29.200,placed,true,455,27.7,40.043511,NORMAL,UNSPECIFIED,-0.549,1.8884,-0.2257,0.4386,0.0418,0.0162,-0.8975,64.5775,0.5122,-0.549,1.8884,-0.2257,-0.4386,-0.0418,-0.0162,0.8975,64.5775,0.5122,0,1.7311,-0.1543,0.633,-1.6172,0,0.9988,0,-0.0482,1,280.8,270.2,false,,,,233,0.3767,5,2.4628,0,,,0.6334,,,,,,11.3249,100,0.021,0,0.5122,0,0,0.01,99.9934,0,0,3.0898,1.5825,0,0,-1.0002,-0.02,0.99598,0.06579,-0.06077,0,0.00753,0.61465,0.78877,0,0.08924,-0.78605,0.61168,0,0.55269,-1.30199,-1.3848,1,-0.1543,0.633,-1.6172,true,true,0.0556,0.3344,-1.5775,0.013,-0.2051,-0.2985,-0.0597,0.013,true,-0.1543,0.633,-1.6172,1.7523,340,-114.7,1.1259,,,true,,,,,,,,,,,true,1,0,0,0,1.5775,0,0,0,0.5527,-1.302,-1.3848,WebglFramebuffer,5,0,1,true,0,
42018.1,1790994209280,21:23:29.279,placed,true,456,29.8,40.251277,NORMAL,UNSPECIFIED,-0.5494,1.8847,-0.1756,0.4337,0.0361,0.0147,-0.9002,64.5775,0.5122,-0.5494,1.8847,-0.1756,-0.4337,-0.0361,-0.0147,0.9002,64.5775,0.5122,0,0.8098,-0.1543,0.633,-1.6172,0,0.9988,0,-0.0482,1,284.6,266,false,,,,232,0.3785,3,3.8394,-1.1549,,,0.6334,,,,,,11.4566,83.2,0.0502,0,0.5122,0,0,0.01,99.9934,0,0,3.0898,1.5825,0,0,-1.0002,-0.02,0.99696,0.05783,-0.05225,0,0.00482,0.62334,0.78194,0,0.07779,-0.77981,0.62116,0,0.55226,-1.27995,-1.39334,1,-0.1543,0.633,-1.6172,true,true,0.0556,0.3344,-1.5775,0.013,-0.2051,-0.2985,-0.0597,0.013,true,-0.1543,0.633,-1.6172,1.7523,342.7,-113.3,1.1618,,,true,,,,,,,,,,,true,1,0,0,0,1.5775,0,0,0,0.5523,-1.28,-1.3933,WebglFramebuffer,5,0,1,true,0,
42099.7,1790994209361,21:23:29.361,placed,true,457,24.3,40.328468,NORMAL,UNSPECIFIED,-0.4696,1.8991,-0.0647,0.4195,0.0252,0.0213,-0.9072,64.5775,0.5122,-0.4696,1.8991,-0.0647,-0.4195,-0.0252,-0.0213,0.9072,64.5775,0.5122,0,0,-0.1543,0.633,-1.6172,0,0.9988,0,-0.0482,1,269.4,267,false,,,,214,0.3843,7,2.5291,0.0185,,,0.6334,,,,,,11.538,83.4,0.1374,0,0.5122,0,0,0.01,99.9934,0,0,3.0898,1.5825,0,0,-1.0002,-0.02,0.99782,0.05984,-0.02779,0,-0.01758,0.64713,0.76218,0,0.06359,-0.76003,0.64677,0,0.50611,-1.25003,-1.4187,1,-0.1543,0.633,-1.6172,true,true,0.0556,0.3344,-1.5775,0.013,-0.2051,-0.2985,-0.0597,0.013,true,-0.1543,0.633,-1.6172,1.7523,302.9,-90.2,1.2634,,,true,,,,,,,,,,,true,1,0,0,0,1.5775,0,0,0,0.5061,-1.25,-1.4187,WebglFramebuffer,5,0,1,true,0,
42177.6,1790994209439,21:23:29.439,placed,true,458,38.2,40.415186,NORMAL,UNSPECIFIED,-0.4541,1.8968,-0.0312,0.4165,0.0201,0.0198,-0.9087,64.5775,0.5122,-0.4541,1.8968,-0.0312,-0.4165,-0.0201,-0.0198,0.9087,64.5775,0.5122,0,0,-0.1543,0.633,-1.6172,0,0.9988,0,-0.0482,1,269.2,264.8,false,,,,213,0.4059,6,2.5875,0.0185,,,0.6334,,,,,,11.6679,83.3,0.037,0,0.5122,0,0,0.01,99.9934,0,0,3.0898,1.5825,0,0,-1.0002,-0.02,0.99841,0.05275,-0.01995,0,-0.01932,0.65223,0.75778,0,0.05299,-0.75618,0.65221,0,0.49171,-1.23677,-1.42607,1,-0.1543,0.633,-1.6172,true,true,0.0556,0.3344,-1.5775,0.013,-0.2051,-0.2985,-0.0597,0.013,true,-0.1543,0.633,-1.6172,1.7523,300.8,-88.9,1.2877,,,true,,,,,,,,,,,true,1,0,0,0,1.5775,0,0,0,0.4917,-1.2368,-1.4261,WebglFramebuffer,5,0,1,true,0,
42261.4,1790994209523,21:23:29.522,placed,true,459,50.8,40.479029,NORMAL,UNSPECIFIED,-0.4608,1.8972,0.0182,0.4124,0.0157,0.0147,-0.9107,64.5775,0.5122,-0.4608,1.8972,0.0182,-0.4124,-0.0157,-0.0147,0.9107,64.5775,0.5122,0,1.5303,-0.1543,0.633,-1.6172,0,0.9988,0,-0.0482,1,273.1,262.2,false,,,,219,0.3991,4,3.9681,0.0185,,,0.6334,,,,,,11.6972,66.6,0.0499,0,0.5122,0,0,0.01,99.9934,0,0,3.0898,1.5825,0,0,-1.0002,-0.02,0.99907,0.0398,-0.01648,0,-0.01386,0.65937,0.75169,0,0.04078,-0.75076,0.65931,0,0.48597,-1.21891,-1.44573,1,-0.1543,0.633,-1.6172,true,true,0.0556,0.3344,-1.5775,0.013,-0.2051,-0.2985,-0.0597,0.013,true,-0.1543,0.633,-1.6172,1.7523,307.8,-84.4,1.3289,,,true,,,,,,,,,,,true,1,0,0,0,1.5775,0,0,0,0.486,-1.2189,-1.4457,WebglFramebuffer,5,0,1,true,0,
42339.5,1790994209601,21:23:29.601,placed,true,460,39.1,40.550046,NORMAL,UNSPECIFIED,-0.4742,1.9441,0.0526,0.4073,0.0159,0.0159,-0.913,64.5775,0.5122,-0.4742,1.9441,0.0526,-0.4073,-0.0159,-0.0159,0.913,64.5775,0.5122,0,0.918,-0.1543,0.633,-1.6172,0,0.9988,0,-0.0482,1,274.7,273.7,false,,,,217,0.4037,4,2.6805,0.0185,,,0.6334,,,,,,11.8047,100,0.0596,0,0.5122,0,0,0.01,99.9934,0,0,3.0898,1.5825,0,0,-1.0002,-0.02,0.99899,0.0419,-0.01609,0,-0.01602,0.66774,0.74422,0,0.04193,-0.74322,0.66774,0,0.50263,-1.2392,-1.48959,1,-0.1543,0.633,-1.6172,true,true,0.0556,0.3344,-1.5775,0.013,-0.2051,-0.2985,-0.0597,0.013,true,-0.1543,0.633,-1.6172,1.7523,307.3,-52.7,1.3982,,,true,,,,,,,,,,,true,1,0,0,0,1.5775,0,0,0,0.5026,-1.2392,-1.4896,WebglFramebuffer,5,0,1,true,0,
42421.3,1790994209683,21:23:29.683,placed,true,461,62,40.640787,NORMAL,UNSPECIFIED,-0.4558,1.9084,0.0997,0.3815,0.0182,0.0341,-0.9236,64.5775,0.5122,-0.4558,1.9084,0.0997,-0.3815,-0.0182,-0.0341,0.9236,64.5775,0.5122,0,0,-0.1543,0.633,-1.6172,0,0.9988,0,-0.0482,1,271,289.1,false,,,,219,0.3972,4,2.6476,0.034,,,0.6334,,,,,,11.8452,66.7,0.0619,0,0.5122,0,0,0.01,99.9934,0,0,3.0898,1.5825,0,0,-1.0002,-0.02,0.99701,0.07683,-0.0077,0,-0.049,0.70667,0.70585,0,0.05967,-0.70336,0.70832,0,0.54204,-1.24345,-1.42118,1,-0.1543,0.633,-1.6172,true,true,0.0556,0.3344,-1.5775,0.013,-0.2051,-0.2985,-0.0597,0.013,true,-0.1543,0.633,-1.6172,1.7523,285.8,-29.7,1.457,,,true,,,,,,,,,,,true,1,0,0,0,1.5775,0,0,0,0.542,-1.2434,-1.4212,WebglFramebuffer,6,0,1,true,0,
42501.7,1790994209763,21:23:29.763,placed,true,462,34.4,40.69883,NORMAL,UNSPECIFIED,-0.4369,1.8414,0.1094,0.3848,0.0134,0.0205,-0.9227,64.5775,0.5122,-0.4369,1.8414,0.1094,-0.3848,-0.0134,-0.0205,0.9227,64.5775,0.5122,0,0,-0.1543,0.633,-1.6172,0,0.9988,0,-0.0482,1,268.1,269.7,false,,,,248,0.3916,7,2.6297,-0.0188,,,0.6334,,,,,,11.9045,83.3,0.0703,0,0.5122,0,0,0.01,99.9934,0,0,3.0898,1.5825,0,0,-1.0002,-0.02,0.9988,0.04822,-0.00898,0,-0.02756,0.70307,0.71059,0,0.04058,-0.70949,0.70355,0,0.48271,-1.19594,-1.38942,1,-0.1543,0.633,-1.6172,true,true,0.0556,0.3344,-1.5775,0.013,-0.2051,-0.2985,-0.0597,0.013,true,-0.1543,0.633,-1.6172,1.7523,290.9,-67.7,1.4099,,,true,,,,,,,,,,,true,1,0,0,0,1.5775,0,0,0,0.4827,-1.1959,-1.3894,WebglFramebuffer,5,0,1,true,0,
42572.9,1790994209834,21:23:29.834,placed,true,463,42.4,40.806807,NORMAL,UNSPECIFIED,-0.4438,1.8107,0.1327,0.3765,0.0155,0.018,-0.9261,64.5775,0.5122,-0.4438,1.8107,0.1327,-0.3765,-0.0155,-0.018,0.9261,64.5775,0.5122,0,0.7651,-0.1543,0.633,-1.6172,0,0.9988,0,-0.0482,1,266.6,269.8,false,,,,249,0.4013,6,2.6405,0,,,0.6334,,,,,,12.1225,83.2,0.0391,0,0.5122,0,0,0.01,99.9934,0,0,3.0898,1.5825,0,0,-1.0002,-0.02,0.99887,0.04511,-0.01521,0,-0.0217,0.7158,0.69797,0,0.04238,-0.69684,0.71597,0,0.477,-1.18365,-1.36558,1,-0.1543,0.633,-1.6172,true,true,0.0556,0.3344,-1.5775,0.013,-0.2051,-0.2985,-0.0597,0.013,true,-0.1543,0.633,-1.6172,1.7523,290.2,-68.1,1.425,,,true,,,,,,,,,,,true,1,0,0,0,1.5775,0,0,0,0.477,-1.1836,-1.3656,WebglFramebuffer,5,0,1,true,0,
42674.7,1790994209936,21:23:29.936,placed,true,464,71.2,40.869744,NORMAL,UNSPECIFIED,-0.4351,1.84,0.1537,0.3712,0.0155,0.0175,-0.9283,64.5775,0.5122,-0.4351,1.84,0.1537,-0.3712,-0.0155,-0.0175,0.9283,64.5775,0.5122,0,0,-0.1543,0.633,-1.6172,0,0.9988,0,-0.0482,1,262.8,280.9,false,,,,256,0.4077,5,2.66,0,,,0.6334,,,,,,11.8925,66.7,0.0371,0,0.5122,0,0,0.01,99.9934,0,0,3.0898,1.5825,0,0,-1.0002,-0.02,0.99891,0.04401,-0.01579,0,-0.02099,0.72383,0.68966,0,0.04178,-0.68858,0.72396,0,0.46684,-1.20684,-1.38714,1,-0.1543,0.633,-1.6172,true,true,0.0556,0.3344,-1.5775,0.013,-0.2051,-0.2985,-0.0597,0.013,true,-0.1543,0.633,-1.6172,1.7523,283.8,-43.8,1.4724,,,true,,,,,,,,,,,true,1,0,0,0,1.5775,0,0,0,0.4668,-1.2068,-1.3871,WebglFramebuffer,5,0,1,true,0,
42732.7,1790994209994,21:23:29.994,placed,true,465,33.2,40.943579,NORMAL,UNSPECIFIED,-0.4273,1.8453,0.1635,0.3694,0.0151,0.0219,-0.9289,64.5775,0.5122,-0.4273,1.8453,0.1635,-0.3694,-0.0151,-0.0219,0.9289,64.5775,0.5122,0,0,-0.1543,0.633,-1.6172,0,0.9988,0,-0.0482,1,261.7,282.4,false,,,,254,0.416,5,2.6705,0,,,0.6334,,,,,,12.4274,99.9,0.0136,0,0.5122,0,0,0.01,99.9934,0,0,3.0898,1.5825,0,0,-1.0002,-0.02,0.99858,0.05187,-0.01194,0,-0.0295,0.7261,0.68696,0,0.0443,-0.68563,0.7266,0,0.47386,-1.20557,-1.39154,1,-0.1543,0.633,-1.6172,true,true,0.0556,0.3344,-1.5775,0.013,-0.2051,-0.2985,-0.0597,0.013,true,-0.1543,0.633,-1.6172,1.7523,278.8,-39.4,1.4859,,,true,,,,,,,,,,,true,1,0,0,0,1.5775,0,0,0,0.4739,-1.2056,-1.3915,WebglFramebuffer,5,0,1,true,0,
42824.6,1790994210086,21:23:30.086,placed,true,466,67.1,41.03968,NORMAL,UNSPECIFIED,-0.4228,1.8783,0.1794,0.3615,0.0172,0.0239,-0.9319,64.5775,0.5122,-0.4228,1.8783,0.1794,-0.3615,-0.0172,-0.0239,0.9319,64.5775,0.5122,0,0.5863,-0.1543,0.633,-1.6172,0,0.9988,0,-0.0482,1,257.7,297.9,false,,,,254,0.4182,5,2.6811,0.0185,,,0.6334,,,,,,12.2728,66.7,0.0369,0,0.5122,0,0,0.01,99.9934,0,0,3.0898,1.5825,0,0,-1.0002,-0.02,0.99827,0.05694,-0.01474,0,-0.03211,0.73749,0.67459,0,0.04928,-0.67295,0.73804,0,0.47355,-1.24042,-1.40572,1,-0.1543,0.633,-1.6172,true,true,0.0556,0.3344,-1.5775,0.013,-0.2051,-0.2985,-0.0597,0.013,true,-0.1543,0.633,-1.6172,1.7523,271.1,-10.1,1.5376,,,true,,,,,,,,,,,true,1,0,0,0,1.5775,0,0,0,0.4736,-1.2404,-1.4057,WebglFramebuffer,6,0,1,true,0,
42892.8,1790994210154,21:23:30.154,placed,true,467,44.3,41.096886,NORMAL,UNSPECIFIED,-0.4207,1.8906,0.1997,0.3573,0.0154,0.0263,-0.9335,64.5775,0.5122,-0.4207,1.8906,0.1997,-0.3573,-0.0154,-0.0263,0.9335,64.5775,0.5122,0,0,-0.1543,0.633,-1.6172,0,0.9988,0,-0.0482,1,259.2,302.8,false,,,,254,0.4214,4,2.7279,0.034,,,0.6334,,,,,,12.5118,83.3,0.0238,0,0.5122,0,0,0.01,99.9934,0,0,3.0898,1.5825,0,0,-1.0002,-0.02,0.99814,0.06007,-0.00999,0,-0.03806,0.74336,0.66781,0,0.04754,-0.66619,0.74427,0,0.48236,-1.24705,-1.41538,1,-0.1543,0.633,-1.6172,true,true,0.0556,0.3344,-1.5775,0.013,-0.2051,-0.2985,-0.0597,0.013,true,-0.1543,0.633,-1.6172,1.7523,270.5,1.1,1.5687,,,true,,,,,,,,,,,true,1,0,0,0,1.5775,0,0,0,0.4824,-1.2471,-1.4154,WebglFramebuffer,6,0,1,true,0,
42976.6,1790994210238,21:23:30.238,placed,true,468,58.3,41.187852,NORMAL,UNSPECIFIED,-0.4096,1.9126,0.2011,0.3541,0.0146,0.0292,-0.9347,64.5775,0.5122,-0.4096,1.9126,0.2011,-0.3541,-0.0146,-0.0292,0.9347,64.5775,0.5122,0,0,-0.1543,0.633,-1.6172,0,0.9988,0,-0.0482,1,257.9,311.6,false,,,,252,0.4252,4,2.7442,0.034,,,0.6334,,,,,,12.4511,66.6,0.0247,0,0.5122,0,0,0.01,99.9934,0,0,3.0898,1.5825,0,0,-1.0002,-0.02,0.99786,0.06499,-0.00659,0,-0.04431,0.74758,0.6627,0,0.04799,-0.66099,0.74886,0,0.48383,-1.2703,-1.42081,1,-0.1543,0.633,-1.6172,true,true,0.0556,0.3344,-1.5775,0.013,-0.2051,-0.2985,-0.0597,0.013,true,-0.1543,0.633,-1.6172,1.7523,266.1,16.1,1.5901,,,true,,,,,,,,,,,true,1,0,0,0,1.5775,0,0,0,0.4838,-1.2703,-1.4208,WebglFramebuffer,6,0,1,true,0,
43053.8,1790994210315,21:23:30.315,placed,true,469,50.3,41.258047,NORMAL,UNSPECIFIED,-0.4143,1.904,0.1957,0.3476,0.01,0.0293,-0.9371,64.5775,0.5122,-0.4143,1.904,0.1957,-0.3476,-0.01,-0.0293,0.9371,64.5775,0.5122,0,1.2484,-0.1543,0.633,-1.6172,0,0.9988,0,-0.0482,1,265.1,318.9,false,,,,253,0.4226,3,2.9409,0.1431,,,0.6334,,,,,,12.5047,83.3,0.0112,0,0.5122,0,0,0.01,99.9934,0,0,3.0898,1.5825,0,0,-1.0002,-0.02,0.99808,0.06189,0.00156,0,-0.04794,0.75667,0.65203,0,0.03918,-0.65086,0.75819,0,0.4971,-1.28766,-1.3892,1,-0.1543,0.633,-1.6172,true,true,0.0556,0.3344,-1.5775,0.013,-0.2051,-0.2985,-0.0597,0.013,true,-0.1543,0.633,-1.6172,1.7523,274.3,23.7,1.5916,,,true,,,,,,,,,,,true,1,0,0,0,1.5775,0,0,0,0.4971,-1.2877,-1.3892,WebglFramebuffer,6,0,1,true,0,
43139.3,1790994210401,21:23:30.400,placed,true,470,61.9,41.342717,NORMAL,UNSPECIFIED,-0.428,1.9048,0.2037,0.3451,0.009,0.0299,-0.9381,64.5775,0.5122,-0.428,1.9048,0.2037,-0.3451,-0.009,-0.0299,0.9381,64.5775,0.5122,0,0,-0.1543,0.633,-1.6172,0,0.9988,0,-0.0482,1,270,320.8,false,,,,253,0.4221,3,2.948,0.0043,,,0.6334,,,,,,12.4225,83.3,0.0159,0,0.5122,0,0,0.01,99.9934,0,0,3.0898,1.5825,0,0,-1.0002,-0.02,0.99805,0.06233,0.00378,0,-0.04992,0.76008,0.64791,0,0.03751,-0.64684,0.7617,0,0.5146,-1.28939,-1.38769,1,-0.1543,0.633,-1.6172,true,true,0.0556,0.3344,-1.5775,0.013,-0.2051,-0.2985,-0.0597,0.013,true,-0.1543,0.633,-1.6172,1.7523,280.3,27.2,1.6026,,,true,,,,,,,,,,,true,1,0,0,0,1.5775,0,0,0,0.5146,-1.2894,-1.3877,WebglFramebuffer,6,0,1,true,0,
43260.9,1790994210523,21:23:30.522,placed,true,471,98.5,41.416858,NORMAL,UNSPECIFIED,-0.4302,1.91,0.2012,0.3436,0.0098,0.0297,-0.9386,64.5775,0.5122,-0.4302,1.91,0.2012,-0.3436,-0.0098,-0.0297,0.9386,64.5775,0.5122,0,0,-0.1543,0.633,-1.6172,0,0.9988,0,-0.0482,1,269.6,324.3,false,,,,253,0.4199,5,3.0415,0.0043,,,0.6334,,,,,,12.0026,83.3,0.0062,0,0.5122,0,0,0.01,99.9934,0,0,3.0898,1.5825,0,0,-1.0002,-0.02,0.99805,0.06244,0.00189,0,-0.04891,0.76217,0.64553,0,0.03887,-0.64436,0.76373,0,0.51496,-1.29925,-1.38584,1,-0.1543,0.633,-1.6172,true,true,0.0556,0.3344,-1.5775,0.013,-0.2051,-0.2985,-0.0597,0.013,true,-0.1543,0.633,-1.6172,1.7523,279.9,32.3,1.6075,,,true,,,,,,,,,,,true,1,0,0,0,1.5775,0,0,0,0.515,-1.2992,-1.3858,WebglFramebuffer,6,0,1,true,0,
43456.8,1790994210643,21:23:30.643,placed,true,472,87.1,41.502491,NORMAL,UNSPECIFIED,-0.4348,1.9089,0.1986,0.3433,0.0088,0.0281,-0.9388,64.5775,0.5122,-0.4348,1.9089,0.1986,-0.3433,-0.0088,-0.0281,0.9388,64.5775,0.5122,0,0,-0.1543,0.633,-1.6172,0,0.9988,0,-0.0482,1,271.8,325,false,,,,253,0.4194,5,2.9465,0.0464,,,0.6334,,,,,,11.6315,100,0.0054,0,0.5122,0,0,0.01,99.9934,0,0,3.0898,1.5825,0,0,-1.0002,-0.02,0.99827,0.0587,0.00281,0,-0.04667,0.76268,0.64509,0,0.03573,-0.64411,0.7641,0,0.51602,-1.30246,-1.38191,1,-0.1543,0.633,-1.6172,true,true,0.0556,0.3344,-1.5775,0.013,-0.2051,-0.2985,-0.0597,0.013,true,-0.1543,0.633,-1.6172,1.7523,283.7,32.6,1.605,81,255/0/255,true,,,,,,,,,,,true,1,0,0,0,1.5775,0,0,0,0.516,-1.3025,-1.3819,WebglFramebuffer,6,0,1,true,0,
43540.1,1790994210802,21:23:30.801,placed,true,473,60.7,41.633983,NORMAL,UNSPECIFIED,-0.4282,1.9245,0.1954,0.3451,0.0066,0.025,-0.9382,64.5775,0.5122,-0.4282,1.9245,0.1954,-0.3451,-0.0066,-0.025,0.9382,64.5775,0.5122,0,0.6912,-0.1543,0.633,-1.6172,0,0.9988,0,-0.0482,1,271.5,327.3,false,,,,253,0.4209,6,2.9532,0.1431,,,0.6334,,,,,,11.0989,100,0.0172,0,0.5122,0,0,0.01,99.9934,0,0,3.0898,1.5825,0,0,-1.0002,-0.02,0.99866,0.0515,0.00483,0,-0.04235,0.76058,0.64787,0,0.02969,-0.6472,0.76174,0,0.50332,-1.31521,-1.39359,1,-0.1543,0.633,-1.6172,true,true,0.0556,0.3344,-1.5775,0.013,-0.2051,-0.2985,-0.0597,0.013,true,-0.1543,0.633,-1.6172,1.7523,284.9,37.2,1.6088,,,true,,,,,,,,,,,true,1,0,0,0,1.5775,0,0,0,0.5033,-1.3152,-1.3936,WebglFramebuffer,6,0,1,true,0,
43594.1,1790994210856,21:23:30.855,placed,true,474,25.6,41.819287,NORMAL,UNSPECIFIED,-0.4215,1.9251,0.1984,0.3451,0.005,0.0247,-0.9382,64.5775,0.5122,-0.4215,1.9251,0.1984,-0.3451,-0.005,-0.0247,0.9382,64.5775,0.5122,0,1.1648,-0.1543,0.633,-1.6172,0,0.9988,0,-0.0482,1,271.4,327.2,false,,,,253,0.4212,6,2.9558,0.1431,,,0.6334,,,,,,11.8443,83.2,0.0073,0,0.5122,0,0,0.01,99.9934,0,0,3.0898,1.5825,0,0,-1.0002,-0.02,0.99873,0.04974,0.00761,0,-0.04282,0.76063,0.64777,0,0.02643,-0.64728,0.7618,0,0.49819,-1.31492,-1.39492,1,-0.1543,0.633,-1.6172,true,true,0.0556,0.3344,-1.5775,0.013,-0.2051,-0.2985,-0.0597,0.013,true,-0.1543,0.633,-1.6172,1.7523,284.6,37.3,1.6108,,,true,,,,,,,,,,,true,1,0,0,0,1.5775,0,0,0,0.4982,-1.3149,-1.3949,WebglFramebuffer,6,0,1,true,0,
43661.2,1790994210923,21:23:30.922,placed,true,475,36.9,41.908082,NORMAL,UNSPECIFIED,-0.4283,1.9213,0.2021,0.3425,0.0022,0.0241,-0.9392,64.5775,0.5122,-0.4283,1.9213,0.2021,-0.3425,-0.0022,-0.0241,0.9392,64.5775,0.5122,0,0.5486,-0.1543,0.633,-1.6172,0,0.9988,0,-0.0482,1,276.4,329.1,false,,,,253,0.4208,7,2.9566,0.1034,,,0.6334,,,,,,12.1457,66.7,0.0086,0,0.5122,0,0,0.01,99.9934,0,0,3.0898,1.5825,0,0,-1.0002,-0.02,0.99883,0.04687,0.01232,0,-0.0438,0.76423,0.64345,0,0.02074,-0.64323,0.76539,0,0.5078,-1.31826,-1.38561,1,-0.1543,0.633,-1.6172,true,true,0.0556,0.3344,-1.5775,0.013,-0.2051,-0.2985,-0.0597,0.013,true,-0.1543,0.633,-1.6172,1.7523,290.8,39.6,1.6148,,,true,,,,,,,,,,,true,1,0,0,0,1.5775,0,0,0,0.5078,-1.3183,-1.3856,WebglFramebuffer,6,0,1,true,0,MARCA 2
43730.4,1790994210992,21:23:30.992,placed,true,476,43,41.964084,NORMAL,UNSPECIFIED,-0.4473,1.9164,0.1995,0.3462,0.0004,0.0237,-0.9378,64.5775,0.5122,-0.4473,1.9164,0.1995,-0.3462,-0.0004,-0.0237,0.9378,64.5775,0.5122,0,1.7369,-0.1543,0.633,-1.6172,0,0.9988,0,-0.0482,1,283.8,323.4,false,,,,253,0.4211,3,3.0433,0.0043,,,0.6334,,,,,,12.3783,49.9,0.0198,0,0.5122,0,0,0.01,99.9934,0,0,3.0898,1.5825,0,0,-1.0002,-0.02,0.99887,0.04476,0.01574,0,-0.04425,0.75911,0.64946,0,0.01712,-0.64942,0.76024,0,0.52821,-1.30521,-1.38924,1,-0.1543,0.633,-1.6172,true,true,0.0556,0.3344,-1.5775,0.013,-0.2051,-0.2985,-0.0597,0.013,true,-0.1543,0.633,-1.6172,1.7523,301.3,30.9,1.6012,,,true,,,,,,,,,,,true,1,0,0,0,1.5775,0,0,0,0.5282,-1.3052,-1.3892,WebglFramebuffer,6,0,1,true,0,
43872.1,1790994211051,21:23:31.050,placed,true,477,31.5,42.027427,NORMAL,UNSPECIFIED,-0.4401,1.9158,0.1962,0.3474,0.0023,0.0248,-0.9374,64.5775,0.5122,-0.4401,1.9158,0.1962,-0.3474,-0.0023,-0.0248,0.9374,64.5775,0.5122,0,0,-0.1543,0.633,-1.6172,0,0.9988,0,-0.0482,1,279.9,322.2,false,,,,253,0.4223,2,3.0409,0.0043,,,0.6334,,,,,,12.8499,83.3,0.008,0,0.5122,0,0,0.01,99.9934,0,0,3.0898,1.5825,0,0,-1.0002,-0.02,0.99875,0.04821,0.01286,0,-0.04495,0.75741,0.65139,0,0.02166,-0.65116,0.75863,0,0.52139,-1.30207,-1.3911,1,-0.1543,0.633,-1.6172,true,true,0.0556,0.3344,-1.5775,0.013,-0.2051,-0.2985,-0.0597,0.013,true,-0.1543,0.633,-1.6172,1.7523,295.8,28.9,1.597,81,255/0/255,true,,,,,,,,,,,true,1,0,0,0,1.5775,0,0,0,0.5214,-1.3021,-1.3911,WebglFramebuffer,6,0,1,true,0,
43925.8,1790994211187,21:23:31.187,placed,true,478,27.4,42.097158,NORMAL,UNSPECIFIED,-0.4496,1.9555,0.208,0.3457,0.0052,0.0266,-0.9379,64.5775,0.5122,-0.4496,1.9555,0.208,-0.3457,-0.0052,-0.0266,0.9379,64.5775,0.5122,0,1.6246,-0.1543,0.633,-1.6172,0,0.9988,0,-0.0482,1,278.8,330.8,false,,,,252,0.4236,7,2.9824,0.1034,,,0.6334,,,,,,12.2954,100,0.0425,0,0.5122,0,0,0.01,99.9934,0,0,3.0898,1.5825,0,0,-1.0002,-0.02,0.99853,0.05353,0.00869,0,-0.04636,0.75952,0.64882,0,0.02813,-0.64827,0.76089,0,0.53373,-1.32631,-1.42312,1,-0.1543,0.633,-1.6172,true,true,0.0556,0.3344,-1.5775,0.013,-0.2051,-0.2985,-0.0597,0.013,true,-0.1543,0.633,-1.6172,1.7523,293.3,47.2,1.636,,,true,,,,,,,,,,,true,1,0,0,0,1.5775,0,0,0,0.5337,-1.3263,-1.4231,WebglFramebuffer,6,0,1,true,0,
43981.4,1790994211243,21:23:31.243,placed,true,479,28.1,42.238558,NORMAL,UNSPECIFIED,-0.4492,1.956,0.2036,0.3425,0.0059,0.0254,-0.9392,64.5775,0.5122,-0.4492,1.956,0.2036,-0.3425,-0.0059,-0.0254,0.9392,64.5775,0.5122,0,0,-0.1543,0.633,-1.6172,0,0.9988,0,-0.0482,1,277.6,336.1,false,,,,252,0.4235,9,2.9718,0.1431,,,0.6334,,,,,,12.8612,50,0.0045,0,0.5122,0,0,0.01,99.9934,0,0,3.0898,1.5825,0,0,-1.0002,-0.02,0.99864,0.05181,0.00629,0,-0.0437,0.76408,0.64364,0,0.02854,-0.64304,0.7653,0,0.52827,-1.34037,-1.41194,1,-0.1543,0.633,-1.6172,true,true,0.0556,0.3344,-1.5775,0.013,-0.2051,-0.2985,-0.0597,0.013,true,-0.1543,0.633,-1.6172,1.7523,292.4,53.5,1.6398,,,true,,,,,,,,,,,true,1,0,0,0,1.5775,0,0,0,0.5283,-1.3404,-1.4119,WebglFramebuffer,6,0,1,true,0,
44060.4,1790994211322,21:23:31.321,placed,true,480,53.9,42.293081,NORMAL,UNSPECIFIED,-0.4478,1.9444,0.2141,0.3375,0.0074,0.0251,-0.941,64.5775,0.5122,-0.4478,1.9444,0.2141,-0.3375,-0.0074,-0.0251,0.941,64.5775,0.5122,0,0,-0.1543,0.633,-1.6172,0,0.9988,0,-0.0482,1,275.2,338.4,false,,,,251,0.4234,9,2.9806,0.1431,,,0.6334,,,,,,12.8441,66.6,0.0158,0,0.5122,0,0,0.01,99.9934,0,0,3.0898,1.5825,0,0,-1.0002,-0.02,0.99863,0.05229,0.00301,0,-0.04228,0.77097,0.63546,0,0.03091,-0.63472,0.77212,0,0.52282,-1.33973,-1.39957,1,-0.1543,0.633,-1.6172,true,true,0.0556,0.3344,-1.5775,0.013,-0.2051,-0.2985,-0.0597,0.013,true,-0.1543,0.633,-1.6172,1.7523,289.1,56.5,1.6508,,,true,,,,,,,,,,,true,1,0,0,0,1.5775,0,0,0,0.5228,-1.3397,-1.3996,WebglFramebuffer,6,0,1,true,0,
44124.2,1790994211386,21:23:31.385,placed,true,481,28.8,42.346655,NORMAL,UNSPECIFIED,-0.4477,1.9456,0.2136,0.338,0.008,0.0258,-0.9408,64.5775,0.5122,-0.4477,1.9456,0.2136,-0.338,-0.008,-0.0258,0.9408,64.5775,0.5122,0,0,-0.1543,0.633,-1.6172,0,0.9988,0,-0.0482,1,274.8,338,false,,,,251,0.4233,9,2.9809,0.1431,,,0.6334,,,,,,13.1246,83.3,0.0013,0,0.5122,0,0,0.01,99.9934,0,0,3.0898,1.5825,0,0,-1.0002,-0.02,0.99855,0.05383,0.00243,0,-0.04307,0.77018,0.63637,0,0.03238,-0.63555,0.77138,0,0.52396,-1.33859,-1.40182,1,-0.1543,0.633,-1.6172,true,true,0.0556,0.3344,-1.5775,0.013,-0.2051,-0.2985,-0.0597,0.013,true,-0.1543,0.633,-1.6172,1.7523,288.2,56,1.6503,,,true,,,,,,,,,,,true,1,0,0,0,1.5775,0,0,0,0.524,-1.3386,-1.4018,WebglFramebuffer,6,0,1,true,0,
44285.7,1790994211455,21:23:31.455,placed,true,482,40.4,42.434759,NORMAL,UNSPECIFIED,-0.4535,1.9352,0.2122,0.3369,0.0091,0.0246,-0.9412,64.5775,0.5122,-0.4535,1.9352,0.2122,-0.3369,-0.0091,-0.0246,0.9412,64.5775,0.5122,0,0,-0.1543,0.633,-1.6172,0,0.9988,0,-0.0482,1,274.7,337.4,false,,,,251,0.4233,8,2.9736,0.171,,,0.6334,,,,,,13.2489,50,0.012,0,0.5122,0,0,0.01,99.9934,0,0,3.0898,1.5825,0,0,-1.0002,-0.02,0.99862,0.05246,-0.00065,0,-0.04013,0.77177,0.63464,0,0.0338,-0.63374,0.77281,0,0.52338,-1.33526,-1.39246,1,-0.1543,0.633,-1.6172,true,true,0.0556,0.3344,-1.5775,0.013,-0.2051,-0.2985,-0.0597,0.013,true,-0.1543,0.633,-1.6172,1.7523,289.2,53.9,1.6455,81,255/0/255,true,,,,,,,,,,,true,1,0,0,0,1.5775,0,0,0,0.5234,-1.3353,-1.3925,WebglFramebuffer,6,0,1,true,0,
44355.7,1790994211617,21:23:31.617,placed,true,483,48.3,42.492999,NORMAL,UNSPECIFIED,-0.468,1.9464,0.2161,0.337,0.0116,0.0225,-0.9412,64.5775,0.5122,-0.468,1.9464,0.2161,-0.337,-0.0116,-0.0225,0.9412,64.5775,0.5122,0,0,-0.1543,0.633,-1.6172,0,0.9988,0,-0.0482,1,274.7,339.3,false,,,,251,0.4229,9,2.9839,0.1431,,,0.6334,,,,,,12.5417,100,0.0187,0,0.5122,0,0,0.01,99.9934,0,0,3.0898,1.5825,0,0,-1.0002,-0.02,0.99872,0.05024,-0.00665,0,-0.0346,0.7719,0.6348,0,0.03702,-0.63375,0.77265,0,0.52679,-1.34198,-1.40567,1,-0.1543,0.633,-1.6172,true,true,0.0556,0.3344,-1.5775,0.013,-0.2051,-0.2985,-0.0597,0.013,true,-0.1543,0.633,-1.6172,1.7523,291,58.5,1.6573,,,true,,,,,,,,,,,true,1,0,0,0,1.5775,0,0,0,0.5268,-1.342,-1.4057,WebglFramebuffer,6,0,1,true,0,
44411.9,1790994211674,21:23:31.673,placed,true,484,27.5,42.647241,NORMAL,UNSPECIFIED,-0.4672,1.9393,0.218,0.3352,0.0124,0.0223,-0.9418,64.5775,0.5122,-0.4672,1.9393,0.218,-0.3352,-0.0124,-0.0223,0.9418,64.5775,0.5122,0,0.2648,-0.1543,0.633,-1.6172,0,0.9988,0,-0.0482,1,273.6,339.8,false,,,,250,0.4243,9,2.9811,0.1431,,,0.6334,,,,,,13.0669,66.6,0.0074,0,0.5122,0,0,0.01,99.9934,0,0,3.0898,1.5825,0,0,-1.0002,-0.02,0.9987,0.05037,-0.00839,0,-0.03375,0.77431,0.63191,0,0.03833,-0.6308,0.775,0,0.52372,-1.34056,-1.39834,1,-0.1543,0.633,-1.6172,true,true,0.0556,0.3344,-1.5775,0.013,-0.2051,-0.2985,-0.0597,0.013,true,-0.1543,0.633,-1.6172,1.7523,289.6,58.5,1.658,,,true,,,,,,,,,,,true,1,0,0,0,1.5775,0,0,0,0.5237,-1.3406,-1.3983,WebglFramebuffer,6,0,1,true,0,
44482.9,1790994211744,21:23:31.744,placed,true,485,48.4,42.72437,NORMAL,UNSPECIFIED,-0.4659,1.939,0.2274,0.3331,0.0175,0.0229,-0.9424,64.5775,0.5122,-0.4659,1.939,0.2274,-0.3331,-0.0175,-0.0229,0.9424,64.5775,0.5122,0,1.5876,-0.1543,0.633,-1.6172,0,0.9988,0,-0.0482,1,267.1,340.7,false,,,,250,0.4238,10,3.1076,0.1431,,,0.6334,,,,,,13.1706,66.6,0.0095,0,0.5122,0,0,0.01,99.9934,0,0,3.0898,1.5825,0,0,-1.0002,-0.02,0.99834,0.05477,-0.01765,0,-0.03151,0.77699,0.62873,0,0.04815,-0.62713,0.77743,0,0.51529,-1.33846,-1.40411,1,-0.1543,0.633,-1.6172,true,true,0.0556,0.3344,-1.5775,0.013,-0.2051,-0.2985,-0.0597,0.013,true,-0.1543,0.633,-1.6172,1.7523,281.3,61.2,1.6713,,,true,,,,,,,,,,,true,1,0,0,0,1.5775,0,0,0,0.5153,-1.3385,-1.4041,WebglFramebuffer,6,0,1,true,0,
44569.8,1790994211831,21:23:31.831,placed,true,486,57.3,42.774432,NORMAL,UNSPECIFIED,-0.4635,1.9273,0.2203,0.3318,0.0194,0.0239,-0.9429,64.5775,0.5122,-0.4635,1.9273,0.2203,-0.3318,-0.0194,-0.0239,0.9429,64.5775,0.5122,0,0,-0.1543,0.633,-1.6172,0,0.9988,0,-0.0482,1,264.9,340.9,false,,,,250,0.4234,11,3.095,0.1034,,,0.6334,,,,,,13.0043,66.7,0.0139,0,0.5122,0,0,0.01,99.9934,0,0,3.0898,1.5825,0,0,-1.0002,-0.02,0.99811,0.05789,-0.02065,0,-0.0322,0.77871,0.62656,0,0.05235,-0.62471,0.7791,0,0.51313,-1.33637,-1.38878,1,-0.1543,0.633,-1.6172,true,true,0.0556,0.3344,-1.5775,0.013,-0.2051,-0.2985,-0.0597,0.013,true,-0.1543,0.633,-1.6172,1.7523,278.1,59.2,1.6616,,,true,,,,,,,,,,,true,1,0,0,0,1.5775,0,0,0,0.5131,-1.3364,-1.3888,WebglFramebuffer,6,0,1,true,0,
44744,1790994211902,21:23:31.901,placed,true,487,33.6,42.851828,NORMAL,UNSPECIFIED,-0.4585,1.9389,0.2214,0.3325,0.0196,0.0246,-0.9426,64.5775,0.5122,-0.4585,1.9389,0.2214,-0.3325,-0.0196,-0.0246,0.9426,64.5775,0.5122,0,0,-0.1543,0.633,-1.6172,0,0.9988,0,-0.0482,1,263.3,342.3,false,,,,250,0.4225,11,3.1026,0.1034,,,0.6334,,,,,,13.1264,83.3,0.0126,0,0.5122,0,0,0.01,99.9934,0,0,3.0898,1.5825,0,0,-1.0002,-0.02,0.99802,0.0595,-0.02061,0,-0.0334,0.77768,0.62778,0,0.05338,-0.62584,0.77812,0,0.51054,-1.34197,-1.39888,1,-0.1543,0.633,-1.6172,true,true,0.0556,0.3344,-1.5775,0.013,-0.2051,-0.2985,-0.0597,0.013,true,-0.1543,0.633,-1.6172,1.7523,275.6,62.5,1.6682,81,255/0/255,true,,,,,,,,,,,true,1,0,0,0,1.5775,0,0,0,0.5105,-1.342,-1.3989,WebglFramebuffer,6,0,1,true,0,
44817,1790994212079,21:23:32.078,placed,true,488,50.6,42.945782,NORMAL,UNSPECIFIED,-0.4451,1.9366,0.2256,0.3313,0.0195,0.0262,-0.943,64.5775,0.5122,-0.4451,1.9366,0.2256,-0.3313,-0.0195,-0.0262,0.943,64.5775,0.5122,0,0,-0.1543,0.633,-1.6172,0,0.9988,0,-0.0482,1,260.3,342.7,false,,,,250,0.4228,12,3.1515,0.1034,,,0.6334,,,,,,12.3787,100,0.0143,0,0.5122,0,0,0.01,99.9934,0,0,3.0898,1.5825,0,0,-1.0002,-0.02,0.99787,0.0623,-0.01934,0,-0.03651,0.77915,0.62577,0,0.05405,-0.62373,0.77977,0,0.50262,-1.3405,-1.39637,1,-0.1543,0.633,-1.6172,true,true,0.0556,0.3344,-1.5775,0.013,-0.2051,-0.2985,-0.0597,0.013,true,-0.1543,0.633,-1.6172,1.7523,270.4,63.2,1.6717,,,true,,,,,,,,,,,true,1,0,0,0,1.5775,0,0,0,0.5026,-1.3405,-1.3964,WebglFramebuffer,6,0,1,true,0,
44881.5,1790994212143,21:23:32.143,placed,true,489,36.2,43.106403,NORMAL,UNSPECIFIED,-0.4522,1.9365,0.2311,0.3299,0.0223,0.0263,-0.9434,64.5775,0.5122,-0.4522,1.9365,0.2311,-0.3299,-0.0223,-0.0263,0.9434,64.5775,0.5122,0,0,-0.1543,0.633,-1.6172,0,0.9988,0,-0.0482,1,258.8,343.4,false,,,,250,0.4221,16,3.1091,0.1431,,,0.6334,,,,,,12.6888,83.3,0.009,0,0.5122,0,0,0.01,99.9934,0,0,3.0898,1.5825,0,0,-1.0002,-0.02,0.99762,0.06443,-0.02473,0,-0.03498,0.78099,0.62356,0,0.05949,-0.62121,0.78138,0,0.50508,-1.33965,-1.39929,1,-0.1543,0.633,-1.6172,true,true,0.0556,0.3344,-1.5775,0.013,-0.2051,-0.2985,-0.0597,0.013,true,-0.1543,0.633,-1.6172,1.7523,268.6,65,1.6799,,,true,,,,,,,,,,,true,1,0,0,0,1.5775,0,0,0,0.5051,-1.3397,-1.3993,WebglFramebuffer,6,0,1,true,0,
44944.4,1790994212206,21:23:32.206,placed,true,490,34,43.185577,NORMAL,UNSPECIFIED,-0.4587,1.9442,0.2366,0.3313,0.0229,0.027,-0.9429,64.5775,0.5122,-0.4587,1.9442,0.2366,-0.3313,-0.0229,-0.027,0.9429,64.5775,0.5122,0,0,-0.1543,0.633,-1.6172,0,0.9988,0,-0.0482,1,259.7,342.2,false,,,,249,0.4217,13,3.1181,0.1034,,,0.6334,,,,,,13.0123,66.6,0.0115,0,0.5122,0,0,0.01,99.9934,0,0,3.0898,1.5825,0,0,-1.0002,-0.02,0.99749,0.06619,-0.02532,0,-0.0358,0.779,0.626,0,0.06116,-0.62352,0.77941,0,0.51266,-1.3367,-1.4131,1,-0.1543,0.633,-1.6172,true,true,0.0556,0.3344,-1.5775,0.013,-0.2051,-0.2985,-0.0597,0.013,true,-0.1543,0.633,-1.6172,1.7523,269.6,65.1,1.6866,,,true,,,,,,,,,,,true,1,0,0,0,1.5775,0,0,0,0.5127,-1.3367,-1.4131,WebglFramebuffer,6,0,1,true,0,
45032.8,1790994212294,21:23:32.294,placed,true,491,66.4,43.250272,NORMAL,UNSPECIFIED,-0.4524,1.9535,0.2502,0.3327,0.0196,0.0288,-0.9424,64.5775,0.5122,-0.4524,1.9535,0.2502,-0.3327,-0.0196,-0.0288,0.9424,64.5775,0.5122,0,0,-0.1543,0.633,-1.6172,0,0.9988,0,-0.0482,1,261.9,340.2,false,,,,247,0.4223,11,3.1345,0.1034,,,0.6334,,,,,,12.8423,50,0.0176,0,0.5122,0,0,0.01,99.9934,0,0,3.0898,1.5825,0,0,-1.0002,-0.02,0.99757,0.0673,-0.01787,0,-0.04116,0.77692,0.62826,0,0.05616,-0.626,0.7778,0,0.51765,-1.33067,-1.42997,1,-0.1543,0.633,-1.6172,true,true,0.0556,0.3344,-1.5775,0.013,-0.2051,-0.2985,-0.0597,0.013,true,-0.1543,0.633,-1.6172,1.7523,270.8,65,1.6984,,,true,,,,,,,,,,,true,1,0,0,0,1.5775,0,0,0,0.5177,-1.3307,-1.43,WebglFramebuffer,6,0,1,true,0,
45187.9,1790994212359,21:23:32.358,placed,true,492,38.9,43.306602,NORMAL,UNSPECIFIED,-0.454,1.9443,0.2304,0.3355,0.0181,0.0294,-0.9414,64.5775,0.5122,-0.454,1.9443,0.2304,-0.3355,-0.0181,-0.0294,0.9414,64.5775,0.5122,0,0.6025,-0.1543,0.633,-1.6172,0,0.9988,0,-0.0482,1,265,337.5,false,,,,250,0.4203,8,2.9936,0.171,,,0.6334,,,,,,13.1085,100,0.0219,0,0.5122,0,0,0.01,99.9934,0,0,3.0898,1.5825,0,0,-1.0002,-0.02,0.99761,0.06752,-0.01437,0,-0.04321,0.77314,0.63276,0,0.05383,-0.63063,0.77421,0,0.52455,-1.32732,-1.41518,1,-0.1543,0.633,-1.6172,true,true,0.0556,0.3344,-1.5775,0.013,-0.2051,-0.2985,-0.0597,0.013,true,-0.1543,0.633,-1.6172,1.7523,274.7,58,1.6713,81,255/0/255,true,,,,,,,,,,,true,1,0,0,0,1.5775,0,0,0,0.5246,-1.3273,-1.4152,WebglFramebuffer,6,0,1,true,0,
45244.1,1790994212506,21:23:32.505,placed,true,493,24.6,43.39783,NORMAL,UNSPECIFIED,-0.4393,1.9448,0.2312,0.3344,0.0165,0.0292,-0.9418,64.5775,0.5122,-0.4393,1.9448,0.2312,-0.3344,-0.0165,-0.0292,0.9418,64.5775,0.5122,0,1.3016,-0.1543,0.633,-1.6172,0,0.9988,0,-0.0482,1,262.9,339.2,false,,,,250,0.4202,10,3.1141,0.1431,,,0.6334,,,,,,12.4793,100,0.0147,0,0.5122,0,0,0.01,99.9934,0,0,3.0898,1.5825,0,0,-1.0002,-0.02,0.99775,0.06609,-0.01155,0,-0.044,0.7746,0.63092,0,0.05065,-0.62899,0.77576,0,0.51218,-1.332,-1.41147,1,-0.1543,0.633,-1.6172,true,true,0.0556,0.3344,-1.5775,0.013,-0.2051,-0.2985,-0.0597,0.013,true,-0.1543,0.633,-1.6172,1.7523,271.5,60.2,1.6734,,,true,,,,,,,,,,,true,1,0,0,0,1.5775,0,0,0,0.5122,-1.332,-1.4115,WebglFramebuffer,6,0,1,true,0,
45311.1,1790994212573,21:23:32.572,placed,true,494,36.7,43.559068,NORMAL,UNSPECIFIED,-0.4431,1.9385,0.2309,0.3338,0.0193,0.0285,-0.942,64.5775,0.5122,-0.4431,1.9385,0.2309,-0.3338,-0.0193,-0.0285,0.942,64.5775,0.5122,0,0.87,-0.1543,0.633,-1.6172,0,0.9988,0,-0.0482,1,260.5,338.7,false,,,,250,0.42,12,3.1102,0.1431,,,0.6334,,,,,,12.7217,66.7,0.0074,0,0.5122,0,0,0.01,99.9934,0,0,3.0898,1.5825,0,0,-1.0002,-0.02,0.99763,0.06659,-0.01732,0,-0.04083,0.77557,0.62994,0,0.05538,-0.62774,0.77645,0,0.50844,-1.32895,-1.40811,1,-0.1543,0.633,-1.6172,true,true,0.0556,0.3344,-1.5775,0.013,-0.2051,-0.2985,-0.0597,0.013,true,-0.1543,0.633,-1.6172,1.7523,269.3,59,1.6718,,,true,,,,,,,,,,,true,1,0,0,0,1.5775,0,0,0,0.5084,-1.3289,-1.4081,WebglFramebuffer,6,0,1,true,0,
45383.6,1790994212645,21:23:32.645,placed,true,495,50.2,43.614103,NORMAL,UNSPECIFIED,-0.4414,1.9396,0.2575,0.3315,0.0215,0.0269,-0.9428,64.5775,0.5122,-0.4414,1.9396,0.2575,-0.3315,-0.0215,-0.0269,0.9428,64.5775,0.5122,0,1.1465,-0.1543,0.633,-1.6172,0,0.9988,0,-0.0482,1,256,338.1,false,,,,247,0.4214,12,3.1323,0.1431,,,0.6334,,,,,,12.8288,66.6,0.0266,0,0.5122,0,0,0.01,99.9934,0,0,3.0898,1.5825,0,0,-1.0002,-0.02,0.99762,0.06505,-0.02276,0,-0.03648,0.77872,0.62631,0,0.05846,-0.62399,0.77924,0,0.49607,-1.32104,-1.42549,1,-0.1543,0.633,-1.6172,true,true,0.0556,0.3344,-1.5775,0.013,-0.2051,-0.2985,-0.0597,0.013,true,-0.1543,0.633,-1.6172,1.7523,264.4,61.6,1.6986,,,true,,,,,,,,,,,true,1,0,0,0,1.5775,0,0,0,0.4961,-1.321,-1.4255,WebglFramebuffer,6,0,1,true,0,
45445.3,1790994212707,21:23:32.706,placed,true,496,25.9,43.673143,NORMAL,UNSPECIFIED,-0.439,1.9336,0.2461,0.331,0.0224,0.0273,-0.943,64.5775,0.5122,-0.439,1.9336,0.2461,-0.331,-0.0224,-0.0273,0.943,64.5775,0.5122,0,0,-0.1543,0.633,-1.6172,0,0.9988,0,-0.0482,1,254.9,339.2,false,,,,248,0.419,13,3.1196,0.1034,,,0.6334,,,,,,13.1667,66.7,0.0131,0,0.5122,0,0,0.01,99.9934,0,0,3.0898,1.5825,0,0,-1.0002,-0.02,0.9975,0.0664,-0.02422,0,-0.0367,0.77943,0.62542,0,0.0604,-0.62297,0.77991,0,0.49398,-1.32462,-1.41187,1,-0.1543,0.633,-1.6172,true,true,0.0556,0.3344,-1.5775,0.013,-0.2051,-0.2985,-0.0597,0.013,true,-0.1543,0.633,-1.6172,1.7523,262.8,61,1.6872,,,true,,,,,,,,,,,true,1,0,0,0,1.5775,0,0,0,0.494,-1.3246,-1.4119,WebglFramebuffer,6,0,1,true,0,
45605.4,1790994212785,21:23:32.785,placed,true,497,44.1,43.759096,NORMAL,UNSPECIFIED,-0.43,1.9249,0.236,0.3308,0.0215,0.0282,-0.943,64.5775,0.5122,-0.43,1.9249,0.236,-0.3308,-0.0215,-0.0282,0.943,64.5775,0.5122,0,1.3052,-0.1543,0.633,-1.6172,0,0.9988,0,-0.0482,1,254.2,339,false,,,,250,0.4174,13,3.1064,0.1034,,,0.6334,,,,,,13.1288,66.6,0.016,0,0.5122,0,0,0.01,99.9934,0,0,3.0898,1.5825,0,0,-1.0002,-0.02,0.99749,0.06738,-0.02199,0,-0.03888,0.77954,0.62515,0,0.05926,-0.62272,0.7802,0,0.48981,-1.32454,-1.39695,1,-0.1543,0.633,-1.6172,true,true,0.0556,0.3344,-1.5775,0.013,-0.2051,-0.2985,-0.0597,0.013,true,-0.1543,0.633,-1.6172,1.7523,261.3,58.4,1.6735,81,255/0/255,true,,,,,,,,,,,true,1,0,0,0,1.5775,0,0,0,0.4898,-1.3245,-1.397,WebglFramebuffer,6,0,1,true,0,
45714.6,1790994212976,21:23:32.976,placed,true,498,58.2,43.819492,NORMAL,UNSPECIFIED,-0.4372,1.9239,0.2355,0.329,0.0217,0.0293,-0.9436,64.5775,0.5122,-0.4372,1.9239,0.2355,-0.329,-0.0217,-0.0293,0.9436,64.5775,0.5122,0,1.1305,-0.1543,0.633,-1.6172,0,0.9988,0,-0.0482,1,256.4,340.9,false,,,,250,0.4167,14,3.1053,0.1431,,,0.6334,,,,,,12.3392,100,0.0073,0,0.5122,0,0,0.01,99.9934,0,0,3.0898,1.5825,0,0,-1.0002,-0.02,0.99734,0.06955,-0.02165,0,-0.04102,0.78183,0.62215,0,0.0602,-0.61961,0.7826,0,0.50081,-1.3278,-1.39069,1,-0.1543,0.633,-1.6172,true,true,0.0556,0.3344,-1.5775,0.013,-0.2051,-0.2985,-0.0597,0.013,true,-0.1543,0.633,-1.6172,1.7523,263.4,60.7,1.6759,,,true,,,,,,,,,,,false,0,,,,,,,,,,,,6,0,1,,,
45773.6,1790994213035,21:23:33.035,placed,true,499,27.2,43.995881,NORMAL,UNSPECIFIED,-0.4538,1.9296,0.2404,0.3288,0.0239,0.0277,-0.9437,64.5775,0.5122,-0.4538,1.9296,0.2404,-0.3288,-0.0239,-0.0277,0.9437,64.5775,0.5122,0,0,-0.1543,0.633,-1.6172,0,0.9988,0,-0.0482,1,257.6,341.6,false,,,,248,0.4179,16,3.1126,0.1431,,,0.6334,,,,,,12.8002,100,0.0182,0,0.5122,0,0,0.01,99.9934,0,0,3.0898,1.5825,0,0,-1.0002,-0.02,0.99732,0.06803,-0.02679,0,-0.03665,0.78223,0.62191,0,0.06327,-0.61927,0.78263,0,0.50812,-1.32962,-1.40038,1,-0.1543,0.633,-1.6172,true,true,0.0556,0.3344,-1.5775,0.013,-0.2051,-0.2985,-0.0597,0.013,true,-0.1543,0.633,-1.6172,1.7523,266.4,63,1.6852,,,true,,,,,,,,,,,false,0,,,,,,,,,,,,6,0,1,,,
45825.5,1790994213087,21:23:33.087,placed,true,500,23.2,44.086501,NORMAL,UNSPECIFIED,-0.4487,1.9305,0.2307,0.3303,0.0232,0.0262,-0.9432,64.5775,0.5122,-0.4487,1.9305,0.2307,-0.3303,-0.0232,-0.0262,0.9432,64.5775,0.5122,0,1.1572,-0.1543,0.633,-1.6172,0,0.9988,0,-0.0482,1,256.7,341.7,false,,,,249,0.4166,15,3.1052,0.1034,,,0.6334,,,,,,13.4432,50,0.0111,0,0.5122,0,0,0.01,99.9934,0,0,3.0898,1.5825,0,0,-1.0002,-0.02,0.99755,0.06468,-0.02653,0,-0.034,0.78048,0.62426,0,0.06108,-0.62183,0.78077,0,0.49915,-1.33424,-1.39712,1,-0.1543,0.633,-1.6172,true,true,0.0556,0.3344,-1.5775,0.013,-0.2051,-0.2985,-0.0597,0.013,true,-0.1543,0.633,-1.6172,1.7523,266.3,62.1,1.6753,,,true,,,,,,,,,,,false,0,,,,,,,,,,,,6,0,1,,,
45876.9,1790994213139,21:23:33.138,placed,true,501,29.6,44.142028,NORMAL,UNSPECIFIED,-0.4403,1.9385,0.2365,0.3293,0.0219,0.0265,-0.9436,64.5775,0.5122,-0.4403,1.9385,0.2365,-0.3293,-0.0219,-0.0265,0.9436,64.5775,0.5122,0,0,-0.1543,0.633,-1.6172,0,0.9988,0,-0.0482,1,256,343.9,false,,,,247,0.4173,16,3.1147,0.1431,,,0.6334,,,,,,14.0444,50,0.013,0,0.5122,0,0,0.01,99.9934,0,0,3.0898,1.5825,0,0,-1.0002,-0.02,0.99763,0.06449,-0.0238,0,-0.03568,0.78167,0.62267,0,0.05876,-0.62035,0.78212,0,0.49453,-1.34015,-1.40252,1,-0.1543,0.633,-1.6172,true,true,0.0556,0.3344,-1.5775,0.013,-0.2051,-0.2985,-0.0597,0.013,true,-0.1543,0.633,-1.6172,1.7523,264.6,66.4,1.6858,,,true,,,,,,,,,,,false,0,,,,,,,,,,,,6,0,1,,,
45948.9,1790994213195,21:23:33.194,placed,true,502,26.5,44.187053,NORMAL,UNSPECIFIED,-0.443,1.942,0.2329,0.3305,0.0219,0.0266,-0.9432,64.5775,0.5122,-0.443,1.942,0.2329,-0.3305,-0.0219,-0.0266,0.9432,64.5775,0.5122,0,0,-0.1543,0.633,-1.6172,0,0.9988,0,-0.0482,1,256.8,343.6,false,,,,249,0.416,16,3.1138,0.1431,,,0.6334,,,,,,14.4289,66.6,0.0057,0,0.5122,0,0,0.01,99.9934,0,0,3.0898,1.5825,0,0,-1.0002,-0.02,0.99763,0.06459,-0.02373,0,-0.03564,0.78007,0.62467,0,0.05885,-0.62235,0.78053,0,0.49749,-1.34133,-1.40535,1,-0.1543,0.633,-1.6172,true,true,0.0556,0.3344,-1.5775,0.013,-0.2051,-0.2985,-0.0597,0.013,true,-0.1543,0.633,-1.6172,1.7523,265.7,66.1,1.683,81,255/0/255,true,,,,,,,,,,,false,0,,,,,,,,,,,,6,0,1,,,
45993.5,1790994213255,21:23:33.255,placed,true,503,24.1,44.246065,NORMAL,UNSPECIFIED,-0.44,1.9398,0.2282,0.3307,0.0211,0.0268,-0.9431,64.5775,0.5122,-0.44,1.9398,0.2282,-0.3307,-0.0211,-0.0268,0.9431,64.5775,0.5122,0,0.9784,-0.1543,0.633,-1.6172,0,0.9988,0,-0.0482,1,257.2,343.7,false,,,,248,0.4166,16,3.1088,0.1431,,,0.6334,,,,,,14.6362,66.6,0.0059,0,0.5122,0,0,0.01,99.9934,0,0,3.0898,1.5825,0,0,-1.0002,-0.02,0.99767,0.06456,-0.02202,0,-0.03667,0.77986,0.62488,0,0.05752,-0.62262,0.78041,0,0.49701,-1.34228,-1.39996,1,-0.1543,0.633,-1.6172,true,true,0.0556,0.3344,-1.5775,0.013,-0.2051,-0.2985,-0.0597,0.013,true,-0.1543,0.633,-1.6172,1.7523,266,65.3,1.6773,,,true,,,,,,,,,,,false,0,,,,,,,,,,,,6,0,1,,,
46318.5,1790994213580,21:23:33.580,placed,true,504,290.1,44.309313,NORMAL,UNSPECIFIED,-0.4356,1.9433,0.2278,0.3314,0.0199,0.0258,-0.9429,64.5775,0.5122,-0.4356,1.9433,0.2278,-0.3314,-0.0199,-0.0258,0.9429,64.5775,0.5122,0,1.1684,-0.1543,0.633,-1.6172,0,0.9988,0,-0.0482,1,257,343.8,false,,,,248,0.4163,16,3.1105,0.1431,,,0.6334,,,,,,13.4803,33.4,0.0057,0,0.5122,0,0,0.01,99.9934,0,0,3.0898,1.5825,0,0,-1.0002,-0.02,0.99788,0.06183,-0.02048,0,-0.03542,0.77901,0.62602,0,0.05466,-0.62396,0.77954,0,0.49103,-1.34476,-1.40302,1,-0.1543,0.633,-1.6172,true,true,0.0556,0.3344,-1.5775,0.013,-0.2051,-0.2985,-0.0597,0.013,true,-0.1543,0.633,-1.6172,1.7523,266.2,65.8,1.6774,,,true,,,,,,,,,,,false,1,0,0,1.5775,0,0.0556,0.3344,-1.5775,0.491,-1.3448,-1.403,WebglFramebuffer,6,0,1,,,
46385.4,1790994213647,21:23:33.647,placed,true,505,30,44.368429,NORMAL,UNSPECIFIED,-0.4326,1.952,0.2325,0.332,0.0203,0.026,-0.9427,64.5775,0.5122,-0.4326,1.952,0.2325,-0.332,-0.0203,-0.026,0.9427,64.5775,0.5122,0,0.3483,-0.1543,0.633,-1.6172,0,0.9988,0,-0.0482,1,255.6,344.2,false,,,,245,0.4175,16,3.1195,0.1431,,,0.6334,,,,,,13.627,100,0.0103,0,0.5122,0,0,0.01,99.9934,0,0,3.0898,1.5825,0,0,-1.0002,-0.02,0.99783,0.06248,-0.02096,0,-0.03555,0.77815,0.62708,0,0.05549,-0.62497,0.77868,0,0.48812,-1.34662,-1.41413,1,-0.1543,0.633,-1.6172,true,true,0.0556,0.3344,-1.5775,0.013,-0.2051,-0.2985,-0.0597,0.013,true,-0.1543,0.633,-1.6172,1.7523,264.3,67.9,1.6854,,,true,,,,,,,,,,,false,1,0,0,1.5775,0,0.0556,0.3344,-1.5775,0.4881,-1.3466,-1.4141,WebglFramebuffer,6,0,1,,,
46493.8,1790994213755,21:23:33.755,placed,true,506,83.4,44.694788,NORMAL,UNSPECIFIED,-0.4371,1.9455,0.2314,0.3316,0.0207,0.0268,-0.9428,64.5775,0.5122,-0.4371,1.9455,0.2314,-0.3316,-0.0207,-0.0268,0.9428,64.5775,0.5122,0,0.775,-0.1543,0.633,-1.6172,0,0.9988,0,-0.0482,1,256.7,343.3,false,,,,247,0.4164,16,3.1147,0.1431,,,0.6334,,,,,,13.1868,66.6,0.008,0,0.5122,0,0,0.01,99.9934,0,0,3.0898,1.5825,0,0,-1.0002,-0.02,0.9977,0.06432,-0.02123,0,-0.03687,0.77863,0.6264,0,0.05682,-0.62418,0.77922,0,0.49471,-1.34228,-1.40821,1,-0.1543,0.633,-1.6172,true,true,0.0556,0.3344,-1.5775,0.013,-0.2051,-0.2985,-0.0597,0.013,true,-0.1543,0.633,-1.6172,1.7523,265.3,65.8,1.6814,,,true,,,,,,,,,,,false,1,0,0,1.5775,0,0.0556,0.3344,-1.5775,0.4947,-1.3423,-1.4082,WebglFramebuffer,6,0,1,,,
46811,1790994213904,21:23:33.903,placed,true,507,122.7,44.750375,NORMAL,UNSPECIFIED,-0.4421,1.9449,0.235,0.3308,0.0247,0.0268,-0.943,64.5775,0.5122,-0.4421,1.9449,0.235,-0.3308,-0.0247,-0.0268,0.943,64.5775,0.5122,0,0,-0.1543,0.633,-1.6172,0,0.9988,0,-0.0482,1,253.2,343.6,false,,,,247,0.4164,16,3.1173,0.1431,,,0.6334,,,,,,12.5424,100,0.0062,0,0.5122,0,0,0.01,99.9934,0,0,3.0898,1.5825,0,0,-1.0002,-0.02,0.99734,0.06696,-0.0288,0,-0.0343,0.77976,0.62514,0,0.06432,-0.62249,0.77998,0,0.49249,-1.34062,-1.41188,1,-0.1543,0.633,-1.6172,true,true,0.0556,0.3344,-1.5775,0.013,-0.2051,-0.2985,-0.0597,0.013,true,-0.1543,0.633,-1.6172,1.7523,261.4,66.8,1.6871,81,255/0/255,true,,,,,,,,,,,false,1,0,0,1.5775,0,0.0556,0.3344,-1.5775,0.4925,-1.3406,-1.4119,WebglFramebuffer,7,0,1,,,
46879.5,1790994214141,21:23:34.141,placed,true,508,27.1,44.85872,NORMAL,UNSPECIFIED,-0.4495,1.9493,0.2388,0.33,0.0272,0.027,-0.9432,64.5775,0.5122,-0.4495,1.9493,0.2388,-0.33,-0.0272,-0.027,0.9432,64.5775,0.5122,0,0.3595,-0.1543,0.633,-1.6172,0,0.9988,0,-0.0482,1,252.1,344.8,false,,,,245,0.4167,17,3.1229,0.1034,,,0.6334,,,,,,11.7094,100,0.0095,0,0.5122,0,0,0.01,99.9934,0,0,3.0898,1.5825,0,0,-1.0002,-0.02,0.99706,0.06884,-0.03357,0,-0.0329,0.78079,0.62393,0,0.06916,-0.62099,0.78076,0,0.49584,-1.3428,-1.41774,1,-0.1543,0.633,-1.6172,true,true,0.0556,0.3344,-1.5775,0.013,-0.2051,-0.2985,-0.0597,0.013,true,-0.1543,0.633,-1.6172,1.7523,260.3,69.5,1.6954,,,true,,,,,,,,,,,false,1,0,0,1.5775,0,0.0556,0.3344,-1.5775,0.4958,-1.3428,-1.4177,WebglFramebuffer,7,0,1,,,
46973.2,1790994214235,21:23:34.234,placed,true,509,43.8,45.192119,NORMAL,UNSPECIFIED,-0.4472,1.9517,0.2357,0.3292,0.0286,0.0253,-0.9435,64.5775,0.5122,-0.4472,1.9517,0.2357,-0.3292,-0.0286,-0.0253,0.9435,64.5775,0.5122,0,0,-0.1543,0.633,-1.6172,0,0.9988,0,-0.0482,1,249.4,347.1,false,,,,246,0.4158,19,3.169,0.0573,,,0.6334,,,,,,11.6057,66.7,0.0045,0,0.5122,0,0,0.01,99.9934,0,0,3.0898,1.5825,0,0,-1.0002,-0.02,0.99709,0.06654,-0.0373,0,-0.02889,0.78195,0.62267,0,0.0706,-0.61978,0.78159,0,0.48565,-1.35027,-1.41616,1,-0.1543,0.633,-1.6172,true,true,0.0556,0.3344,-1.5775,0.013,-0.2051,-0.2985,-0.0597,0.013,true,-0.1543,0.633,-1.6172,1.7523,258,72.3,1.6965,,,true,,,,,,,,,,,false,1,0,0,1.5775,0,0.0556,0.3344,-1.5775,0.4856,-1.3503,-1.4162,WebglFramebuffer,7,0,1,,,
47106.2,1790994214368,21:23:34.367,placed,true,510,108.7,45.269138,NORMAL,UNSPECIFIED,-0.4248,1.946,0.2337,0.33,0.0297,0.027,-0.9431,64.5775,0.5122,-0.4248,1.946,0.2337,-0.33,-0.0297,-0.027,0.9431,64.5775,0.5122,0,1.1607,-0.1543,0.633,-1.6172,0,0.9988,0,-0.0482,1,242.8,345.2,false,,,,247,0.4151,17,3.117,0.1034,,,0.6334,,,,,,11.1976,83.3,0.0232,0,0.5122,0,0,0.01,99.9934,0,0,3.0898,1.5825,0,0,-1.0002,-0.02,0.99678,0.07056,-0.03819,0,-0.03135,0.78068,0.62414,0,0.07386,-0.62093,0.78038,0,0.46721,-1.34408,-1.41321,1,-0.1543,0.633,-1.6172,true,true,0.0556,0.3344,-1.5775,0.013,-0.2051,-0.2985,-0.0597,0.013,true,-0.1543,0.633,-1.6172,1.7523,248.4,69,1.6892,,,true,,,,,,,,,,,false,1,0,0,1.5775,0,0.0556,0.3344,-1.5775,0.4672,-1.3441,-1.4132,WebglFramebuffer,7,0,1,,,
47216.7,1790994214478,21:23:34.478,placed,true,511,84.3,45.337737,NORMAL,UNSPECIFIED,-0.4178,1.9411,0.2328,0.3297,0.028,0.0295,-0.9432,64.5775,0.5122,-0.4178,1.9411,0.2328,-0.3297,-0.028,-0.0295,0.9432,64.5775,0.5122,0,0.6764,-0.1543,0.633,-1.6172,0,0.9988,0,-0.0482,1,243.8,344.5,false,,,,247,0.4146,17,3.1135,0.1034,,,0.6334,,,,,,10.982,100,0.0086,0,0.5122,0,0,0.01,99.9934,0,0,3.0898,1.5825,0,0,-1.0002,-0.02,0.99669,0.07406,-0.03346,0,-0.03708,0.7808,0.62368,0,0.07232,-0.62038,0.78096,0,0.47153,-1.34023,-1.40644,1,-0.1543,0.633,-1.6172,true,true,0.0556,0.3344,-1.5775,0.013,-0.2051,-0.2985,-0.0597,0.013,true,-0.1543,0.633,-1.6172,1.7523,247.7,67.3,1.6848,,,true,,,,,,,,,,,false,1,0,0,1.5775,0,0.0556,0.3344,-1.5775,0.4715,-1.3402,-1.4064,WebglFramebuffer,7,0,1,,,
47501.3,1790994214626,21:23:34.626,placed,true,512,122.2,45.472193,NORMAL,UNSPECIFIED,-0.4225,1.9373,0.2413,0.3288,0.0278,0.0284,-0.9435,64.5775,0.5122,-0.4225,1.9373,0.2413,-0.3288,-0.0278,-0.0284,0.9435,64.5775,0.5122,0,1.7672,-0.1543,0.633,-1.6172,0,0.9988,0,-0.0482,1,244.7,343.5,false,,,,246,0.4147,17,3.1179,0.1034,,,0.6334,,,,,,10.5599,100,0.0104,0,0.5122,0,0,0.01,99.9934,0,0,3.0898,1.5825,0,0,-1.0002,-0.02,0.99684,0.07183,-0.0339,0,-0.0352,0.78211,0.62215,0,0.0712,-0.61899,0.78217,0,0.47219,-1.33546,-1.40829,1,-0.1543,0.633,-1.6172,true,true,0.0556,0.3344,-1.5775,0.013,-0.2051,-0.2985,-0.0597,0.013,true,-0.1543,0.633,-1.6172,1.7523,249.5,66.7,1.6909,81,255/0/255,true,,,,,,,,,,,false,1,0,0,1.5775,0,0.0556,0.3344,-1.5775,0.4722,-1.3355,-1.4083,WebglFramebuffer,7,0,1,,,
47560.9,1790994214823,21:23:34.822,placed,true,513,27.6,45.582092,NORMAL,UNSPECIFIED,-0.4366,1.9408,0.2279,0.3301,0.0285,0.0281,-0.9431,64.5775,0.5122,-0.4366,1.9408,0.2279,-0.3301,-0.0285,-0.0281,0.9431,64.5775,0.5122,0,0,-0.1543,0.633,-1.6172,0,0.9988,0,-0.0482,1,248,344.5,false,,,,247,0.4141,17,3.1092,0.1034,,,0.6334,,,,,,10.0131,100,0.0197,0,0.5122,0,0,0.01,99.9934,0,0,3.0898,1.5825,0,0,-1.0002,-0.02,0.99679,0.07188,-0.03512,0,-0.03428,0.78045,0.62428,0,0.07228,-0.62107,0.78041,0,0.48523,-1.34178,-1.40485,1,-0.1543,0.633,-1.6172,true,true,0.0556,0.3344,-1.5775,0.013,-0.2051,-0.2985,-0.0597,0.013,true,-0.1543,0.633,-1.6172,1.7523,254.4,66.8,1.6811,,,true,,,,,,,,,,,false,1,0,0,1.5775,0,0.0556,0.3344,-1.5775,0.4852,-1.3418,-1.4048,WebglFramebuffer,7,0,1,,,
47638.9,1790994214900,21:23:34.900,placed,true,514,42.4,45.873181,NORMAL,UNSPECIFIED,-0.4337,1.9477,0.2317,0.3313,0.0271,0.0276,-0.9427,64.5775,0.5122,-0.4337,1.9477,0.2317,-0.3313,-0.0271,-0.0276,0.9427,64.5775,0.5122,0,1.2642,-0.1543,0.633,-1.6172,0,0.9988,0,-0.0482,1,248.4,344,false,,,,246,0.4151,17,3.1162,0.1034,,,0.6334,,,,,,10.2971,66.6,0.0083,0,0.5122,0,0,0.01,99.9934,0,0,3.0898,1.5825,0,0,-1.0002,-0.02,0.99701,0.06992,-0.03284,0,-0.03399,0.7789,0.62623,0,0.06936,-0.62324,0.77895,0,0.48252,-1.34231,-1.41439,1,-0.1543,0.633,-1.6172,true,true,0.0556,0.3344,-1.5775,0.013,-0.2051,-0.2985,-0.0597,0.013,true,-0.1543,0.633,-1.6172,1.7523,255.1,67.3,1.6856,,,true,,,,,,,,,,,false,1,0,0,1.5775,0,0.0556,0.3344,-1.5775,0.4825,-1.3423,-1.4144,WebglFramebuffer,7,0,1,,,
47746.5,1790994215008,21:23:35.008,placed,true,515,86,45.936431,NORMAL,UNSPECIFIED,-0.4272,1.9418,0.2296,0.3308,0.0254,0.0292,-0.9429,64.5775,0.5122,-0.4272,1.9418,0.2296,-0.3308,-0.0254,-0.0292,0.9429,64.5775,0.5122,0,0.5877,-0.1543,0.633,-1.6172,0,0.9988,0,-0.0482,1,249.4,343.6,false,,,,246,0.4147,17,3.1112,0.1034,,,0.6334,,,,,,10.1968,66.7,0.009,0,0.5122,0,0,0.01,99.9934,0,0,3.0898,1.5825,0,0,-1.0002,-0.02,0.99701,0.07182,-0.02859,0,-0.03822,0.77942,0.62533,0,0.0672,-0.62237,0.77984,0,0.48469,-1.3399,-1.40556,1,-0.1543,0.633,-1.6172,true,true,0.0556,0.3344,-1.5775,0.013,-0.2051,-0.2985,-0.0597,0.013,true,-0.1543,0.633,-1.6172,1.7523,254.9,65.8,1.6803,,,true,,,,,,,,,,,false,1,0,0,1.5775,0,0.0556,0.3344,-1.5775,0.4847,-1.3399,-1.4056,WebglFramebuffer,7,0,1,,,
47879.9,1790994215142,21:23:35.141,placed,true,516,98.6,45.99974,NORMAL,UNSPECIFIED,-0.4248,1.9398,0.2312,0.3307,0.0257,0.0313,-0.9429,64.5775,0.5122,-0.4248,1.9398,0.2312,-0.3307,-0.0257,-0.0313,0.9429,64.5775,0.5122,0,0,-0.1543,0.633,-1.6172,0,0.9988,0,-0.0482,1,249,342.8,false,,,,246,0.4142,17,3.1113,0.1034,,,0.6334,,,,,,9.9256,100,0.0035,0,0.5122,0,0,0.01,99.9934,0,0,3.0898,1.5825,0,0,-1.0002,-0.02,0.99672,0.07598,-0.02787,0,-0.04192,0.77934,0.6252,0,0.06922,-0.62198,0.77997,0,0.48867,-1.33569,-1.40499,1,-0.1543,0.633,-1.6172,true,true,0.0556,0.3344,-1.5775,0.013,-0.2051,-0.2985,-0.0597,0.013,true,-0.1543,0.633,-1.6172,1.7523,253.1,64.8,1.6802,,,true,,,,,,,,,,,false,1,0,0,1.5775,0,0.0556,0.3344,-1.5775,0.4887,-1.3357,-1.405,WebglFramebuffer,7,0,1,,,
48140.4,1790994215222,21:23:35.221,placed,true,517,51.9,46.121711,NORMAL,UNSPECIFIED,-0.4299,1.9288,0.2284,0.3289,0.0259,0.0303,-0.9435,64.5775,0.5122,-0.4299,1.9288,0.2284,-0.3289,-0.0259,-0.0303,0.9435,64.5775,0.5122,0,1.0706,-0.1543,0.633,-1.6172,0,0.9988,0,-0.0482,1,250,343.1,false,,,,245,0.4146,17,3.1025,0.1034,,,0.6334,,,,,,10.1784,100,0.0125,0,0.5122,0,0,0.01,99.9934,0,0,3.0898,1.5825,0,0,-1.0002,-0.02,0.99682,0.07417,-0.02904,0,-0.04004,0.78178,0.62227,0,0.06886,-0.61913,0.78226,0,0.49007,-1.33454,-1.3914,1,-0.1543,0.633,-1.6172,true,true,0.0556,0.3344,-1.5775,0.013,-0.2051,-0.2985,-0.0597,0.013,true,-0.1543,0.633,-1.6172,1.7523,255.1,63.5,1.6748,81,255/0/255,true,,,,,,,,,,,false,1,0,0,1.5775,0,0.0556,0.3344,-1.5775,0.4901,-1.3345,-1.3914,WebglFramebuffer,7,0,1,,,
48203.2,1790994215465,21:23:35.464,placed,true,518,26.7,46.248348,NORMAL,UNSPECIFIED,-0.447,1.9283,0.2301,0.3283,0.0283,0.028,-0.9437,64.5775,0.5122,-0.447,1.9283,0.2301,-0.3283,-0.0283,-0.028,0.9437,64.5775,0.5122,0,1.3018,-0.1543,0.633,-1.6172,0,0.9988,0,-0.0482,1,251,343.5,false,,,,245,0.414,18,3.15,0.1034,,,0.6334,,,,,,9.5724,100,0.0172,0,0.5122,0,0,0.01,99.9934,0,0,3.0898,1.5825,0,0,-1.0002,-0.02,0.99683,0.0714,-0.03498,0,-0.03427,0.78284,0.62127,0,0.07175,-0.61811,0.78281,0,0.49515,-1.33541,-1.39377,1,-0.1543,0.633,-1.6172,true,true,0.0556,0.3344,-1.5775,0.013,-0.2051,-0.2985,-0.0597,0.013,true,-0.1543,0.633,-1.6172,1.7523,258.4,64.4,1.6787,,,true,,,,,,,,,,,false,1,0,0,1.5775,0,0.0556,0.3344,-1.5775,0.4952,-1.3354,-1.3938,WebglFramebuffer,7,0,1,,,
48276.1,1790994215538,21:23:35.537,placed,true,519,45.5,46.515987,NORMAL,UNSPECIFIED,-0.4533,1.9292,0.231,0.328,0.0298,0.0281,-0.9438,64.5775,0.5122,-0.4533,1.9292,0.231,-0.328,-0.0298,-0.0281,0.9438,64.5775,0.5122,0,0,-0.1543,0.633,-1.6172,0,0.9988,0,-0.0482,1,250.9,343.8,false,,,,245,0.4135,18,3.1518,0.1034,,,0.6334,,,,,,9.9888,66.7,0.0064,0,0.5122,0,0,0.01,99.9934,0,0,3.0898,1.5825,0,0,-1.0002,-0.02,0.99665,0.07257,-0.03775,0,-0.03351,0.78321,0.62085,0,0.07462,-0.6175,0.78302,0,0.49917,-1.33543,-1.39576,1,-0.1543,0.633,-1.6172,true,true,0.0556,0.3344,-1.5775,0.013,-0.2051,-0.2985,-0.0597,0.013,true,-0.1543,0.633,-1.6172,1.7523,258.5,65.1,1.6812,,,true,,,,,,,,,,,false,1,0,0,1.5775,0,0.0556,0.3344,-1.5775,0.4992,-1.3354,-1.3958,WebglFramebuffer,7,0,1,,,
48388.1,1790994215650,21:23:35.649,placed,true,520,86.7,46.570536,NORMAL,UNSPECIFIED,-0.4491,1.934,0.2373,0.3258,0.0304,0.027,-0.9446,64.5775,0.5122,-0.4491,1.934,0.2373,-0.3258,-0.0304,-0.027,0.9446,64.5775,0.5122,0,0,-0.1543,0.633,-1.6172,0,0.9988,0,-0.0482,1,248.5,347.1,false,,,,245,0.4131,19,3.1593,0.0573,,,0.6334,,,,,,9.8812,83.3,0.0089,0,0.5122,0,0,0.01,99.9934,0,0,3.0898,1.5825,0,0,-1.0002,-0.02,0.99669,0.07076,-0.03993,0,-0.0311,0.78624,0.61713,0,0.07506,-0.61385,0.78585,0,0.48999,-1.34319,-1.39793,1,-0.1543,0.633,-1.6172,true,true,0.0556,0.3344,-1.5775,0.013,-0.2051,-0.2985,-0.0597,0.013,true,-0.1543,0.633,-1.6172,1.7523,255.8,70.5,1.6935,,,true,,,,,,,,,,,false,1,0,0,1.5775,0,0.0556,0.3344,-1.5775,0.49,-1.3432,-1.3979,WebglFramebuffer,7,0,1,,,
48524.8,1790994215786,21:23:35.786,placed,true,521,111.4,46.640995,NORMAL,UNSPECIFIED,-0.4535,1.9373,0.2372,0.3263,0.0319,0.0273,-0.9443,64.5775,0.5122,-0.4535,1.9373,0.2372,-0.3263,-0.0319,-0.0273,0.9443,64.5775,0.5122,0,1.2855,-0.1543,0.633,-1.6172,0,0.9988,0,-0.0482,1,248,347,false,,,,245,0.4129,19,3.1616,0.0573,,,0.6334,,,,,,9.6246,100,0.0054,0,0.5122,0,0,0.01,99.9934,0,0,3.0898,1.5825,0,0,-1.0002,-0.02,0.99648,0.0723,-0.04248,0,-0.03066,0.78559,0.61798,0,0.07805,-0.6145,0.78504,0,0.49273,-1.34337,-1.40263,1,-0.1543,0.633,-1.6172,true,true,0.0556,0.3344,-1.5775,0.013,-0.2051,-0.2985,-0.0597,0.013,true,-0.1543,0.633,-1.6172,1.7523,255.3,70.9,1.6952,,,true,,,,,,,,,,,false,1,0,0,1.5775,0,0.0556,0.3344,-1.5775,0.4927,-1.3434,-1.4026,WebglFramebuffer,7,0,1,,,
48754.9,1790994215863,21:23:35.862,placed,true,522,55.8,46.753168,NORMAL,UNSPECIFIED,-0.4473,1.9362,0.2307,0.3257,0.0291,0.0267,-0.9447,64.5775,0.5122,-0.4473,1.9362,0.2307,-0.3257,-0.0291,-0.0267,0.9447,64.5775,0.5122,0,0,-0.1543,0.633,-1.6172,0,0.9988,0,-0.0482,1,249.7,348.8,false,,,,245,0.4125,19,3.1554,0.0573,,,0.6334,,,,,,9.971,100,0.009,0,0.5122,0,0,0.01,99.9934,0,0,3.0898,1.5825,0,0,-1.0002,-0.02,0.99688,0.06936,-0.03762,0,-0.03144,0.78647,0.61683,0,0.07237,-0.61373,0.7862,0,0.49004,-1.35014,-1.39249,1,-0.1543,0.633,-1.6172,true,true,0.0556,0.3344,-1.5775,0.013,-0.2051,-0.2985,-0.0597,0.013,true,-0.1543,0.633,-1.6172,1.7523,257.4,72.1,1.6894,81,255/0/255,true,,,,,,,,,,,false,1,0,0,1.5775,0,0.0556,0.3344,-1.5775,0.49,-1.3501,-1.3925,WebglFramebuffer,7,0,1,,,
48813.9,1790994216076,21:23:36.075,placed,true,523,33.6,46.88548,NORMAL,UNSPECIFIED,-0.4562,1.9324,0.2288,0.3256,0.031,0.0248,-0.9447,64.5775,0.5122,-0.4562,1.9324,0.2288,-0.3256,-0.031,-0.0248,0.9447,64.5775,0.5122,0,0,-0.1543,0.633,-1.6172,0,0.9988,0,-0.0482,1,249.3,348.4,false,,,,245,0.4125,19,3.1523,0.0573,,,0.6334,,,,,,9.4439,100,0.0099,0,0.5122,0,0,0.01,99.9934,0,0,3.0898,1.5825,0,0,-1.0002,-0.02,0.99685,0.06697,-0.04241,0,-0.02661,0.78671,0.61675,0,0.07467,-0.61369,0.78601,0,0.48909,-1.34922,-1.391,1,-0.1543,0.633,-1.6172,true,true,0.0556,0.3344,-1.5775,0.013,-0.2051,-0.2985,-0.0597,0.013,true,-0.1543,0.633,-1.6172,1.7523,258.5,71.1,1.687,,,true,,,,,,,,,,,false,1,0,0,1.5775,0,0.0556,0.3344,-1.5775,0.4891,-1.3492,-1.391,WebglFramebuffer,7,0,1,,,
48890.7,1790994216152,21:23:36.152,placed,true,524,35.3,47.120729,NORMAL,UNSPECIFIED,-0.4578,1.9548,0.2403,0.3262,0.0319,0.0255,-0.9444,64.5775,0.5122,-0.4578,1.9548,0.2403,-0.3262,-0.0319,-0.0255,0.9444,64.5775,0.5122,0,0.9497,-0.1543,0.633,-1.6172,0,0.9988,0,-0.0482,1,248.3,350.7,false,,,,243,0.4128,20,3.1754,0.1034,,,0.6334,,,,,,9.8033,66.6,0.0252,0,0.5122,0,0,0.01,99.9934,0,0,3.0898,1.5825,0,0,-1.0002,-0.02,0.99666,0.06893,-0.04369,0,-0.02728,0.78595,0.61769,0,0.07692,-0.61443,0.78521,0,0.4911,-1.35718,-1.41609,1,-0.1543,0.633,-1.6172,true,true,0.0556,0.3344,-1.5775,0.013,-0.2051,-0.2985,-0.0597,0.013,true,-0.1543,0.633,-1.6172,1.7523,256.8,78.1,1.7092,,,true,,,,,,,,,,,false,1,0,0,1.5775,0,0.0556,0.3344,-1.5775,0.4911,-1.3572,-1.4161,WebglFramebuffer,7,0,1,,,
48998.2,1790994216260,21:23:36.259,placed,true,525,83.9,47.195128,NORMAL,UNSPECIFIED,-0.4482,1.9504,0.2284,0.3281,0.0297,0.0266,-0.9438,64.5775,0.5122,-0.4482,1.9504,0.2284,-0.3281,-0.0297,-0.0266,0.9438,64.5775,0.5122,0,0.2458,-0.1543,0.633,-1.6172,0,0.9988,0,-0.0482,1,249.2,349.1,false,,,,245,0.4114,19,3.1626,0.0573,,,0.6334,,,,,,9.7523,66.7,0.0159,0,0.5122,0,0,0.01,99.9934,0,0,3.0898,1.5825,0,0,-1.0002,-0.02,0.99683,0.06958,-0.03855,0,-0.03066,0.78324,0.62096,0,0.0734,-0.61781,0.78289,0,0.48984,-1.35538,-1.40719,1,-0.1543,0.633,-1.6172,true,true,0.0556,0.3344,-1.5775,0.013,-0.2051,-0.2985,-0.0597,0.013,true,-0.1543,0.633,-1.6172,1.7523,257,73.9,1.6922,,,true,,,,,,,,,,,false,1,0,0,1.5775,0,0.0556,0.3344,-1.5775,0.4898,-1.3554,-1.4072,WebglFramebuffer,7,0,1,,,
49138.9,1790994216400,21:23:36.400,placed,true,526,105.4,47.253908,NORMAL,UNSPECIFIED,-0.4411,1.947,0.2278,0.3271,0.0278,0.0272,-0.9442,64.5775,0.5122,-0.4411,1.947,0.2278,-0.3271,-0.0278,-0.0272,0.9442,64.5775,0.5122,0,0,-0.1543,0.633,-1.6172,0,0.9988,0,-0.0482,1,249.8,349.8,false,,,,244,0.4117,19,3.1595,0.0573,,,0.6334,,,,,,9.4888,100,0.0079,0,0.5122,0,0,0.01,99.9934,0,0,3.0898,1.5825,0,0,-1.0002,-0.02,0.99698,0.06944,-0.0347,0,-0.0331,0.78456,0.61917,0,0.07022,-0.61615,0.78449,0,0.48823,-1.3565,-1.39956,1,-0.1543,0.633,-1.6172,true,true,0.0556,0.3344,-1.5775,0.013,-0.2051,-0.2985,-0.0597,0.013,true,-0.1543,0.633,-1.6172,1.7523,257,74.3,1.6905,,,true,,,,,,,,,,,false,1,0,0,1.5775,0,0.0556,0.3344,-1.5775,0.4882,-1.3565,-1.3996,WebglFramebuffer,7,0,1,,,
49384.2,1790994216486,21:23:36.485,placed,true,527,58.6,47.37292,NORMAL,UNSPECIFIED,-0.4461,1.9468,0.2299,0.3266,0.0292,0.0273,-0.9443,64.5775,0.5122,-0.4461,1.9468,0.2299,-0.3266,-0.0292,-0.0273,0.9443,64.5775,0.5122,0,0.917,-0.1543,0.633,-1.6172,0,0.9988,0,-0.0482,1,249.4,350,false,,,,244,0.4113,19,3.1613,0.0573,,,0.6334,,,,,,9.7136,100,0.0054,0,0.5122,0,0,0.01,99.9934,0,0,3.0898,1.5825,0,0,-1.0002,-0.02,0.99681,0.07053,-0.03729,0,-0.03243,0.7852,0.61839,0,0.0729,-0.61521,0.78499,0,0.49102,-1.35576,-1.40097,1,-0.1543,0.633,-1.6172,true,true,0.0556,0.3344,-1.5775,0.013,-0.2051,-0.2985,-0.0597,0.013,true,-0.1543,0.633,-1.6172,1.7523,256.7,74.8,1.6936,81,255/0/255,true,,,,,,,,,,,false,1,0,0,1.5775,0,0.0556,0.3344,-1.5775,0.491,-1.3558,-1.401,WebglFramebuffer,7,0,1,,,
49442.3,1790994216704,21:23:36.703,placed,true,528,25.8,47.504775,NORMAL,UNSPECIFIED,-0.4618,1.9429,0.2276,0.3262,0.0283,0.026,-0.9445,64.5775,0.5122,-0.4618,1.9429,0.2276,-0.3262,-0.0283,-0.026,0.9445,64.5775,0.5122,0,0.978,-0.1543,0.633,-1.6172,0,0.9988,0,-0.0482,1,254.3,349.9,false,,,,245,0.4105,20,3.1793,0.0573,,,0.6334,,,,,,9.2006,100,0.0164,0,0.5122,0,0,0.01,99.9934,0,0,3.0898,1.5825,0,0,-1.0002,-0.02,0.99704,0.06759,-0.03653,0,-0.03063,0.78579,0.61773,0,0.07046,-0.61479,0.78554,0,0.50391,-1.35558,-1.3958,1,-0.1543,0.633,-1.6172,true,true,0.0556,0.3344,-1.5775,0.013,-0.2051,-0.2985,-0.0597,0.013,true,-0.1543,0.633,-1.6172,1.7523,263.9,73.9,1.6904,,,true,,,,,,,,,,,false,1,0,0,1.5775,0,0.0556,0.3344,-1.5775,0.5039,-1.3556,-1.3958,WebglFramebuffer,6,0,1,,,
49521.6,1790994216783,21:23:36.783,placed,true,529,33.2,47.756642,NORMAL,UNSPECIFIED,-0.4693,1.9562,0.228,0.3231,0.0261,0.0256,-0.9456,64.5775,0.5122,-0.4693,1.9562,0.228,-0.3231,-0.0261,-0.0256,0.9456,64.5775,0.5122,0,1.7032,-0.1543,0.633,-1.6172,0,0.9988,0,-0.0482,1,258.7,356.7,false,,,,242,0.4126,20,3.1678,0.1034,,,0.6334,,,,,,9.54,66.7,0.0153,0,0.5122,0,0,0.01,99.9934,0,0,3.0898,1.5825,0,0,-1.0002,-0.02,0.99732,0.06535,-0.03289,0,-0.03155,0.78985,0.61249,0,0.066,-0.60981,0.7898,0,0.51468,-1.37545,-1.39364,1,-0.1543,0.633,-1.6172,true,true,0.0556,0.3344,-1.5775,0.013,-0.2051,-0.2985,-0.0597,0.013,true,-0.1543,0.633,-1.6172,1.7523,269.2,83.9,1.704,,,true,,,,,,,,,,,false,1,0,0,1.5775,0,0.0556,0.3344,-1.5775,0.5147,-1.3754,-1.3936,WebglFramebuffer,6,0,1,,,
49638.3,1790994216900,21:23:36.899,placed,true,530,96.8,47.827787,NORMAL,UNSPECIFIED,-0.4468,1.9467,0.227,0.3216,0.0217,0.0263,-0.9463,64.5775,0.5122,-0.4468,1.9467,0.227,-0.3216,-0.0217,-0.0263,0.9463,64.5775,0.5122,0,0,-0.1543,0.633,-1.6172,0,0.9988,0,-0.0482,1,258.4,357,false,,,,242,0.4123,20,3.1592,0.1034,,,0.6334,,,,,,9.4436,66.6,0.0244,0,0.5122,0,0,0.01,99.9934,0,0,3.0898,1.5825,0,0,-1.0002,-0.02,0.99768,0.06367,-0.02412,0,-0.03578,0.79172,0.60983,0,0.05792,-0.60755,0.79217,0,0.50227,-1.37488,-1.37781,1,-0.1543,0.633,-1.6172,true,true,0.0556,0.3344,-1.5775,0.013,-0.2051,-0.2985,-0.0597,0.013,true,-0.1543,0.633,-1.6172,1.7523,267.3,82.7,1.6975,,,true,,,,,,,,,,,false,1,0,0,1.5775,0,0.0556,0.3344,-1.5775,0.5023,-1.3749,-1.3778,WebglFramebuffer,6,0,1,,,
49760.2,1790994217022,21:23:37.021,placed,true,531,93.6,47.88174,NORMAL,UNSPECIFIED,-0.4522,1.9413,0.2321,0.3218,0.0225,0.0266,-0.9462,64.5775,0.5122,-0.4522,1.9413,0.2321,-0.3218,-0.0225,-0.0266,0.9462,64.5775,0.5122,0,0,-0.1543,0.633,-1.6172,0,0.9988,0,-0.0482,1,258.8,354.6,false,,,,241,0.4135,18,3.1601,0.1034,,,0.6334,,,,,,9.3203,100,0.0091,0,0.5122,0,0,0.01,99.9934,0,0,3.0898,1.5825,0,0,-1.0002,-0.02,0.99757,0.06477,-0.02552,0,-0.03577,0.79142,0.61023,0,0.05972,-0.60783,0.79182,0,0.50665,-1.36606,-1.37996,1,-0.1543,0.633,-1.6172,true,true,0.0556,0.3344,-1.5775,0.013,-0.2051,-0.2985,-0.0597,0.013,true,-0.1543,0.633,-1.6172,1.7523,267.8,79.8,1.6982,,,true,,,,,,,,,,,false,1,0,0,1.5775,0,0.0556,0.3344,-1.5775,0.5067,-1.3661,-1.38,WebglFramebuffer,6,0,1,,,
49990.5,1790994217136,21:23:37.135,placed,true,532,82.5,48.006167,NORMAL,UNSPECIFIED,-0.4539,1.9493,0.2321,0.3224,0.0222,0.0266,-0.946,64.5775,0.5122,-0.4539,1.9493,0.2321,-0.3224,-0.0222,-0.0266,0.946,64.5775,0.5122,0,0,-0.1543,0.633,-1.6172,0,0.9988,0,-0.0482,1,259.6,355.7,false,,,,241,0.4132,18,3.1653,0.1034,,,0.6334,,,,,,9.2662,100,0.0082,0,0.5122,0,0,0.01,99.9934,0,0,3.0898,1.5825,0,0,-1.0002,-0.02,0.99761,0.06455,-0.02479,0,-0.03598,0.79076,0.61107,0,0.05904,-0.60871,0.79119,0,0.50926,-1.37088,-1.38606,1,-0.1543,0.633,-1.6172,true,true,0.0556,0.3344,-1.5775,0.013,-0.2051,-0.2985,-0.0597,0.013,true,-0.1543,0.633,-1.6172,1.7523,268.9,82,1.7021,81,255/0/255,true,,,,,,,,,,,false,1,0,0,1.5775,0,0.0556,0.3344,-1.5775,0.5093,-1.3709,-1.3861,WebglFramebuffer,6,0,1,,,
50048.9,1790994217311,21:23:37.310,placed,true,533,27.5,48.130828,NORMAL,UNSPECIFIED,-0.4568,1.9635,0.2411,0.3216,0.0215,0.0278,-0.9462,64.5775,0.5122,-0.4568,1.9635,0.2411,-0.3216,-0.0215,-0.0278,0.9462,64.5775,0.5122,0,1.0739,-0.1543,0.633,-1.6172,0,0.9988,0,-0.0482,1,261.1,358.2,false,,,,241,0.4132,19,3.1331,0.1034,,,0.6334,,,,,,8.911,100,0.0171,0,0.5122,0,0,0.01,99.9934,0,0,3.0898,1.5825,0,0,-1.0002,-0.02,0.99753,0.06641,-0.02289,0,-0.03871,0.79166,0.60974,0,0.05861,-0.60735,0.79227,0,0.5176,-1.37771,-1.39869,1,-0.1543,0.633,-1.6172,true,true,0.0556,0.3344,-1.5775,0.013,-0.2051,-0.2985,-0.0597,0.013,true,-0.1543,0.633,-1.6172,1.7523,269.8,87.8,1.7189,,,true,,,,,,,,,,,false,1,0,0,1.5775,0,0.0556,0.3344,-1.5775,0.5176,-1.3777,-1.3987,WebglFramebuffer,6,0,1,,,
50109.3,1790994217371,21:23:37.370,placed,true,534,33.8,48.36117,NORMAL,UNSPECIFIED,-0.4778,1.9839,0.2276,0.3184,0.0152,0.0263,-0.9475,64.5775,0.5122,-0.4778,1.9839,0.2276,-0.3184,-0.0152,-0.0263,0.9475,64.5775,0.5122,0,0,-0.1543,0.633,-1.6172,0,0.9988,0,-0.0482,1,274,368.7,false,,,,240,0.414,17,3.125,0.1431,,,0.6334,,,,,,9.6783,66.6,0.0322,0,0.5122,0,0,0.01,99.9934,0,0,3.0898,1.5825,0,0,-1.0002,-0.02,0.99815,0.05953,-0.01214,0,-0.04012,0.7959,0.60409,0,0.04562,-0.60249,0.79682,0,0.54617,-1.41342,-1.38567,1,-0.1543,0.633,-1.6172,true,true,0.0556,0.3344,-1.5775,0.013,-0.2051,-0.2985,-0.0597,0.013,true,-0.1543,0.633,-1.6172,1.7523,286.3,101.2,1.7237,,,true,,,,,,,,,,,false,1,0,0,1.5775,0,0.0556,0.3344,-1.5775,0.5462,-1.4134,-1.3857,WebglFramebuffer,6,0,1,,,MARCA 3
50236.3,1790994217498,21:23:37.497,placed,true,535,83.9,48.415439,NORMAL,UNSPECIFIED,-0.4645,1.9684,0.2201,0.3239,0.0195,0.0259,-0.9455,64.5775,0.5122,-0.4645,1.9684,0.2201,-0.3239,-0.0195,-0.0259,0.9455,64.5775,0.5122,0,1.3312,-0.1543,0.633,-1.6172,0,0.9988,0,-0.0482,1,265.5,359.6,false,,,,240,0.414,17,3.1192,0.1034,,,0.6334,,,,,,9.4972,66.6,0.0218,0,0.5122,0,0,0.01,99.9934,0,0,3.0898,1.5825,0,0,-1.0002,-0.02,0.9979,0.06157,-0.02018,0,-0.03626,0.78879,0.6136,0,0.0537,-0.61158,0.78936,0,0.52309,-1.38938,-1.39093,1,-0.1543,0.633,-1.6172,true,true,0.0556,0.3344,-1.5775,0.013,-0.2051,-0.2985,-0.0597,0.013,true,-0.1543,0.633,-1.6172,1.7523,276.8,87.7,1.7008,,,true,,,,,,,,,,,false,1,0,0,1.5775,0,0.0556,0.3344,-1.5775,0.5231,-1.3894,-1.3909,WebglFramebuffer,6,0,1,,,
50315.6,1790994217577,21:23:37.577,placed,true,536,48.3,48.492274,NORMAL,UNSPECIFIED,-0.447,1.9495,0.2211,0.3207,0.0184,0.0272,-0.9466,64.5775,0.5122,-0.447,1.9495,0.2211,-0.3207,-0.0184,-0.0272,0.9466,64.5775,0.5122,0,0.7523,-0.1543,0.633,-1.6172,0,0.9988,0,-0.0482,1,262.9,359.6,false,,,,239,0.4149,17,3.1087,0.1034,,,0.6334,,,,,,9.807,100,0.0258,0,0.5122,0,0,0.01,99.9934,0,0,3.0898,1.5825,0,0,-1.0002,-0.02,0.99785,0.06326,-0.01733,0,-0.0397,0.79281,0.60817,0,0.05222,-0.60618,0.79361,0,0.5119,-1.3833,-1.36881,1,-0.1543,0.633,-1.6172,true,true,0.0556,0.3344,-1.5775,0.013,-0.2051,-0.2985,-0.0597,0.013,true,-0.1543,0.633,-1.6172,1.7523,272,85.4,1.6945,,,true,,,,,,,,,,,false,1,0,0,1.5775,0,0.0556,0.3344,-1.5775,0.5119,-1.3833,-1.3688,WebglFramebuffer,6,0,1,,,
50600.1,1790994217701,21:23:37.700,placed,true,537,89.6,48.607126,NORMAL,UNSPECIFIED,-0.4426,1.9421,0.2255,0.3194,0.0194,0.0287,-0.947,64.5775,0.5122,-0.4426,1.9421,0.2255,-0.3194,-0.0194,-0.0287,0.947,64.5775,0.5122,0,0,-0.1543,0.633,-1.6172,0,0.9988,0,-0.0482,1,261,358.8,false,,,,240,0.4132,18,3.108,0.1431,,,0.6334,,,,,,9.6373,83.3,0.0096,0,0.5122,0,0,0.01,99.9934,0,0,3.0898,1.5825,0,0,-1.0002,-0.02,0.9976,0.06676,-0.01842,0,-0.04196,0.7943,0.60607,0,0.05509,-0.60384,0.7952,0,0.51064,-1.37693,-1.36456,1,-0.1543,0.633,-1.6172,true,true,0.0556,0.3344,-1.5775,0.013,-0.2051,-0.2985,-0.0597,0.013,true,-0.1543,0.633,-1.6172,1.7523,268.5,84.1,1.6959,81,255/0/255,true,,,,,,,,,,,false,1,0,0,1.5775,0,0.0556,0.3344,-1.5775,0.5106,-1.3769,-1.3646,WebglFramebuffer,6,0,1,,,
50688.9,1790994217951,21:23:37.950,placed,true,538,53.5,48.689523,NORMAL,UNSPECIFIED,-0.4558,1.9452,0.225,0.3205,0.0232,0.0271,-0.9466,64.5775,0.5122,-0.4558,1.9452,0.225,-0.3205,-0.0232,-0.0271,0.9466,64.5775,0.5122,0,0,-0.1543,0.633,-1.6172,0,0.9988,0,-0.0482,1,259.4,358.1,false,,,,239,0.4143,20,3.1574,0.1034,,,0.6334,,,,,,9.0737,100,0.0136,0,0.5122,0,0,0.01,99.9934,0,0,3.0898,1.5825,0,0,-1.0002,-0.02,0.99745,0.06622,-0.02657,0,-0.03645,0.79311,0.60799,0,0.06133,-0.60547,0.7935,0,0.51179,-1.37633,-1.37332,1,-0.1543,0.633,-1.6172,true,true,0.0556,0.3344,-1.5775,0.013,-0.2051,-0.2985,-0.0597,0.013,true,-0.1543,0.633,-1.6172,1.7523,268.4,83.9,1.6977,,,true,,,,,,,,,,,false,1,0,0,1.5775,0,0.0556,0.3344,-1.5775,0.5118,-1.3763,-1.3733,WebglFramebuffer,6,0,1,,,
50775.9,1790994218038,21:23:38.037,placed,true,539,52.6,48.975332,NORMAL,UNSPECIFIED,-0.4382,1.9505,0.2231,0.3199,0.0206,0.0252,-0.9469,64.5775,0.5122,-0.4382,1.9505,0.2231,-0.3199,-0.0206,-0.0252,0.9469,64.5775,0.5122,0,0,-0.1543,0.633,-1.6172,0,0.9988,0,-0.0482,1,257.2,361,false,,,,239,0.414,20,3.1578,0.1034,,,0.6334,,,,,,9.3145,83.4,0.0185,0,0.5122,0,0,0.01,99.9934,0,0,3.0898,1.5825,0,0,-1.0002,-0.02,0.99788,0.06098,-0.02283,0,-0.03465,0.79407,0.60683,0,0.05513,-0.60476,0.7945,0,0.49256,-1.3872,-1.37092,1,-0.1543,0.633,-1.6172,true,true,0.0556,0.3344,-1.5775,0.013,-0.2051,-0.2985,-0.0597,0.013,true,-0.1543,0.633,-1.6172,1.7523,266,87.6,1.6993,,,true,,,,,,,,,,,false,1,0,0,1.5775,0,0.0556,0.3344,-1.5775,0.4926,-1.3872,-1.3709,WebglFramebuffer,6,0,1,,,
50864.2,1790994218126,21:23:38.125,placed,true,540,54.7,49.063061,NORMAL,UNSPECIFIED,-0.4341,1.9394,0.2198,0.3132,0.022,0.0269,-0.9491,64.5775,0.5122,-0.4341,1.9394,0.2198,-0.3132,-0.022,-0.0269,0.9491,64.5775,0.5122,0,0,-0.1543,0.633,-1.6172,0,0.9988,0,-0.0482,1,255.5,367.4,false,,,,240,0.4123,22,3.1018,0.1431,,,0.6334,,,,,,9.5181,99.9,0.0123,0,0.5122,0,0,0.01,99.9934,0,0,3.0898,1.5825,0,0,-1.0002,-0.02,0.99758,0.06495,-0.02495,0,-0.03735,0.80241,0.5956,0,0.0587,-0.59323,0.80289,0,0.49263,-1.39759,-1.34241,1,-0.1543,0.633,-1.6172,true,true,0.0556,0.3344,-1.5775,0.013,-0.2051,-0.2985,-0.0597,0.013,true,-0.1543,0.633,-1.6172,1.7523,262.4,93.9,1.7016,,,true,,,,,,,,,,,false,1,0,0,1.5775,0,0.0556,0.3344,-1.5775,0.4926,-1.3976,-1.3424,WebglFramebuffer,6,0,1,,,
51048.8,1790994218310,21:23:38.310,placed,true,541,152.4,49.149078,NORMAL,UNSPECIFIED,-0.4251,1.9342,0.2199,0.3104,0.0233,0.0297,-0.9499,64.5775,0.5122,-0.4251,1.9342,0.2199,-0.3104,-0.0233,-0.0297,0.9499,64.5775,0.5122,0,0,-0.1543,0.633,-1.6172,0,0.9988,0,-0.0482,1,252.7,369.6,false,,,,239,0.4114,22,3.0988,0.1431,,,0.6334,,,,,,9.1077,83.3,0.0104,0,0.5122,0,0,0.01,99.9934,0,0,3.0898,1.5825,0,0,-1.0002,-0.02,0.99716,0.07082,-0.02579,0,-0.04193,0.80556,0.59103,0,0.06263,-0.58827,0.80624,0,0.49126,-1.39864,-1.33141,1,-0.1543,0.633,-1.6172,true,true,0.0556,0.3344,-1.5775,0.013,-0.2051,-0.2985,-0.0597,0.013,true,-0.1543,0.633,-1.6172,1.7523,257,96,1.7031,,,true,,,,,,,,,,,false,1,0,0,1.5775,0,0.0556,0.3344,-1.5775,0.4913,-1.3986,-1.3314,WebglFramebuffer,6,0,1,,,
51324.1,1790994218392,21:23:38.392,placed,true,542,55,49.237871,NORMAL,UNSPECIFIED,-0.4149,1.9221,0.2075,0.3094,0.0264,0.0299,-0.9501,64.5775,0.5122,-0.4149,1.9221,0.2075,-0.3094,-0.0264,-0.0299,0.9501,64.5775,0.5122,0,0,-0.1543,0.633,-1.6172,0,0.9988,0,-0.0482,1,246.9,370.2,false,,,,239,0.412,24,3.126,0.1034,,,0.6334,,,,,,9.4224,100,0.0201,0,0.5122,0,0,0.01,99.9934,0,0,3.0898,1.5825,0,0,-1.0002,-0.02,0.99682,0.07311,-0.03165,0,-0.04046,0.8068,0.58944,0,0.06863,-0.58629,0.80719,0,0.47712,-1.39876,-1.31358,1,-0.1543,0.633,-1.6172,true,true,0.0556,0.3344,-1.5775,0.013,-0.2051,-0.2985,-0.0597,0.013,true,-0.1543,0.633,-1.6172,1.7523,249.8,94.1,1.6884,81,255/0/255,true,,,,,,,,,,,false,1,0,0,1.5775,0,0.0556,0.3344,-1.5775,0.4771,-1.3988,-1.3136,WebglFramebuffer,7,0,1,,,
51411.6,1790994218673,21:23:38.673,placed,true,543,35.2,49.415165,NORMAL,UNSPECIFIED,-0.4212,1.9276,0.2062,0.3103,0.032,0.0271,-0.9497,64.5775,0.5122,-0.4212,1.9276,0.2062,-0.3103,-0.032,-0.0271,0.9497,64.5775,0.5122,0,0.8169,-0.1543,0.633,-1.6172,0,0.9988,0,-0.0482,1,241.1,370.7,false,,,,366,0.4255,38,3.1595,0.0418,,,0.6334,,,,,,8.8358,100,0.0084,0,0.5122,0,0,0.01,99.9934,0,0,3.0898,1.5825,0,0,-1.0002,-0.02,0.99648,0.07143,-0.04394,0,-0.03171,0.80593,0.59116,0,0.07764,-0.58768,0.80536,0,0.46483,-1.40223,-1.32403,1,-0.1543,0.633,-1.6172,true,true,0.0556,0.3344,-1.5775,0.013,-0.2051,-0.2985,-0.0597,0.013,true,-0.1543,0.633,-1.6172,1.7523,245.1,95.4,1.6913,,,true,,,,,,,,,,,false,1,0,0,1.5775,0,0.0556,0.3344,-1.5775,0.4648,-1.4022,-1.324,WebglFramebuffer,7,0,1,,,
51494,1790994218756,21:23:38.755,placed,true,544,34.5,49.71675,NORMAL,UNSPECIFIED,-0.428,1.9139,0.1879,0.3098,0.0357,0.0281,-0.9497,64.5775,0.5122,-0.428,1.9139,0.1879,-0.3098,-0.0357,-0.0281,0.9497,64.5775,0.5122,0,0.8842,-0.1543,0.633,-1.6172,0,0.9988,0,-0.0482,1,239.8,370.9,false,,,,362,0.4281,35,3.1902,0.0226,,,0.6334,,,,,,9.1673,83.4,0.0238,0,0.5122,0,0,0.01,99.9934,0,0,3.0898,1.5825,0,0,-1.0002,-0.02,0.99588,0.07549,-0.05031,0,-0.03131,0.80648,0.59043,0,0.08514,-0.58642,0.80552,0,0.47018,-1.40103,-1.30297,1,-0.1543,0.633,-1.6172,true,true,0.0556,0.3344,-1.5775,0.013,-0.2051,-0.2985,-0.0597,0.013,true,-0.1543,0.633,-1.6172,1.7523,243.5,92.1,1.6707,,,true,,,,,,,,,,,false,1,0,0,1.5775,0,0.0556,0.3344,-1.5775,0.4702,-1.401,-1.303,WebglFramebuffer,7,0,1,,,
51656.1,1790994218918,21:23:38.917,placed,true,545,128.8,49.799588,NORMAL,UNSPECIFIED,-0.4419,1.874,0.1417,0.3073,0.0377,0.0348,-0.9502,64.5775,0.5122,-0.4419,1.874,0.1417,-0.3073,-0.0377,-0.0348,0.9502,64.5775,0.5122,0,1.1946,-0.1543,0.633,-1.6172,0,0.9988,0,-0.0482,1,245.7,371,false,,,,366,0.4262,37,3.0647,0.0418,,,0.6334,,,,,,8.8667,83.2,0.0627,0,0.5122,0,0,0.01,99.9934,0,0,3.0898,1.5825,0,0,-1.0002,-0.02,0.99473,0.08939,-0.05023,0,-0.04306,0.80873,0.5866,0,0.09306,-0.58134,0.80832,0,0.50708,-1.39372,-1.23599,1,-0.1543,0.633,-1.6172,true,true,0.0556,0.3344,-1.5775,0.013,-0.2051,-0.2985,-0.0597,0.013,true,-0.1543,0.633,-1.6172,1.7523,247.3,81.7,1.6142,,,true,,,,,,,,,,,false,1,0,0,1.5775,0,0.0556,0.3344,-1.5775,0.5071,-1.3937,-1.236,WebglFramebuffer,7,0,1,,,
51730.3,1790994218992,21:23:38.991,placed,true,546,46.9,49.867133,NORMAL,UNSPECIFIED,-0.4314,1.8393,0.1289,0.3055,0.0383,0.036,-0.9507,64.5775,0.5122,-0.4314,1.8393,0.1289,-0.3055,-0.0383,-0.036,0.9507,64.5775,0.5122,0,1.4162,-0.1543,0.633,-1.6172,0,0.9988,0,-0.0482,1,243.1,367.3,false,,,,369,0.4233,34,3.1156,0.0364,,,0.6334,,,,,,9.3296,100,0.0385,0,0.5122,0,0,0.01,99.9934,0,0,3.0898,1.5825,0,0,-1.0002,-0.02,0.99447,0.09187,-0.05082,0,-0.04507,0.81076,0.58364,0,0.09482,-0.57812,0.81042,0,0.49966,-1.37707,-1.19985,1,-0.1543,0.633,-1.6172,true,true,0.0556,0.3344,-1.5775,0.013,-0.2051,-0.2985,-0.0597,0.013,true,-0.1543,0.633,-1.6172,1.7523,243.1,70.9,1.5861,,,true,,,,,,,,,,,false,1,0,0,1.5775,0,0.0556,0.3344,-1.5775,0.4997,-1.3771,-1.1998,WebglFramebuffer,7,0,1,,,
52087,1790994219186,21:23:39.185,placed,true,547,162.6,50.023449,NORMAL,UNSPECIFIED,-0.4166,1.7984,0.1144,0.3042,0.0404,0.0364,-0.9511,64.5775,0.5122,-0.4166,1.7984,0.1144,-0.3042,-0.0404,-0.0364,0.951,64.5775,0.5122,0,0.4899,-0.1543,0.633,-1.6172,0,0.9988,0,-0.0482,1,237.3,361.8,false,,,,372,0.4226,31,2.9902,0.0543,,,0.6334,,,,,,8.9129,83.3,0.0458,0,0.5122,0,0,0.01,99.9934,0,0,3.0898,1.5825,0,0,-1.0002,-0.02,0.99409,0.09379,-0.05473,0,-0.04461,0.81226,0.58159,0,0.099,-0.57571,0.81164,0,0.48309,-1.35583,-1.16155,1,-0.1543,0.633,-1.6172,true,true,0.0556,0.3344,-1.5775,0.013,-0.2051,-0.2985,-0.0597,0.013,true,-0.1543,0.633,-1.6172,1.7523,235.3,56.5,1.5523,81,255/0/255,true,,,,,,,,,,,false,1,0,0,1.5775,0,0.0556,0.3344,-1.5775,0.4831,-1.3558,-1.1615,WebglFramebuffer,7,0,1,,,
52143.8,1790994219405,21:23:39.405,placed,true,548,29.3,50.10129,NORMAL,UNSPECIFIED,-0.4019,1.7109,0.1019,0.307,0.0402,0.036,-0.9502,64.5775,0.5122,-0.4019,1.7109,0.1019,-0.307,-0.0402,-0.036,0.9502,64.5775,0.5122,0,0,-0.1543,0.633,-1.6172,0,0.9988,0,-0.0482,1,233.3,339,false,,,,380,0.4202,29,2.9348,0.0364,,,0.6334,,,,,,8.4767,100,0.0896,0,0.5122,0,0,0.01,99.9934,0,0,3.0898,1.5825,0,0,-1.0002,-0.02,0.99417,0.09311,-0.05436,0,-0.0437,0.8089,0.58632,0,0.09857,-0.58053,0.80825,0,0.46425,-1.28736,-1.1074,1,-0.1543,0.633,-1.6172,true,true,0.0556,0.3344,-1.5775,0.013,-0.2051,-0.2985,-0.0597,0.013,true,-0.1543,0.633,-1.6172,1.7523,230.2,12.7,1.4853,,,true,,,,,,,,,,,false,1,0,0,1.5775,0,0.0556,0.3344,-1.5775,0.4642,-1.2874,-1.1074,WebglFramebuffer,7,0,1,,,
52234.4,1790994219496,21:23:39.496,placed,true,549,34.1,50.454734,NORMAL,UNSPECIFIED,-0.4286,1.7027,0.0746,0.3145,0.0436,0.0346,-0.9476,64.5775,0.5122,-0.4286,1.7027,0.0746,-0.3145,-0.0436,-0.0346,0.9476,64.5775,0.5122,0,1.0976,-0.1543,0.633,-1.6172,0,0.9988,0,-0.0482,1,237.7,331.1,false,,,,224,0.4399,12,2.8963,0.1768,,,0.6334,,,,,,8.7304,66.6,0.0391,0,0.5122,0,0,0.01,99.9934,0,0,3.0898,1.5825,0,0,-1.0002,-0.02,0.99381,0.09298,-0.06087,0,-0.03814,0.79979,0.59907,0,0.10439,-0.59303,0.79838,0,0.48306,-1.27771,-1.10565,1,-0.1543,0.633,-1.6172,true,true,0.0556,0.3344,-1.5775,0.013,-0.2051,-0.2985,-0.0597,0.013,true,-0.1543,0.633,-1.6172,1.7523,238.7,-3.7,1.4466,,,true,,,,,,,,,,,false,1,0,0,1.5775,0,0.0556,0.3344,-1.5775,0.4831,-1.2777,-1.1057,WebglFramebuffer,7,0,1,,,
52341.4,1790994219603,21:23:39.603,placed,true,550,83,50.540267,NORMAL,UNSPECIFIED,-0.4723,1.5945,-0.0074,0.3139,0.0491,0.0364,-0.9475,64.5775,0.5122,-0.4723,1.5945,-0.0074,-0.3139,-0.0491,-0.0364,0.9475,64.5775,0.5122,0,0,-0.1543,0.633,-1.6172,0,0.9988,0,-0.0482,1,249.8,314.5,false,,,,225,0.4436,5,2.7704,-0.0006,,,0.6334,,,,,,8.7928,83.4,0.1426,0,0.5122,0,0,0.01,99.9934,0,0,3.0898,1.5825,0,0,-1.0002,-0.02,0.99253,0.09981,-0.07021,0,-0.03815,0.80034,0.59834,0,0.11591,-0.59119,0.79816,0,0.53047,-1.23339,-0.9813,1,-0.1543,0.633,-1.6172,true,true,0.0556,0.3344,-1.5775,0.013,-0.2051,-0.2985,-0.0597,0.013,true,-0.1543,0.633,-1.6172,1.7523,256,-59.3,1.3216,,,true,,,,,,,,,,,false,1,0,0,1.5775,0,0.0556,0.3344,-1.5775,0.5305,-1.2334,-0.9813,WebglFramebuffer,5,0,1,,,
52490.1,1790994219752,21:23:39.751,placed,true,551,115.7,50.598873,NORMAL,UNSPECIFIED,-0.4446,1.5595,0.0287,0.3074,0.0442,0.0334,-0.95,64.5775,0.5122,-0.4446,1.5595,0.0287,-0.3074,-0.0442,-0.0334,0.95,64.5775,0.5122,0,0,-0.1543,0.633,-1.6172,0,0.9988,0,-0.0482,1,244.5,308.6,false,,,,220,0.4494,4,2.8763,-0.0006,,,0.6334,,,,,,8.586,99.9,0.0574,0,0.5122,0,0,0.01,99.9934,0,0,3.0898,1.5825,0,0,-1.0002,-0.02,0.99385,0.0907,-0.06349,0,-0.03632,0.80883,0.58691,0,0.10459,-0.581,0.80716,0,0.49552,-1.20437,-0.96665,1,-0.1543,0.633,-1.6172,true,true,0.0556,0.3344,-1.5775,0.013,-0.2051,-0.2985,-0.0597,0.013,true,-0.1543,0.633,-1.6172,1.7523,248.9,-65.4,1.3405,,,true,,,,,,,,,,,false,1,0,0,1.5775,0,0.0556,0.3344,-1.5775,0.4955,-1.2044,-0.9667,WebglFramebuffer,5,0,1,,,
52567.1,1790994219829,21:23:39.828,placed,true,552,57.7,50.713851,NORMAL,UNSPECIFIED,-0.4223,1.5257,0.0267,0.3041,0.0414,0.0314,-0.9512,64.5775,0.5122,-0.4223,1.5257,0.0267,-0.3041,-0.0414,-0.0314,0.9512,64.5775,0.5122,0,1.0481,-0.1543,0.633,-1.6172,0,0.9988,0,-0.0482,1,240.6,304.4,false,,,,219,0.4535,4,2.8542,-0.0006,,,0.6334,,,,,,9.0261,100,0.0406,0,0.5122,0,0,0.01,99.9934,0,0,3.0898,1.5825,0,0,-1.0002,-0.02,0.99459,0.08496,-0.05973,0,-0.03456,0.8131,0.5811,0,0.09794,-0.57589,0.81164,0,0.47008,-1.18928,-0.93348,1,-0.1543,0.633,-1.6172,true,true,0.0556,0.3344,-1.5775,0.013,-0.2051,-0.2985,-0.0597,0.013,true,-0.1543,0.633,-1.6172,1.7523,244,-77.5,1.3243,,,true,,,,,,,,,,,false,1,0,0,1.5775,0,0.0556,0.3344,-1.5775,0.4701,-1.1893,-0.9335,WebglFramebuffer,5,0,1,,,
52713.9,1790994219976,21:23:39.975,placed,true,553,108.6,50.849228,NORMAL,UNSPECIFIED,-0.4205,1.4493,0.0208,0.3017,0.0452,0.0294,-0.9519,64.5775,0.5122,-0.4205,1.4493,0.0208,-0.3017,-0.0452,-0.0294,0.9519,64.5775,0.5122,0,0,-0.1543,0.633,-1.6172,0,0.9988,0,-0.0482,1,235.7,286.1,false,,,,219,0.4549,3,2.7055,-0.0429,,,0.6334,,,,,,8.8042,83.2,0.0766,0,0.5122,0,0,0.01,99.9934,0,0,3.0898,1.5825,0,0,-1.0002,-0.02,0.99418,0.0833,-0.0683,0,-0.02875,0.81621,0.57704,0,0.10381,-0.57172,0.81386,0,0.45755,-1.13607,-0.88193,1,-0.1543,0.633,-1.6172,true,true,0.0556,0.3344,-1.5775,0.013,-0.2051,-0.2985,-0.0597,0.013,true,-0.1543,0.633,-1.6172,1.7523,239.5,-117.4,1.2814,,,true,,,,,,,,,,,false,1,0,0,1.5775,0,0.0556,0.3344,-1.5775,0.4575,-1.1361,-0.8819,WebglFramebuffer,5,0,1,,,
52797.4,1790994220059,21:23:40.059,placed,true,554,58,50.944892,NORMAL,UNSPECIFIED,-0.4193,1.3556,0.0273,0.2981,0.048,0.0316,-0.9528,64.5775,0.5122,-0.4193,1.3556,0.0273,-0.2981,-0.048,-0.0316,0.9528,64.5775,0.5122,0,0.3966,-0.1543,0.633,-1.6172,0,0.9988,0,-0.0482,1,232.2,260.6,false,,,,213,0.4521,3,2.6604,-0.0429,,,0.6334,,,,,,9.1229,100,0.0939,0,0.5122,0,0,0.01,99.9934,0,0,3.0898,1.5825,0,0,-1.0002,-0.02,0.9934,0.08878,-0.07261,0,-0.03157,0.82033,0.57101,0,0.11026,-0.56495,0.81772,0,0.45633,-1.0594,-0.82688,1,-0.1543,0.633,-1.6172,true,true,0.0556,0.3344,-1.5775,0.013,-0.2051,-0.2985,-0.0597,0.013,true,-0.1543,0.633,-1.6172,1.7523,233.1,-168.4,1.2414,,,true,,,,,,,,,,,false,1,0,0,1.5775,0,0.0556,0.3344,-1.5775,0.4563,-1.0594,-0.8269,WebglFramebuffer,5,0,1,,,
52946.5,1790994220208,21:23:40.208,placed,true,555,106.2,51.078823,NORMAL,UNSPECIFIED,-0.4195,1.3033,0.0307,0.2961,0.049,0.0308,-0.9534,64.5775,0.5122,-0.4195,1.3033,0.0307,-0.2961,-0.049,-0.0308,0.9534,64.5775,0.5122,0,0.3071,-0.1543,0.633,-1.6172,0,0.9988,0,-0.0482,1,230.8,245.9,false,,,,225,0.4371,2,4.7799,-0.0429,,,0.6334,,,,,,8.8808,83.3,0.0524,0,0.5122,0,0,0.01,99.9934,0,0,3.0898,1.5825,0,0,-1.0002,-0.02,0.99329,0.08779,-0.07526,0,-0.02971,0.82278,0.56758,0,0.11175,-0.56153,0.81987,0,0.45203,-1.01831,-0.79646,1,-0.1543,0.633,-1.6172,true,true,0.0556,0.3344,-1.5775,0.013,-0.2051,-0.2985,-0.0597,0.013,true,-0.1543,0.633,-1.6172,1.7523,231.9,-198,1.2194,,,true,,,,,,,,,,,false,1,0,0,1.5775,0,0.0556,0.3344,-1.5775,0.452,-1.0183,-0.7965,WebglFramebuffer,5,0,1,,,
53026.3,1790994220288,21:23:40.287,placed,true,556,49.9,51.179863,NORMAL,UNSPECIFIED,-0.4162,1.2639,0.0242,0.2927,0.0463,0.0295,-0.9546,64.5775,0.5122,-0.4162,1.2639,0.0242,-0.2927,-0.0463,-0.0295,0.9546,64.5775,0.5122,0,1.1642,-0.1543,0.633,-1.6172,0,0.9988,0,-0.0482,1,233.4,238.2,false,,,,224,0.4365,1,4.7537,-1.1847,,,0.6334,,,,,,9.2474,100,0.0401,0,0.5122,0,0,0.01,99.9934,0,0,3.0898,1.5825,0,0,-1.0002,-0.02,0.99397,0.08343,-0.07115,0,-0.0292,0.82687,0.56164,0,0.10569,-0.55617,0.82432,0,0.44805,-0.99684,-0.7594,1,-0.1543,0.633,-1.6172,true,true,0.0556,0.3344,-1.5775,0.013,-0.2051,-0.2985,-0.0597,0.013,true,-0.1543,0.633,-1.6172,1.7523,235.8,-217.7,1.1995,,,true,,,,,,,,,,,false,1,0,0,1.5775,0,0.0556,0.3344,-1.5775,0.448,-0.9968,-0.7594,WebglFramebuffer,5,0,1,,,
53173.3,1790994220435,21:23:40.434,placed,true,557,106.9,51.31645,NORMAL,UNSPECIFIED,-0.421,1.2332,0.0182,0.2862,0.0494,0.0254,-0.9565,64.5775,0.5122,-0.421,1.2332,0.0182,-0.2862,-0.0494,-0.0254,0.9565,64.5775,0.5122,0,1.7135,-0.1543,0.633,-1.6172,0,0.9988,0,-0.0482,1,231.4,237.7,false,,,,224,0.4323,3,3.4062,-0.7786,,,0.6334,,,,,,9.003,83.3,0.0316,0,0.5122,0,0,0.01,99.9934,0,0,3.0898,1.5825,0,0,-1.0002,-0.02,0.99383,0.07686,-0.08001,0,-0.02027,0.83484,0.55011,0,0.10908,-0.54509,0.83125,0,0.44137,-0.98725,-0.72726,1,-0.1543,0.633,-1.6172,true,true,0.0556,0.3344,-1.5775,0.013,-0.2051,-0.2985,-0.0597,0.013,true,-0.1543,0.633,-1.6172,1.7523,236.9,-222.5,1.1953,,,true,,,,,,,,,,,false,1,0,0,1.5775,0,0.0556,0.3344,-1.5775,0.4414,-0.9872,-0.7273,WebglFramebuffer,5,0,1,,,
53259.2,1790994220521,21:23:40.520,placed,true,558,61.7,51.405928,NORMAL,UNSPECIFIED,-0.4121,1.1904,0.0247,0.2845,0.0513,0.0242,-0.957,64.5775,0.5122,-0.4121,1.1904,0.0247,-0.2845,-0.0513,-0.0242,0.957,64.5775,0.5122,0,0,-0.1543,0.633,-1.6172,0,0.9988,0,-0.0482,1,225.7,224.8,false,,,,223,0.4315,3,3.3859,-0.7786,,,0.6334,,,,,,9.2682,100,0.0442,0,0.5122,0,0,0.01,99.9934,0,0,3.0898,1.5825,0,0,-1.0002,-0.02,0.99356,0.07549,-0.0845,0,-0.01706,0.83691,0.54707,0,0.11202,-0.54211,0.83281,0,0.42702,-0.95174,-0.70657,1,-0.1543,0.633,-1.6172,true,true,0.0556,0.3344,-1.5775,0.013,-0.2051,-0.2985,-0.0597,0.013,true,-0.1543,0.633,-1.6172,1.7523,230.2,-247.2,1.1812,,,true,,,,,,,,,,,false,1,0,0,1.5775,0,0.0556,0.3344,-1.5775,0.427,-0.9517,-0.7066,WebglFramebuffer,5,0,1,,,
53409.3,1790994220671,21:23:40.670,placed,true,559,103.9,51.537472,NORMAL,UNSPECIFIED,-0.4008,1.1753,0.0231,0.2834,0.0513,0.0247,-0.9573,64.5775,0.5122,-0.4008,1.1753,0.0231,-0.2834,-0.0513,-0.0247,0.9573,64.5775,0.5122,0,0.7132,-0.1543,0.633,-1.6172,0,0.9988,0,-0.0482,1,221.8,221.3,false,,,,222,0.4313,3,3.3755,-0.7786,,,0.6334,,,,,,9.0071,99.9,0.0189,0,0.5122,0,0,0.01,99.9934,0,0,3.0898,1.5825,0,0,-1.0002,-0.02,0.99352,0.07635,-0.08424,0,-0.0182,0.8382,0.54506,0,0.11223,-0.53999,0.83415,0,0.41703,-0.94204,-0.6936,1,-0.1543,0.633,-1.6172,true,true,0.0556,0.3344,-1.5775,0.013,-0.2051,-0.2985,-0.0597,0.013,true,-0.1543,0.633,-1.6172,1.7523,224.1,-255.5,1.1736,,,true,,,,,,,,,,,false,1,0,0,1.5775,0,0.0556,0.3344,-1.5775,0.417,-0.942,-0.6936,WebglFramebuffer,5,0,1,,,
53502.7,1790994220764,21:23:40.764,placed,true,560,64.1,51.645761,NORMAL,UNSPECIFIED,-0.408,1.1182,0.0347,0.2749,0.0529,0.0257,-0.9597,64.5775,0.5122,-0.408,1.1182,0.0347,-0.2749,-0.0529,-0.0257,0.9597,64.5775,0.5122,0,0,-0.1543,0.633,-1.6172,0,0.9988,0,-0.0482,1,222.1,210.8,false,,,,220,0.4301,3,3.3526,-0.7786,,,0.6334,,,,,,9.1794,100,0.0587,0,0.5122,0,0,0.01,99.9934,0,0,3.0898,1.5825,0,0,-1.0002,-0.02,0.99309,0.07835,-0.08738,0,-0.0202,0.84753,0.53036,0,0.11561,-0.52493,0.84326,0,0.42377,-0.89752,-0.65792,1,-0.1543,0.633,-1.6172,true,true,0.0556,0.3344,-1.5775,0.013,-0.2051,-0.2985,-0.0597,0.013,true,-0.1543,0.633,-1.6172,1.7523,223.2,-272.5,1.1753,,,true,,,,,,,,,,,false,1,0,0,1.5775,0,0.0556,0.3344,-1.5775,0.4238,-0.8975,-0.6579,WebglFramebuffer,5,0,1,,,
53670.1,1790994220932,21:23:40.931,placed,true,561,143.6,51.778075,NORMAL,UNSPECIFIED,-0.4134,1.0735,0.0257,0.2658,0.0548,0.0215,-0.9622,64.5775,0.5122,-0.4134,1.0735,0.0257,-0.2658,-0.0548,-0.0215,0.9622,64.5775,0.5122,0,1.2152,-0.1543,0.633,-1.6172,0,0.9988,0,-0.0482,1,222.4,208.3,false,,,,219,0.431,2,4.6797,0.0927,,,0.6334,,,,,,8.8585,83.4,0.0459,0,0.5122,0,0,0.01,99.9934,0,0,3.0898,1.5825,0,0,-1.0002,-0.02,0.99307,0.07049,-0.094,0,-0.01225,0.85781,0.51382,0,0.11685,-0.50911,0.85273,0,0.42071,-0.87862,-0.61239,1,-0.1543,0.633,-1.6172,true,true,0.0556,0.3344,-1.5775,0.013,-0.2051,-0.2985,-0.0597,0.013,true,-0.1543,0.633,-1.6172,1.7523,227.1,-280.9,1.17,,,true,,,,,,,,,,,false,1,0,0,1.5775,0,0.0556,0.3344,-1.5775,0.4207,-0.8786,-0.6124,WebglFramebuffer,5,0,1,,,
53751.3,1790994221013,21:23:41.012,placed,true,562,58.8,51.866452,NORMAL,UNSPECIFIED,-0.4153,1.045,0.0502,0.2594,0.055,0.0195,-0.964,64.5775,0.5122,-0.4153,1.045,0.0502,-0.2594,-0.055,-0.0195,0.964,64.5775,0.5122,0,0.5224,-0.1543,0.633,-1.6172,0,0.9988,0,-0.0482,1,221.6,204.4,false,,,,220,0.4298,2,4.6875,0.0927,,,0.6334,,,,,,9.2041,100,0.0376,0,0.5122,0,0,0.01,99.9934,0,0,3.0898,1.5825,0,0,-1.0002,-0.02,0.99318,0.06621,-0.09598,0,-0.0091,0.86469,0.50223,0,0.11625,-0.49793,0.85939,0,0.41615,-0.85111,-0.60787,1,-0.1543,0.633,-1.6172,true,true,0.0556,0.3344,-1.5775,0.013,-0.2051,-0.2985,-0.0597,0.013,true,-0.1543,0.633,-1.6172,1.7523,227.2,-278.1,1.1942,,,true,,,,,,,,,,,false,1,0,0,1.5775,0,0.0556,0.3344,-1.5775,0.4162,-0.8511,-0.6079,WebglFramebuffer,5,0,1,,,
53907.7,1790994221169,21:23:41.169,placed,true,563,113.3,52.031614,NORMAL,UNSPECIFIED,-0.4052,1.0302,0.0516,0.2595,0.0533,0.0217,-0.964,64.5775,0.5122,-0.4052,1.0302,0.0516,-0.2595,-0.0533,-0.0217,0.964,64.5775,0.5122,0,1.1683,-0.1543,0.633,-1.6172,0,0.9988,0,-0.0482,1,220.1,198.5,false,,,,219,0.4322,2,4.6806,0.0927,,,0.6334,,,,,,8.9227,83.3,0.0181,0,0.5122,0,0,0.01,99.9934,0,0,3.0898,1.5825,0,0,-1.0002,-0.02,0.99339,0.06942,-0.09143,0,-0.01415,0.86442,0.50257,0,0.11392,-0.49796,0.85969,0,0.41118,-0.83667,-0.59914,1,-0.1543,0.633,-1.6172,true,true,0.0556,0.3344,-1.5775,0.013,-0.2051,-0.2985,-0.0597,0.013,true,-0.1543,0.633,-1.6172,1.7523,222.7,-289.6,1.1861,,,true,,,,,,,,,,,false,1,0,0,1.5775,0,0.0556,0.3344,-1.5775,0.4112,-0.8367,-0.5991,WebglFramebuffer,5,0,1,,,
53983.5,1790994221245,21:23:41.245,placed,true,564,56.1,52.134633,NORMAL,UNSPECIFIED,-0.412,1.0074,0.0687,0.262,0.0518,0.0265,-0.9633,64.5775,0.5122,-0.412,1.0074,0.0687,-0.262,-0.0518,-0.0265,0.9633,64.5775,0.5122,0,0.7876,-0.1543,0.633,-1.6172,0,0.9988,0,-0.0482,1,223.2,184.3,false,,,,218,0.4293,3,3.3199,-0.7786,,,0.6334,,,,,,9.3497,100,0.0293,0,0.5122,0,0,0.01,99.9934,0,0,3.0898,1.5825,0,0,-1.0002,-0.02,0.99324,0.07811,-0.0859,0,-0.02384,0.86132,0.5075,0,0.11363,-0.50202,0.85736,0,0.42544,-0.80101,-0.60555,1,-0.1543,0.633,-1.6172,true,true,0.0556,0.3344,-1.5775,0.013,-0.2051,-0.2985,-0.0597,0.013,true,-0.1543,0.633,-1.6172,1.7523,222.6,-310.5,1.1818,,,true,,,,,,,,,,,false,1,0,0,1.5775,0,0.0556,0.3344,-1.5775,0.4254,-0.801,-0.6055,WebglFramebuffer,5,0,1,,,
54127,1790994221389,21:23:41.388,placed,true,565,113.6,52.267634,NORMAL,UNSPECIFIED,-0.4021,0.9931,0.0555,0.2622,0.0498,0.0257,-0.9634,64.5775,0.5122,-0.4021,0.9931,0.0555,-0.2622,-0.0498,-0.0257,0.9634,64.5775,0.5122,0,0,-0.1543,0.633,-1.6172,0,0.9988,0,-0.0482,1,222.9,179.9,false,,,,218,0.4277,3,3.3008,-0.7786,,,0.6334,,,,,,9.1116,83.3,0.0218,0,0.5122,0,0,0.01,99.9934,0,0,3.0898,1.5825,0,0,-1.0002,-0.02,0.99372,0.07571,-0.08245,0,-0.02349,0.86121,0.50771,0,0.10945,-0.50258,0.85758,0,0.41683,-0.79696,-0.58495,1,-0.1543,0.633,-1.6172,true,true,0.0556,0.3344,-1.5775,0.013,-0.2051,-0.2985,-0.0597,0.013,true,-0.1543,0.633,-1.6172,1.7523,222.3,-325.1,1.1618,,,true,,,,,,,,,,,false,1,0,0,1.5775,0,0.0556,0.3344,-1.5775,0.4168,-0.797,-0.5849,WebglFramebuffer,5,0,1,,,
54210.5,1790994221472,21:23:41.472,placed,true,566,59,52.353718,NORMAL,UNSPECIFIED,-0.4098,0.9811,0.0679,0.2561,0.0516,0.0267,-0.9649,64.5775,0.5122,-0.4098,0.9811,0.0679,-0.2561,-0.0516,-0.0267,0.9649,64.5775,0.5122,0,0.3741,-0.1543,0.633,-1.6172,0,0.9988,0,-0.0482,1,222.8,182.6,false,,,,218,0.4257,3,3.3051,-0.7786,,,0.6334,,,,,,9.3995,100,0.0189,0,0.5122,0,0,0.01,99.9934,0,0,3.0898,1.5825,0,0,-1.0002,-0.02,0.99326,0.07797,-0.0858,0,-0.02516,0.8674,0.49698,0,0.11317,-0.49147,0.86351,0,0.42401,-0.7857,-0.58134,1,-0.1543,0.633,-1.6172,true,true,0.0556,0.3344,-1.5775,0.013,-0.2051,-0.2985,-0.0597,0.013,true,-0.1543,0.633,-1.6172,1.7523,221.1,-313.1,1.1841,,,true,,,,,,,,,,,false,1,0,0,1.5775,0,0.0556,0.3344,-1.5775,0.424,-0.7857,-0.5813,WebglFramebuffer,5,0,1,,,
54357.6,1790994221619,21:23:41.619,placed,true,567,122.2,52.490841,NORMAL,UNSPECIFIED,-0.3921,0.9829,0.059,0.2575,0.05,0.0262,-0.9646,64.5775,0.5122,-0.3921,0.9829,0.059,-0.2575,-0.05,-0.0262,0.9646,64.5775,0.5122,0,1.1925,-0.1543,0.633,-1.6172,0,0.9988,0,-0.0482,1,218.8,182.3,false,,,,218,0.4262,3,3.298,-0.7786,,,0.6334,,,,,,9.1389,83.3,0.0198,0,0.5122,0,0,0.01,99.9934,0,0,3.0898,1.5825,0,0,-1.0002,-0.02,0.99362,0.07639,-0.083,0,-0.02486,0.86599,0.49944,0,0.11003,-0.49419,0.86236,0,0.40755,-0.79204,-0.57428,1,-0.1543,0.633,-1.6172,true,true,0.0556,0.3344,-1.5775,0.013,-0.2051,-0.2985,-0.0597,0.013,true,-0.1543,0.633,-1.6172,1.7523,215.7,-318.5,1.1718,,,true,,,,,,,,,,,false,1,0,0,1.5775,0,0.0556,0.3344,-1.5775,0.4075,-0.792,-0.5743,WebglFramebuffer,5,0,1,,,
54442.2,1790994221704,21:23:41.703,placed,true,568,54.9,52.575184,NORMAL,UNSPECIFIED,-0.3988,0.9806,0.0736,0.2573,0.0522,0.0297,-0.9645,64.5775,0.5122,-0.3988,0.9806,0.0736,-0.2573,-0.0522,-0.0297,0.9645,64.5775,0.5122,0,0,-0.1543,0.633,-1.6172,0,0.9988,0,-0.0482,1,217.4,180.1,false,,,,218,0.4259,3,3.3093,-0.7786,,,0.6334,,,,,,9.4056,100,0.0163,0,0.5122,0,0,0.01,99.9934,0,0,3.0898,1.5825,0,0,-1.0002,-0.02,0.99279,0.08411,-0.08536,0,-0.0304,0.86578,0.4995,0,0.11592,-0.4933,0.8621,0,0.41725,-0.77909,-0.58732,1,-0.1543,0.633,-1.6172,true,true,0.0556,0.3344,-1.5775,0.013,-0.2051,-0.2985,-0.0597,0.013,true,-0.1543,0.633,-1.6172,1.7523,211.2,-316.4,1.1839,,,true,,,,,,,,,,,false,1,0,0,1.5775,0,0.0556,0.3344,-1.5775,0.4173,-0.7791,-0.5873,WebglFramebuffer,5,0,1,,,
54589.4,1790994221851,21:23:41.851,placed,true,569,125,52.727587,NORMAL,UNSPECIFIED,-0.4024,0.9758,0.0689,0.2578,0.053,0.0294,-0.9643,64.5775,0.5122,-0.4024,0.9758,0.0689,-0.2578,-0.053,-0.0294,0.9643,64.5775,0.5122,0,0,-0.1543,0.633,-1.6172,0,0.9988,0,-0.0482,1,218,178,false,,,,216,0.4242,3,3.3029,-0.7786,,,0.6334,,,,,,9.1449,83.4,0.0076,0,0.5122,0,0,0.01,99.9934,0,0,3.0898,1.5825,0,0,-1.0002,-0.02,0.99267,0.08397,-0.08697,0,-0.02937,0.8654,0.50023,0,0.11727,-0.494,0.86152,0,0.42009,-0.77668,-0.58247,1,-0.1543,0.633,-1.6172,true,true,0.0556,0.3344,-1.5775,0.013,-0.2051,-0.2985,-0.0597,0.013,true,-0.1543,0.633,-1.6172,1.7523,212.4,-322.2,1.1767,,,true,,,,,,,,,,,false,1,0,0,1.5775,0,0.0556,0.3344,-1.5775,0.4201,-0.7767,-0.5825,WebglFramebuffer,5,0,1,,,
54691.6,1790994221953,21:23:41.953,placed,true,570,73,52.804671,NORMAL,UNSPECIFIED,-0.3806,0.9784,0.0718,0.2559,0.0494,0.0307,-0.965,64.5775,0.5122,-0.3806,0.9784,0.0718,-0.2559,-0.0494,-0.0307,0.965,64.5775,0.5122,0,0,-0.1543,0.633,-1.6172,0,0.9988,0,-0.0482,1,214.4,181.6,false,,,,219,0.4241,3,3.3062,-0.7786,,,0.6334,,,,,,9.2108,100,0.0222,0,0.5122,0,0,0.01,99.9934,0,0,3.0898,1.5825,0,0,-1.0002,-0.02,0.99324,0.08456,-0.07956,0,-0.03402,0.86715,0.49688,0,0.11101,-0.49081,0.86417,0,0.40336,-0.781,-0.57849,1,-0.1543,0.633,-1.6172,true,true,0.0556,0.3344,-1.5775,0.013,-0.2051,-0.2985,-0.0597,0.013,true,-0.1543,0.633,-1.6172,1.7523,205.2,-314.7,1.1834,,,true,,,,,,,,,,,false,1,0,0,1.5775,0,0.0556,0.3344,-1.5775,0.4034,-0.781,-0.5785,WebglFramebuffer,5,0,1,,,
54811,1790994222073,21:23:42.072,placed,true,571,94.6,52.958275,NORMAL,UNSPECIFIED,-0.3797,0.9803,0.0752,0.2567,0.0478,0.0323,-0.9648,64.5775,0.5122,-0.3797,0.9803,0.0752,-0.2567,-0.0478,-0.0323,0.9648,64.5775,0.5122,0,0,-0.1543,0.633,-1.6172,0,0.9988,0,-0.0482,1,215.9,180.7,false,,,,219,0.4237,3,3.31,-0.7786,,,0.6334,,,,,,9.1258,100,0.004,0,0.5122,0,0,0.01,99.9934,0,0,3.0898,1.5825,0,0,-1.0002,-0.02,0.99336,0.08676,-0.0756,0,-0.03772,0.86612,0.49841,0,0.10872,-0.49224,0.86364,0,0.40601,-0.77911,-0.58224,1,-0.1543,0.633,-1.6172,true,true,0.0556,0.3344,-1.5775,0.013,-0.2051,-0.2985,-0.0597,0.013,true,-0.1543,0.633,-1.6172,1.7523,205.4,-315.2,1.1846,,,true,,,,,,,,,,,false,1,0,0,1.5775,0,0.0556,0.3344,-1.5775,0.406,-0.7791,-0.5822,WebglFramebuffer,5,0,1,,,
54962.5,1790994222224,21:23:42.224,placed,true,572,120,53.055946,NORMAL,UNSPECIFIED,-0.4014,1.0018,0.0844,0.2552,0.0481,0.0338,-0.9651,64.5775,0.5122,-0.4014,1.0018,0.0844,-0.2552,-0.0481,-0.0338,0.9651,64.5775,0.5122,0,0,-0.1543,0.633,-1.6172,0,0.9988,0,-0.0482,1,222.9,189.5,false,,,,219,0.4229,3,3.3298,-0.7786,,,0.6334,,,,,,8.8737,100,0.0318,0,0.5122,0,0,0.01,99.9934,0,0,3.0898,1.5825,0,0,-1.0002,-0.02,0.99309,0.08973,-0.07561,0,-0.04062,0.86743,0.4959,0,0.11008,-0.4894,0.86508,0,0.43001,-0.79165,-0.60015,1,-0.1543,0.633,-1.6172,true,true,0.0556,0.3344,-1.5775,0.013,-0.2051,-0.2985,-0.0597,0.013,true,-0.1543,0.633,-1.6172,1.7523,213.9,-293.4,1.2087,,,true,,,,,,,,,,,false,1,0,0,1.5775,0,0.0556,0.3344,-1.5775,0.43,-0.7916,-0.6001,WebglFramebuffer,5,0,1,,,
55044.2,1790994222306,21:23:42.305,placed,true,573,57.9,53.182969,NORMAL,UNSPECIFIED,-0.4042,1.0049,0.0728,0.2531,0.0472,0.0271,-0.9659,64.5775,0.5122,-0.4042,1.0049,0.0728,-0.2531,-0.0472,-0.0271,0.9659,64.5775,0.5122,0,0.6345,-0.1543,0.633,-1.6172,0,0.9988,0,-0.0482,1,226,195.3,false,,,,221,0.4208,3,3.3218,-0.7786,,,0.6334,,,,,,9.2074,100,0.0123,0,0.5122,0,0,0.01,99.9934,0,0,3.0898,1.5825,0,0,-1.0002,-0.02,0.99406,0.07635,-0.07754,0,-0.02852,0.87044,0.49144,0,0.10501,-0.48631,0.86745,0,0.42282,-0.8084,-0.58834,1,-0.1543,0.633,-1.6172,true,true,0.0556,0.3344,-1.5775,0.013,-0.2051,-0.2985,-0.0597,0.013,true,-0.1543,0.633,-1.6172,1.7523,223.9,-286.6,1.2075,,,true,,,,,,,,,,,false,1,0,0,1.5775,0,0.0556,0.3344,-1.5775,0.4228,-0.8084,-0.5883,WebglFramebuffer,5,0,1,,,
55197,1790994222459,21:23:42.458,placed,true,574,123.6,53.326312,NORMAL,UNSPECIFIED,-0.406,1.0287,0.0807,0.2459,0.0491,0.0225,-0.9678,64.5775,0.5122,-0.406,1.0287,0.0807,-0.2459,-0.0491,-0.0225,0.9678,64.5775,0.5122,0,0,-0.1543,0.633,-1.6172,0,0.9988,0,-0.0482,1,224.2,213.8,false,,,,223,0.4212,3,2.551,-0.0429,,,0.6334,,,,,,8.9415,83.3,0.0252,0,0.5122,0,0,0.01,99.9934,0,0,3.0898,1.5825,0,0,-1.0002,-0.02,0.99417,0.06765,-0.08398,0,-0.01936,0.87809,0.4781,0,0.10609,-0.47369,0.87428,0,0.41498,-0.83763,-0.59647,1,-0.1543,0.633,-1.6172,true,true,0.0556,0.3344,-1.5775,0.013,-0.2051,-0.2985,-0.0597,0.013,true,-0.1543,0.633,-1.6172,1.7523,225.4,-247.9,1.2466,,,true,,,,,,,,,,,false,1,0,0,1.5775,0,0.0556,0.3344,-1.5775,0.415,-0.8376,-0.5965,WebglFramebuffer,5,0,1,,,
55280.2,1790994222542,21:23:42.541,placed,true,575,55.8,53.415988,NORMAL,UNSPECIFIED,-0.4141,1.0736,0.0598,0.2464,0.0482,0.0214,-0.9677,64.5775,0.5122,-0.4141,1.0736,0.0598,-0.2464,-0.0482,-0.0214,0.9677,64.5775,0.5122,0,1.2817,-0.1543,0.633,-1.6172,0,0.9988,0,-0.0482,1,229.3,231,false,,,,223,0.4202,3,2.5521,-0.0429,,,0.6334,,,,,,9.2493,100,0.0502,0,0.5122,0,0,0.01,99.9934,0,0,3.0898,1.5825,0,0,-1.0002,-0.02,0.99443,0.06521,-0.08277,0,-0.01768,0.87766,0.47897,0,0.10387,-0.47484,0.87392,0,0.42462,-0.88683,-0.60073,1,-0.1543,0.633,-1.6172,true,true,0.0556,0.3344,-1.5775,0.013,-0.2051,-0.2985,-0.0597,0.013,true,-0.1543,0.633,-1.6172,1.7523,233,-223.5,1.2491,,,true,,,,,,,,,,,false,1,0,0,1.5775,0,0.0556,0.3344,-1.5775,0.4246,-0.8868,-0.6007,WebglFramebuffer,5,0,1,,,
55430.6,1790994222692,21:23:42.692,placed,true,576,122.2,53.563743,NORMAL,UNSPECIFIED,-0.4027,1.1193,0.0537,0.2499,0.0443,0.0219,-0.967,64.5775,0.5122,-0.4027,1.1193,0.0537,-0.2499,-0.0443,-0.0219,0.967,64.5775,0.5122,0,0.7043,-0.1543,0.633,-1.6172,0,0.9988,0,-0.0482,1,230.3,243.2,false,,,,223,0.4248,3,2.5661,-0.0429,,,0.6334,,,,,,8.9892,83.3,0.0475,0,0.5122,0,0,0.01,99.9934,0,0,3.0898,1.5825,0,0,-1.0002,-0.02,0.99511,0.06458,-0.07476,0,-0.02028,0.87417,0.4852,0,0.09669,-0.48131,0.8712,0,0.41828,-0.92654,-0.61999,1,-0.1543,0.633,-1.6172,true,true,0.0556,0.3344,-1.5775,0.013,-0.2051,-0.2985,-0.0597,0.013,true,-0.1543,0.633,-1.6172,1.7523,233.4,-203.7,1.2554,,,true,,,,,,,,,,,false,1,0,0,1.5775,0,0.0556,0.3344,-1.5775,0.4183,-0.9265,-0.62,WebglFramebuffer,5,0,1,,,
55506.7,1790994222768,21:23:42.768,placed,true,577,51.2,53.648477,NORMAL,UNSPECIFIED,-0.3878,1.1828,0.0883,0.2439,0.0428,0.0264,-0.9685,64.5775,0.5122,-0.3878,1.1828,0.0883,-0.2439,-0.0428,-0.0264,0.9685,64.5775,0.5122,0,0,-0.1543,0.633,-1.6172,0,0.9988,0,-0.0482,1,225.6,268.8,false,,,,227,0.4271,9,3.699,-0.4343,,,0.6334,,,,,,9.4061,100,0.0738,0,0.5122,0,0,0.01,99.9934,0,0,3.0898,1.5825,0,0,-1.0002,-0.02,0.99494,0.07201,-0.07007,0,-0.03024,0.87965,0.47467,0,0.09582,-0.47014,0.87737,0,0.41311,-0.97099,-0.66603,1,-0.1543,0.633,-1.6172,true,true,0.0556,0.3344,-1.5775,0.013,-0.2051,-0.2985,-0.0597,0.013,true,-0.1543,0.633,-1.6172,1.7523,222.5,-146.2,1.3287,,,true,,,,,,,,,,,false,1,0,0,1.5775,0,0.0556,0.3344,-1.5775,0.4131,-0.971,-0.666,WebglFramebuffer,5,0,1,,,
55661.1,1790994222923,21:23:42.922,placed,true,578,128.7,53.794752,NORMAL,UNSPECIFIED,-0.4034,1.2642,0.0757,0.2424,0.0437,0.0258,-0.9688,64.5775,0.5122,-0.4034,1.2642,0.0757,-0.2424,-0.0437,-0.0258,0.9688,64.5775,0.5122,0,1.5668,-0.1543,0.633,-1.6172,0,0.9988,0,-0.0482,1,230.6,298.3,false,,,,229,0.4305,11,3.2073,-0.2302,,,0.6334,,,,,,9.1127,66.6,0.0839,0,0.5122,0,0,0.01,99.9934,0,0,3.0898,1.5825,0,0,-1.0002,-0.02,0.99486,0.07111,-0.07209,0,-0.02878,0.88113,0.472,0,0.09709,-0.4675,0.87864,0,0.43038,-1.04985,-0.69233,1,-0.1543,0.633,-1.6172,true,true,0.0556,0.3344,-1.5775,0.013,-0.2051,-0.2985,-0.0597,0.013,true,-0.1543,0.633,-1.6172,1.7523,229.7,-97.7,1.3609,,,true,,,,,,,,,,,false,1,0,0,1.5775,0,0.0556,0.3344,-1.5775,0.4304,-1.0498,-0.6923,WebglFramebuffer,5,0,1,,,
55740.7,1790994223002,21:23:43.002,placed,true,579,54.3,53.872227,NORMAL,UNSPECIFIED,-0.4031,1.3975,0.0486,0.2482,0.0429,0.0265,-0.9674,64.5775,0.5122,-0.4031,1.3975,0.0486,-0.2482,-0.0429,-0.0265,0.9674,64.5775,0.5122,0,0,-0.1543,0.633,-1.6172,0,0.9988,0,-0.0482,1,232.7,335.7,false,,,,229,0.4317,15,2.8845,0.01,,,0.6334,,,,,,9.4578,100,0.136,0,0.5122,0,0,0.01,99.9934,0,0,3.0898,1.5825,0,0,-1.0002,-0.02,0.99492,0.07252,-0.06982,0,-0.02995,0.87538,0.48251,0,0.09611,-0.47797,0.8731,0,0.43823,-1.17088,-0.74483,1,-0.1543,0.633,-1.6172,true,true,0.0556,0.3344,-1.5775,0.013,-0.2051,-0.2985,-0.0597,0.013,true,-0.1543,0.633,-1.6172,1.7523,232.3,-38.6,1.3883,,,true,,,,,,,,,,,false,1,0,0,1.5775,0,0.0556,0.3344,-1.5775,0.4382,-1.1709,-0.7448,WebglFramebuffer,5,0,1,,,
55900.4,1790994223162,21:23:43.162,placed,true,580,131.1,54.026088,NORMAL,UNSPECIFIED,-0.3879,1.4378,0.0466,0.249,0.0407,0.0272,-0.9673,64.5775,0.5122,-0.3879,1.4378,0.0466,-0.249,-0.0407,-0.0272,0.9673,64.5775,0.5122,0,0,-0.1543,0.633,-1.6172,0,0.9988,0,-0.0482,1,230.7,347.2,false,,,,230,0.4345,11,2.9267,0.01,,,0.6334,,,,,,9.1378,83.4,0.0431,0,0.5122,0,0,0.01,99.9934,0,0,3.0898,1.5825,0,0,-1.0002,-0.02,0.9952,0.07294,-0.06521,0,-0.03238,0.87452,0.4839,0,0.09232,-0.47947,0.87269,0,0.42825,-1.20676,-0.76171,1,-0.1543,0.633,-1.6172,true,true,0.0556,0.3344,-1.5775,0.013,-0.2051,-0.2985,-0.0597,0.013,true,-0.1543,0.633,-1.6172,1.7523,228.6,-19.1,1.403,,,true,,,,,,,,,,,false,1,0,0,1.5775,0,0.0556,0.3344,-1.5775,0.4283,-1.2068,-0.7617,WebglFramebuffer,6,0,1,,,
55979.2,1790994223241,21:23:43.240,placed,true,581,55.8,54.109992,NORMAL,UNSPECIFIED,-0.3965,1.5276,0.0552,0.2522,0.0421,0.0306,-0.9663,64.5775,0.5122,-0.3965,1.5276,0.0552,-0.2522,-0.0421,-0.0306,0.9663,64.5775,0.5122,0,0,-0.1543,0.633,-1.6172,0,0.9988,0,-0.0482,1,232.3,367.1,false,,,,230,0.4392,15,3.3202,-0.032,,,0.6334,,,,,,9.4946,100,0.0906,0,0.5122,0,0,0.01,99.9934,0,0,3.0898,1.5825,0,0,-1.0002,-0.02,0.99457,0.08047,-0.06593,0,-0.03798,0.87089,0.49001,0,0.09685,-0.48485,0.86922,0,0.44705,-1.27166,-0.82267,1,-0.1543,0.633,-1.6172,true,true,0.0556,0.3344,-1.5775,0.013,-0.2051,-0.2985,-0.0597,0.013,true,-0.1543,0.633,-1.6172,1.7523,228.8,20,1.4487,,,true,,,,,,,,,,,false,1,0,0,1.5775,0,0.0556,0.3344,-1.5775,0.4471,-1.2717,-0.8227,WebglFramebuffer,6,0,1,,,
56288,1790994223395,21:23:43.395,placed,true,582,129.4,54.263301,NORMAL,UNSPECIFIED,-0.4016,1.5797,0.0487,0.2539,0.0437,0.0305,-0.9658,64.5775,0.5122,-0.4016,1.5797,0.0487,-0.2539,-0.0437,-0.0305,0.9658,64.5775,0.5122,0,0,-0.1543,0.633,-1.6172,0,0.9988,0,-0.0482,1,232.4,380.4,false,,,,227,0.4424,14,3.5815,0.01,,,0.6334,,,,,,9.192,83.4,0.0528,0,0.5122,0,0,0.01,99.9934,0,0,3.0898,1.5825,0,0,-1.0002,-0.02,0.99432,0.08119,-0.06886,0,-0.03683,0.8692,0.49308,0,0.09988,-0.48774,0.86725,0,0.45263,-1.31673,-0.84883,1,-0.1543,0.633,-1.6172,true,true,0.0556,0.3344,-1.5775,0.013,-0.2051,-0.2985,-0.0597,0.013,true,-0.1543,0.633,-1.6172,1.7523,229.4,42.2,1.4664,81,255/0/255,true,,,,,,,,,,,false,1,0,0,1.5775,0,0.0556,0.3344,-1.5775,0.4526,-1.3167,-0.8488,WebglFramebuffer,7,0,1,,,
56377.6,1790994223639,21:23:43.639,placed,true,583,54.2,54.344968,NORMAL,UNSPECIFIED,-0.4047,1.6892,0.0625,0.2548,0.0421,0.0258,-0.9657,64.5775,0.5122,-0.4047,1.6892,0.0625,-0.2548,-0.0421,-0.0258,0.9657,64.5775,0.5122,0,1.2804,-0.1543,0.633,-1.6172,0,0.9988,0,-0.0482,1,233.1,406.8,false,,,,224,0.4492,10,3.9257,-0.0575,,,0.6334,,,,,,8.683,100,0.1104,0,0.5122,0,0,0.01,99.9934,0,0,3.0898,1.5825,0,0,-1.0002,-0.02,0.99513,0.07131,-0.06807,0,-0.02844,0.86878,0.49438,0,0.0944,-0.49003,0.86658,0,0.44485,-1.4081,-0.91679,1,-0.1543,0.633,-1.6172,true,true,0.0556,0.3344,-1.5775,0.013,-0.2051,-0.2985,-0.0597,0.013,true,-0.1543,0.633,-1.6172,1.7523,233.6,91.1,1.5313,,,true,,,,,,,,,,,false,1,0,0,1.5775,0,0.0556,0.3344,-1.5775,0.4448,-1.4081,-0.9168,WebglFramebuffer,7,0,1,,,
56464.3,1790994223726,21:23:43.725,placed,true,584,60.9,54.662837,NORMAL,UNSPECIFIED,-0.4008,1.7378,0.069,0.2573,0.0407,0.0253,-0.9651,64.5775,0.5122,-0.4008,1.7378,0.069,-0.2573,-0.0407,-0.0253,0.9651,64.5775,0.5122,0,1.4686,-0.1543,0.633,-1.6172,0,0.9988,0,-0.0482,1,232.8,415.1,false,,,,225,0.4497,9,3.9574,-0.3068,,,0.6334,,,,,,8.9681,100,0.0491,0,0.5122,0,0,0.01,99.9934,0,0,3.0898,1.5825,0,0,-1.0002,-0.02,0.99541,0.06971,-0.06562,0,-0.02778,0.86628,0.49879,0,0.09161,-0.49468,0.86423,0,0.44087,-1.44331,-0.95271,1,-0.1543,0.633,-1.6172,true,true,0.0556,0.3344,-1.5775,0.013,-0.2051,-0.2985,-0.0597,0.013,true,-0.1543,0.633,-1.6172,1.7523,233.6,108.1,1.5569,,,true,,,,,,,,,,,false,1,0,0,1.5775,0,0.0556,0.3344,-1.5775,0.4409,-1.4433,-0.9527,WebglFramebuffer,7,0,1,,,
56575,1790994223837,21:23:43.836,placed,true,585,87.6,54.743611,NORMAL,UNSPECIFIED,-0.4094,1.8574,0.1236,0.2545,0.0354,0.032,-0.9659,64.5775,0.5122,-0.4094,1.8574,0.1236,-0.2545,-0.0354,-0.032,0.9659,64.5775,0.5122,0,0,-0.1543,0.633,-1.6172,0,0.9988,0,-0.0482,1,242,437.9,false,,,,223,0.4537,10,4.4014,-0.0575,,,0.6334,,,,,,8.9746,83.2,0.1318,0,0.5122,0,0,0.01,99.9934,0,0,3.0898,1.5825,0,0,-1.0002,-0.02,0.99545,0.07978,-0.05207,0,-0.04377,0.86844,0.49385,0,0.08462,-0.48933,0.86798,0,0.4784,-1.51991,-1.04591,1,-0.1543,0.633,-1.6172,true,true,0.0556,0.3344,-1.5775,0.013,-0.2051,-0.2985,-0.0597,0.013,true,-0.1543,0.633,-1.6172,1.7523,239.8,156.5,1.666,,,true,,,,,,,,,,,false,1,0,0,1.5775,0,0.0556,0.3344,-1.5775,0.4784,-1.5199,-1.0459,WebglFramebuffer,7,0,1,,,
56730.5,1790994223992,21:23:43.992,placed,true,586,126.1,54.826955,NORMAL,UNSPECIFIED,-0.4332,1.8521,0.1381,0.2435,0.0366,0.0286,-0.9688,64.5775,0.5122,-0.4332,1.8521,0.1381,-0.2435,-0.0366,-0.0286,0.9688,64.5775,0.5122,0,0,-0.1543,0.633,-1.6172,0,0.9988,0,-0.0482,1,246,448.2,false,,,,220,0.4581,9,4.4139,-0.095,,,0.6334,,,,,,8.7202,100,0.0284,0,0.5122,0,0,0.01,99.9934,0,0,3.0898,1.5825,0,0,-1.0002,-0.02,0.99569,0.07313,-0.05698,0,-0.03751,0.87981,0.47384,0,0.08478,-0.46966,0.87877,0,0.48911,-1.53293,-1.02367,1,-0.1543,0.633,-1.6172,true,true,0.0556,0.3344,-1.5775,0.013,-0.2051,-0.2985,-0.0597,0.013,true,-0.1543,0.633,-1.6172,1.7523,246.4,169.3,1.6919,,,true,,,,,,,,,,,false,1,0,0,1.5775,0,0.0556,0.3344,-1.5775,0.4891,-1.5329,-1.0237,WebglFramebuffer,7,0,1,,,
57039.5,1790994224071,21:23:44.070,placed,true,587,48.8,54.944444,NORMAL,UNSPECIFIED,-0.4444,1.8654,0.1555,0.2346,0.0376,0.0288,-0.9709,64.5775,0.5122,-0.4444,1.8654,0.1555,-0.2346,-0.0376,-0.0288,0.9709,64.5775,0.5122,0,1.383,-0.1543,0.633,-1.6172,0,0.9988,0,-0.0482,1,247.9,459.4,false,,,,219,0.4597,11,4.4362,-0.032,,,0.6334,,,,,,9.1189,100,0.0246,0,0.5122,0,0,0.01,99.9934,0,0,3.0898,1.5825,0,0,-1.0002,-0.02,0.99552,0.07356,-0.05941,0,-0.03832,0.88824,0.45778,0,0.08644,-0.45345,0.88708,0,0.50044,-1.55374,-1.01829,1,-0.1543,0.633,-1.6172,true,true,0.0556,0.3344,-1.5775,0.013,-0.2051,-0.2985,-0.0597,0.013,true,-0.1543,0.633,-1.6172,1.7523,248,185.3,1.7248,81,255/0/255,true,,,,,,,,,,,false,1,0,0,1.5775,0,0.0556,0.3344,-1.5775,0.5004,-1.5537,-1.0183,WebglFramebuffer,7,0,1,,,
57109.6,1790994224371,21:23:44.371,placed,true,588,49.2,55.100334,NORMAL,UNSPECIFIED,-0.4383,1.8992,0.1836,0.2213,0.0384,0.026,-0.9741,64.5775,0.5122,-0.4383,1.8992,0.1836,-0.2213,-0.0384,-0.026,0.9741,64.5775,0.5122,0,0.3602,-0.1543,0.633,-1.6172,0,0.9988,0,-0.0482,1,243.5,480.3,false,,,,209,0.4678,13,4.4758,0.0269,,,0.6334,,,,,,8.5399,100,0.0444,0,0.5122,0,0,0.01,99.9934,0,0,3.0898,1.5825,0,0,-1.0002,-0.02,0.9957,0.06757,-0.0633,0,-0.0336,0.90074,0.43307,0,0.08628,-0.42908,0.89914,0,0.48435,-1.60229,-1.01536,1,-0.1543,0.633,-1.6172,true,true,0.0556,0.3344,-1.5775,0.013,-0.2051,-0.2985,-0.0597,0.013,true,-0.1543,0.633,-1.6172,1.7523,243.6,214.4,1.7796,,,true,,,,,,,,,,,false,1,0,0,1.5775,0,0.0556,0.3344,-1.5775,0.4843,-1.6023,-1.0154,WebglFramebuffer,7,0,1,,,
57176.7,1790994224438,21:23:44.438,placed,true,589,43.3,55.400846,NORMAL,UNSPECIFIED,-0.4327,1.9371,0.2048,0.2165,0.0399,0.0278,-0.9751,64.5775,0.5122,-0.4327,1.9371,0.2048,-0.2165,-0.0399,-0.0278,0.9751,64.5775,0.5122,0,0,-0.1543,0.633,-1.6172,0,0.9988,0,-0.0482,1,240.6,491.5,false,,,,208,0.4696,13,4.3819,0.2254,,,0.6334,,,,,,9.1762,83.3,0.0437,0,0.5122,0,0,0.01,99.9934,0,0,3.0898,1.5825,0,0,-1.0002,-0.02,0.99527,0.0715,-0.06581,0,-0.03693,0.90469,0.42447,0,0.08988,-0.42003,0.90305,0,0.48379,-1.63554,-1.03562,1,-0.1543,0.633,-1.6172,true,true,0.0556,0.3344,-1.5775,0.013,-0.2051,-0.2985,-0.0597,0.013,true,-0.1543,0.633,-1.6172,1.7523,238.7,232.2,1.8193,,,true,,,,,,,,,,,false,1,0,0,1.5775,0,0.0556,0.3344,-1.5775,0.4838,-1.6355,-1.0356,WebglFramebuffer,7,0,1,,,
57325.1,1790994224587,21:23:44.586,placed,true,590,122.6,55.473498,NORMAL,UNSPECIFIED,-0.4834,1.9816,0.2365,0.2053,0.0479,0.0207,-0.9773,64.5775,0.5122,-0.4834,1.9816,0.2365,-0.2053,-0.0479,-0.0207,0.9773,64.5775,0.5122,0,0.6003,-0.1543,0.633,-1.6172,0,0.9988,0,-0.0482,1,240.9,510.6,false,,,,205,0.4719,17,4.3953,0.4478,,,0.6334,,,,,,8.9329,66.6,0.0746,0,0.5122,0,0,0.01,99.9934,0,0,3.0898,1.5825,0,0,-1.0002,-0.02,0.99455,0.06015,-0.08515,0,-0.02079,0.91481,0.40334,0,0.10216,-0.39937,0.91108,0,0.49782,-1.68923,-1.05592,1,-0.1543,0.633,-1.6172,true,true,0.0556,0.3344,-1.5775,0.013,-0.2051,-0.2985,-0.0597,0.013,true,-0.1543,0.633,-1.6172,1.7523,243.6,259.7,1.8828,,,true,,,,,,,,,,,false,1,0,0,1.5775,0,0.0556,0.3344,-1.5775,0.4978,-1.6892,-1.0559,WebglFramebuffer,7,0,1,,,
57408.8,1790994224670,21:23:44.670,placed,true,591,61.2,55.542625,NORMAL,UNSPECIFIED,-0.4993,1.9863,0.2402,0.2043,0.0481,0.0196,-0.9775,64.5775,0.5122,-0.4993,1.9863,0.2402,-0.2043,-0.0481,-0.0196,0.9775,64.5775,0.5122,0,1.2288,-0.1543,0.633,-1.6172,0,0.9988,0,-0.0482,1,244.3,512.3,false,,,,205,0.4723,17,4.4014,0.4478,,,0.6334,,,,,,9.2358,100,0.017,0,0.5122,0,0,0.01,99.9934,0,0,3.0898,1.5825,0,0,-1.0002,-0.02,0.99461,0.05791,-0.08598,0,-0.01863,0.91578,0.40126,0,0.10198,-0.39749,0.91192,0,0.50914,-1.69463,-1.05895,1,-0.1543,0.633,-1.6172,true,true,0.0556,0.3344,-1.5775,0.013,-0.2051,-0.2985,-0.0597,0.013,true,-0.1543,0.633,-1.6172,1.7523,248.2,262.3,1.8903,,,true,,,,,,,,,,,false,1,0,0,1.5775,0,0.0556,0.3344,-1.5775,0.5091,-1.6946,-1.0589,WebglFramebuffer,7,0,1,,,
57711.4,1790994224822,21:23:44.821,placed,true,592,104.6,55.687357,NORMAL,UNSPECIFIED,-0.5289,1.9851,0.2339,0.2014,0.0514,0.0193,-0.978,64.5775,0.5122,-0.5289,1.9851,0.2339,-0.2014,-0.0514,-0.0193,0.978,64.5775,0.5122,0,0,-0.1543,0.633,-1.6172,0,0.9988,0,-0.0482,1,248.7,516.1,false,,,,400,0.4638,29,4.3897,0.415,,,0.6334,,,,,,8.9727,83.3,0.0302,0,0.5122,0,0,0.01,99.9934,0,0,3.0898,1.5825,0,0,-1.0002,-0.02,0.99397,0.05844,-0.09276,0,-0.01704,0.91816,0.39585,0,0.10831,-0.39188,0.91362,0,0.53419,-1.70011,-1.04856,1,-0.1543,0.633,-1.6172,true,true,0.0556,0.3344,-1.5775,0.013,-0.2051,-0.2985,-0.0597,0.013,true,-0.1543,0.633,-1.6172,1.7523,253.8,265.8,1.8901,81,255/0/255,true,,,,,,,,,,,false,1,0,0,1.5775,0,0.0556,0.3344,-1.5775,0.5342,-1.7001,-1.0486,WebglFramebuffer,7,0,1,,,
57770.4,1790994225032,21:23:45.032,placed,true,593,30.1,55.795561,NORMAL,UNSPECIFIED,-0.5211,1.972,0.2657,0.1933,0.053,0.0248,-0.9794,64.5775,0.5122,-0.5211,1.972,0.2657,-0.1933,-0.053,-0.0248,0.9794,64.5775,0.5122,0,0,-0.1543,0.633,-1.6172,0,0.9988,0,-0.0482,1,246.6,517.8,false,,,,399,0.4635,30,4.3398,0.4659,,,0.6334,,,,,,8.5505,100,0.0353,0,0.5122,0,0,0.01,99.9934,0,0,3.0898,1.5825,0,0,-1.0002,-0.02,0.99314,0.0691,-0.09428,0,-0.0281,0.92405,0.38124,0,0.11346,-0.37598,0.91966,0,0.54282,-1.68627,-1.0453,1,-0.1543,0.633,-1.6172,true,true,0.0556,0.3344,-1.5775,0.013,-0.2051,-0.2985,-0.0597,0.013,true,-0.1543,0.633,-1.6172,1.7523,247.6,268.9,1.9193,,,true,,,,,,,,,,,false,1,0,0,1.5775,0,0.0556,0.3344,-1.5775,0.5428,-1.6863,-1.0453,WebglFramebuffer,7,0,1,,,
57836.5,1790994225098,21:23:45.098,placed,true,594,36.1,56.081181,NORMAL,UNSPECIFIED,-0.513,1.9662,0.2812,0.1885,0.0526,0.0276,-0.9803,64.5775,0.5122,-0.513,1.9662,0.2812,-0.1885,-0.0526,-0.0276,0.9803,64.5775,0.5122,0,0,-0.1543,0.633,-1.6172,0,0.9988,0,-0.0482,1,245.9,520,false,,,,399,0.4627,32,4.3723,0.4912,,,0.6334,,,,,,9.2106,50,0.0184,0,0.5122,0,0,0.01,99.9934,0,0,3.0898,1.5825,0,0,-1.0002,-0.02,0.99294,0.07399,-0.0927,0,-0.03433,0.9274,0.3725,0,0.11353,-0.36668,0.92339,0,0.54499,-1.68234,-1.03962,1,-0.1543,0.633,-1.6172,true,true,0.0556,0.3344,-1.5775,0.013,-0.2051,-0.2985,-0.0597,0.013,true,-0.1543,0.633,-1.6172,1.7523,244.8,271.8,1.9337,,,true,,,,,,,,,,,false,1,0,0,1.5775,0,0.0556,0.3344,-1.5775,0.545,-1.6823,-1.0396,WebglFramebuffer,7,0,1,,,
57975.6,1790994225237,21:23:45.237,placed,true,595,95.2,56.140147,NORMAL,UNSPECIFIED,-0.4952,1.9845,0.2779,0.1864,0.0504,0.0283,-0.9808,64.5775,0.5122,-0.4952,1.9845,0.2779,-0.1864,-0.0504,-0.0283,0.9808,64.5775,0.5122,0,0,-0.1543,0.633,-1.6172,0,0.9988,0,-0.0482,1,244.5,527.7,false,,,,395,0.4639,36,4.3737,0.4968,,,0.6334,,,,,,9.0084,66.7,0.0258,0,0.5122,0,0,0.01,99.9934,0,0,3.0898,1.5825,0,0,-1.0002,-0.02,0.99332,0.07434,-0.08822,0,-0.03679,0.9289,0.3685,0,0.10934,-0.36279,0.92543,0,0.5345,-1.7058,-1.03219,1,-0.1543,0.633,-1.6172,true,true,0.0556,0.3344,-1.5775,0.013,-0.2051,-0.2985,-0.0597,0.013,true,-0.1543,0.633,-1.6172,1.7523,242.3,280.6,1.9365,,,true,,,,,,,,,,,false,1,0,0,1.5775,0,0.0556,0.3344,-1.5775,0.5345,-1.7058,-1.0322,WebglFramebuffer,7,0,1,,,
58056.5,1790994225318,21:23:45.318,placed,true,596,57.1,56.220701,NORMAL,UNSPECIFIED,-0.4933,2.0018,0.2573,0.1889,0.0498,0.0269,-0.9804,64.5775,0.5122,-0.4933,2.0018,0.2573,-0.1889,-0.0498,-0.0269,0.9804,64.5775,0.5122,0,0,-0.1543,0.633,-1.6172,0,0.9988,0,-0.0482,1,244.7,531.9,false,,,,393,0.4635,36,4.3595,0.4968,,,0.6334,,,,,,9.3437,100,0.027,0,0.5122,0,0,0.01,99.9934,0,0,3.0898,1.5825,0,0,-1.0002,-0.02,0.99359,0.07151,-0.08753,0,-0.03387,0.92721,0.373,0,0.10783,-0.36765,0.92369,0,0.53019,-1.72624,-1.02752,1,-0.1543,0.633,-1.6172,true,true,0.0556,0.3344,-1.5775,0.013,-0.2051,-0.2985,-0.0597,0.013,true,-0.1543,0.633,-1.6172,1.7523,243.5,284.5,1.922,,,true,,,,,,,,,,,false,1,0,0,1.5775,0,0.0556,0.3344,-1.5775,0.5302,-1.7262,-1.0275,WebglFramebuffer,7,0,1,,,
58358.4,1790994225479,21:23:45.478,placed,true,597,127.9,56.34022,NORMAL,UNSPECIFIED,-0.5061,2.0011,0.2477,0.189,0.0506,0.0243,-0.9804,64.5775,0.5122,-0.5061,2.0011,0.2477,-0.189,-0.0506,-0.0243,0.9804,64.5775,0.5122,0,0,-0.1543,0.633,-1.6172,0,0.9988,0,-0.0482,1,246.4,533.2,false,,,,394,0.4625,35,4.3513,0.4912,,,0.6334,,,,,,9.0312,66.6,0.016,0,0.5122,0,0,0.01,99.9934,0,0,3.0898,1.5825,0,0,-1.0002,-0.02,0.99371,0.0668,-0.08993,0,-0.02858,0.92734,0.37313,0,0.10832,-0.36821,0.92341,0,0.53325,-1.7307,-1.02089,1,-0.1543,0.633,-1.6172,true,true,0.0556,0.3344,-1.5775,0.013,-0.2051,-0.2985,-0.0597,0.013,true,-0.1543,0.633,-1.6172,1.7523,247,284.9,1.9144,81,255/0/255,true,,,,,,,,,,,false,1,0,0,1.5775,0,0.0556,0.3344,-1.5775,0.5332,-1.7307,-1.0209,WebglFramebuffer,7,0,1,,,
58426.5,1790994225688,21:23:45.688,placed,true,598,32.2,56.430332,NORMAL,UNSPECIFIED,-0.5098,1.9994,0.2487,0.1886,0.051,0.0249,-0.9804,64.5775,0.5122,-0.5098,1.9994,0.2487,-0.1886,-0.051,-0.0249,0.9804,64.5775,0.5122,0,0.8082,-0.1543,0.633,-1.6172,0,0.9988,0,-0.0482,1,247.1,533,false,,,,394,0.462,35,4.3521,0.4912,,,0.6334,,,,,,8.6059,100,0.0043,0,0.5122,0,0,0.01,99.9934,0,0,3.0898,1.5825,0,0,-1.0002,-0.02,0.99356,0.068,-0.09066,0,-0.02951,0.92761,0.37237,0,0.10942,-0.3673,0.92364,0,0.53832,-1.72861,-1.02048,1,-0.1543,0.633,-1.6172,true,true,0.0556,0.3344,-1.5775,0.013,-0.2051,-0.2985,-0.0597,0.013,true,-0.1543,0.633,-1.6172,1.7523,247.6,284.7,1.9154,,,true,,,,,,,,,,,false,1,0,0,1.5775,0,0.0556,0.3344,-1.5775,0.5383,-1.7286,-1.0205,WebglFramebuffer,7,0,1,,,
58501,1790994225763,21:23:45.762,placed,true,599,45.6,56.734818,NORMAL,UNSPECIFIED,-0.5211,1.9998,0.2486,0.1877,0.0515,0.0252,-0.9805,64.5775,0.5122,-0.5211,1.9998,0.2486,-0.1877,-0.0515,-0.0252,0.9805,64.5775,0.5122,0,1.63,-0.1543,0.633,-1.6172,0,0.9988,0,-0.0482,1,249.8,533.9,false,,,,394,0.4616,35,4.3532,0.4912,,,0.6334,,,,,,9.0894,66.6,0.0113,0,0.5122,0,0,0.01,99.9934,0,0,3.0898,1.5825,0,0,-1.0002,-0.02,0.99343,0.06868,-0.09153,0,-0.03001,0.92824,0.37076,0,0.11043,-0.36558,0.92421,0,0.55027,-1.72964,-1.01894,1,-0.1543,0.633,-1.6172,true,true,0.0556,0.3344,-1.5775,0.013,-0.2051,-0.2985,-0.0597,0.013,true,-0.1543,0.633,-1.6172,1.7523,250.6,285.7,1.9172,,,true,,,,,,,,,,,false,1,0,0,1.5775,0,0.0556,0.3344,-1.5775,0.5503,-1.7296,-1.0189,WebglFramebuffer,7,0,1,,,
58636.9,1790994225899,21:23:45.898,placed,true,600,98.6,56.795119,NORMAL,UNSPECIFIED,-0.5213,2.0082,0.2617,0.1897,0.0509,0.0269,-0.9801,64.5775,0.5122,-0.5213,2.0082,0.2617,-0.1897,-0.0509,-0.0269,0.9801,64.5775,0.5122,0,1.6485,-0.1543,0.633,-1.6172,0,0.9988,0,-0.0482,1,250.5,530.8,false,,,,393,0.4618,35,4.3682,0.4912,,,0.6334,,,,,,8.9157,66.7,0.0155,0,0.5122,0,0,0.01,99.9934,0,0,3.0898,1.5825,0,0,-1.0002,-0.02,0.99336,0.07207,-0.08964,0,-0.03341,0.92656,0.37465,0,0.11006,-0.36917,0.92282,0,0.55614,-1.72651,-1.04061,1,-0.1543,0.633,-1.6172,true,true,0.0556,0.3344,-1.5775,0.013,-0.2051,-0.2985,-0.0597,0.013,true,-0.1543,0.633,-1.6172,1.7523,250.6,284.6,1.9308,,,true,,,,,,,,,,,false,1,0,0,1.5775,0,0.0556,0.3344,-1.5775,0.5561,-1.7265,-1.0406,WebglFramebuffer,7,0,1,,,
58712.1,1790994225974,21:23:45.973,placed,true,601,41.7,56.879285,NORMAL,UNSPECIFIED,-0.4909,2.0116,0.2558,0.1897,0.0479,0.0271,-0.9803,64.5775,0.5122,-0.4909,2.0116,0.2558,-0.1897,-0.0479,-0.0271,0.9803,64.5775,0.5122,0,0,-0.1543,0.633,-1.6172,0,0.9988,0,-0.0482,1,246.5,533.4,false,,,,393,0.462,36,4.3888,0.4912,,,0.6334,,,,,,9.3557,100,0.0311,0,0.5122,0,0,0.01,99.9934,0,0,3.0898,1.5825,0,0,-1.0002,-0.02,0.99395,0.07134,-0.08356,0,-0.03503,0.92659,0.37443,0,0.10414,-0.36924,0.92348,0,0.53179,-1.73445,-1.03046,1,-0.1543,0.633,-1.6172,true,true,0.0556,0.3344,-1.5775,0.013,-0.2051,-0.2985,-0.0597,0.013,true,-0.1543,0.633,-1.6172,1.7523,245.3,286.6,1.923,,,true,,,,,,,,,,,false,1,0,0,1.5775,0,0.0556,0.3344,-1.5775,0.5318,-1.7345,-1.0305,WebglFramebuffer,7,0,1,,,
59045.7,1790994226140,21:23:46.139,placed,true,602,133.7,57.010058,NORMAL,UNSPECIFIED,-0.4664,2.0083,0.2337,0.1909,0.0446,0.0278,-0.9802,64.5775,0.5122,-0.4664,2.0083,0.2337,-0.1909,-0.0446,-0.0278,0.9802,64.5775,0.5122,0,0.2876,-0.1543,0.633,-1.6172,0,0.9988,0,-0.0482,1,245,535.1,false,,,,392,0.4628,36,4.3648,0.4912,,,0.6334,,,,,,9.0226,83.2,0.0332,0,0.5122,0,0,0.01,99.9934,0,0,3.0898,1.5825,0,0,-1.0002,-0.02,0.99447,0.07155,-0.07682,0,-0.03749,0.92556,0.37674,0,0.09806,-0.37178,0.92313,0,0.51617,-1.73851,-1.00813,1,-0.1543,0.633,-1.6172,true,true,0.0556,0.3344,-1.5775,0.013,-0.2051,-0.2985,-0.0597,0.013,true,-0.1543,0.633,-1.6172,1.7523,242.8,285.8,1.8975,81,255/0/255,true,,,,,,,,,,,false,1,0,0,1.5775,0,0.0556,0.3344,-1.5775,0.5162,-1.7385,-1.0081,WebglFramebuffer,7,0,1,,,
59120.4,1790994226382,21:23:46.382,placed,true,603,43,57.086509,NORMAL,UNSPECIFIED,-0.4844,2,0.2459,0.1897,0.0455,0.03,-0.9803,64.5775,0.5122,-0.4844,2,0.2459,-0.1897,-0.0455,-0.03,0.9803,64.5775,0.5122,0,1.2081,-0.1543,0.633,-1.6172,0,0.9988,0,-0.0482,1,249.5,532.1,false,,,,392,0.4632,39,4.376,0.4763,,,0.6334,,,,,,8.533,100,0.0233,0,0.5122,0,0,0.01,99.9934,0,0,3.0898,1.5825,0,0,-1.0002,-0.02,0.99407,0.07605,-0.07775,0,-0.04157,0.92626,0.37459,0,0.10051,-0.36914,0.92392,0,0.54,-1.72493,-1.01402,1,-0.1543,0.633,-1.6172,true,true,0.0556,0.3344,-1.5775,0.013,-0.2051,-0.2985,-0.0597,0.013,true,-0.1543,0.633,-1.6172,1.7523,246.9,283.3,1.9079,,,true,,,,,,,,,,,false,1,0,0,1.5775,0,0.0556,0.3344,-1.5775,0.54,-1.7249,-1.014,WebglFramebuffer,7,0,1,,,
59190.9,1790994226453,21:23:46.452,placed,true,604,40.6,57.419862,NORMAL,UNSPECIFIED,-0.4754,2.0042,0.2508,0.1892,0.044,0.03,-0.9805,64.5775,0.5122,-0.4754,2.0042,0.2508,-0.1892,-0.044,-0.03,0.9805,64.5775,0.5122,0,0,-0.1543,0.633,-1.6172,0,0.9988,0,-0.0482,1,248.6,533.1,false,,,,391,0.4636,39,4.3812,0.4763,,,0.6334,,,,,,9.0961,66.7,0.0112,0,0.5122,0,0,0.01,99.9934,0,0,3.0898,1.5825,0,0,-1.0002,-0.02,0.99433,0.07551,-0.07489,0,-0.04222,0.92661,0.37363,0,0.09761,-0.36835,0.92455,0,0.53281,-1.72886,-1.01632,1,-0.1543,0.633,-1.6172,true,true,0.0556,0.3344,-1.5775,0.013,-0.2051,-0.2985,-0.0597,0.013,true,-0.1543,0.633,-1.6172,1.7523,245.6,285,1.9132,,,true,,,,,,,,,,,false,1,0,0,1.5775,0,0.0556,0.3344,-1.5775,0.5328,-1.7289,-1.0163,WebglFramebuffer,7,0,1,,,
59324.4,1790994226586,21:23:46.586,placed,true,605,96,57.491544,NORMAL,UNSPECIFIED,-0.4578,2.001,0.2454,0.1908,0.0437,0.0289,-0.9802,64.5775,0.5122,-0.4578,2.001,0.2454,-0.1908,-0.0437,-0.0289,0.9802,64.5775,0.5122,0,1.2387,-0.1543,0.633,-1.6172,0,0.9988,0,-0.0482,1,243.8,531.8,false,,,,392,0.4629,36,4.3729,0.4912,,,0.6334,,,,,,8.9361,83.2,0.0187,0,0.5122,0,0,0.01,99.9934,0,0,3.0898,1.5825,0,0,-1.0002,-0.02,0.99451,0.07339,-0.0746,0,-0.04005,0.9255,0.37661,0,0.09668,-0.37156,0.92336,0,0.51165,-1.7272,-1.01437,1,-0.1543,0.633,-1.6172,true,true,0.0556,0.3344,-1.5775,0.013,-0.2051,-0.2985,-0.0597,0.013,true,-0.1543,0.633,-1.6172,1.7523,240.6,282.8,1.9047,,,true,,,,,,,,,,,false,1,0,0,1.5775,0,0.0556,0.3344,-1.5775,0.5116,-1.7272,-1.0144,WebglFramebuffer,7,0,1,,,
59406.9,1790994226669,21:23:46.668,placed,true,606,55.5,57.567927,NORMAL,UNSPECIFIED,-0.4535,1.9924,0.2478,0.1922,0.0446,0.0285,-0.9799,64.5775,0.5122,-0.4535,1.9924,0.2478,-0.1922,-0.0446,-0.0285,0.9799,64.5775,0.5122,0,1.188,-0.1543,0.633,-1.6172,0,0.9988,0,-0.0482,1,241.2,527.8,false,,,,392,0.4625,34,4.3443,0.4825,,,0.6334,,,,,,9.2547,100,0.01,0,0.5122,0,0,0.01,99.9934,0,0,3.0898,1.5825,0,0,-1.0002,-0.02,0.9944,0.07304,-0.07637,0,-0.03879,0.92452,0.37914,0,0.0983,-0.37406,0.92218,0,0.50385,-1.71616,-1.01854,1,-0.1543,0.633,-1.6172,true,true,0.0556,0.3344,-1.5775,0.013,-0.2051,-0.2985,-0.0597,0.013,true,-0.1543,0.633,-1.6172,1.7523,238,278.4,1.9027,,,true,,,,,,,,,,,false,1,0,0,1.5775,0,0.0556,0.3344,-1.5775,0.5038,-1.7162,-1.0185,WebglFramebuffer,7,0,1,,,
59713.6,1790994226820,21:23:46.819,placed,true,607,108.6,57.691742,NORMAL,UNSPECIFIED,-0.4673,2.0002,0.2454,0.1955,0.0472,0.0294,-0.9791,64.5775,0.5122,-0.4673,2.0002,0.2454,-0.1955,-0.0472,-0.0294,0.9791,64.5775,0.5122,0,1.1544,-0.1543,0.633,-1.6172,0,0.9988,0,-0.0482,1,242.2,525.1,false,,,,395,0.4614,32,4.3741,0.4763,,,0.6334,,,,,,8.991,83.4,0.0161,0,0.5122,0,0,0.01,99.9934,0,0,3.0898,1.5825,0,0,-1.0002,-0.02,0.99382,0.07601,-0.08084,0,-0.03913,0.92181,0.38566,0,0.10384,-0.38011,0.91909,0,0.51721,-1.71497,-1.03471,1,-0.1543,0.633,-1.6172,true,true,0.0556,0.3344,-1.5775,0.013,-0.2051,-0.2985,-0.0597,0.013,true,-0.1543,0.633,-1.6172,1.7523,239.3,276.4,1.903,81,255/0/255,true,,,,,,,,,,,false,1,0,0,1.5775,0,0.0556,0.3344,-1.5775,0.5172,-1.715,-1.0347,WebglFramebuffer,7,0,1,,,
59784.2,1790994227046,21:23:47.045,placed,true,608,28.9,57.789467,NORMAL,UNSPECIFIED,-0.5028,1.9839,0.2303,0.2005,0.0506,0.0272,-0.978,64.5775,0.5122,-0.5028,1.9839,0.2303,-0.2005,-0.0506,-0.0272,0.978,64.5775,0.5122,0,0.639,-0.1543,0.633,-1.6172,0,0.9988,0,-0.0482,1,246.9,516.8,false,,,,397,0.461,30,4.384,0.4306,,,0.6334,,,,,,8.5338,100,0.0418,0,0.5122,0,0,0.01,99.9934,0,0,3.0898,1.5825,0,0,-1.0002,-0.02,0.9934,0.07356,-0.08804,0,-0.03299,0.91814,0.39489,0,0.10989,-0.38937,0.9145,0,0.5396,-1.69486,-1.0383,1,-0.1543,0.633,-1.6172,true,true,0.0556,0.3344,-1.5775,0.013,-0.2051,-0.2985,-0.0597,0.013,true,-0.1543,0.633,-1.6172,1.7523,246.9,265.7,1.8835,,,true,,,,,,,,,,,false,1,0,0,1.5775,0,0.0556,0.3344,-1.5775,0.5396,-1.6949,-1.0383,WebglFramebuffer,7,0,1,,,
59855.2,1790994227117,21:23:47.116,placed,true,609,44.8,58.095119,NORMAL,UNSPECIFIED,-0.5064,1.9741,0.2266,0.2008,0.051,0.0269,-0.9779,64.5775,0.5122,-0.5064,1.9741,0.2266,-0.2008,-0.051,-0.0269,0.9779,64.5775,0.5122,0,1.32,-0.1543,0.633,-1.6172,0,0.9988,0,-0.0482,1,247.5,514.7,false,,,,398,0.4602,29,4.3772,0.415,,,0.6334,,,,,,9.0909,66.6,0.0111,0,0.5122,0,0,0.01,99.9934,0,0,3.0898,1.5825,0,0,-1.0002,-0.02,0.99336,0.07314,-0.08883,0,-0.03221,0.91788,0.39554,0,0.11047,-0.39005,0.91414,0,0.54163,-1.68658,-1.03298,1,-0.1543,0.633,-1.6172,true,true,0.0556,0.3344,-1.5775,0.013,-0.2051,-0.2985,-0.0597,0.013,true,-0.1543,0.633,-1.6172,1.7523,247.8,262.4,1.8765,,,true,,,,,,,,,,,false,1,0,0,1.5775,0,0.0556,0.3344,-1.5775,0.5416,-1.6866,-1.033,WebglFramebuffer,7,0,1,,,
59987.7,1790994227249,21:23:47.249,placed,true,610,95.4,58.150466,NORMAL,UNSPECIFIED,-0.5034,1.9087,0.1788,0.201,0.0473,0.0233,-0.9782,64.5775,0.5122,-0.5034,1.9087,0.1788,-0.201,-0.0473,-0.0233,0.9782,64.5775,0.5122,0,0,-0.1543,0.633,-1.6172,0,0.9988,0,-0.0482,1,251.6,507.9,false,,,,399,0.4598,25,4.3177,0.362,,,0.6334,,,,,,8.9359,83.3,0.081,0,0.5122,0,0,0.01,99.9934,0,0,3.0898,1.5825,0,0,-1.0002,-0.02,0.99444,0.06459,-0.08311,0,-0.02658,0.9181,0.39545,0,0.10185,-0.39104,0.91472,0,0.53316,-1.64997,-0.96023,1,-0.1543,0.633,-1.6172,true,true,0.0556,0.3344,-1.5775,0.013,-0.2051,-0.2985,-0.0597,0.013,true,-0.1543,0.633,-1.6172,1.7523,254.6,244.2,1.8057,,,true,,,,,,,,,,,false,1,0,0,1.5775,0,0.0556,0.3344,-1.5775,0.5332,-1.65,-0.9602,WebglFramebuffer,7,0,1,,,
60078.7,1790994227340,21:23:47.340,placed,true,611,71.4,58.23271,NORMAL,UNSPECIFIED,-0.4853,1.8808,0.1876,0.1996,0.0453,0.0247,-0.9785,64.5775,0.5122,-0.4853,1.8808,0.1876,-0.1996,-0.0453,-0.0247,0.9785,64.5775,0.5122,0,0.9643,-0.1543,0.633,-1.6172,0,0.9988,0,-0.0482,1,249.2,502,false,,,,207,0.4659,14,4.0756,0.4478,,,0.6334,,,,,,9.1412,100,0.0344,0,0.5122,0,0,0.01,99.9934,0,0,3.0898,1.5825,0,0,-1.0002,-0.02,0.99467,0.06647,-0.07885,0,-0.03028,0.91912,0.39282,0,0.09858,-0.38834,0.91623,0,0.52116,-1.62359,-0.94896,1,-0.1543,0.633,-1.6172,true,true,0.0556,0.3344,-1.5775,0.013,-0.2051,-0.2985,-0.0597,0.013,true,-0.1543,0.633,-1.6172,1.7523,250.5,236.1,1.8016,,,true,,,,,,,,,,,false,1,0,0,1.5775,0,0.0556,0.3344,-1.5775,0.5212,-1.6236,-0.949,WebglFramebuffer,7,0,1,,,
60378,1790994227485,21:23:47.484,placed,true,612,119.7,58.347396,NORMAL,UNSPECIFIED,-0.4568,1.7978,0.2052,0.1926,0.0457,0.0303,-0.9797,64.5775,0.5122,-0.4568,1.7978,0.2052,-0.1926,-0.0457,-0.0303,0.9797,64.5775,0.5122,0,1.5078,-0.1543,0.633,-1.6172,0,0.9988,0,-0.0482,1,243,488.1,false,,,,210,0.4646,15,3.9733,0.4478,,,0.6334,,,,,,8.9201,100,0.0896,0,0.5122,0,0,0.01,99.9934,0,0,3.0898,1.5825,0,0,-1.0002,-0.02,0.99398,0.07699,-0.07792,0,-0.04176,0.92395,0.38022,0,0.10127,-0.37468,0.92161,0,0.50833,-1.549,-0.90827,1,-0.1543,0.633,-1.6172,true,true,0.0556,0.3344,-1.5775,0.013,-0.2051,-0.2985,-0.0597,0.013,true,-0.1543,0.633,-1.6172,1.7523,239,215.2,1.7896,81,255/0/255,true,,,,,,,,,,,false,1,0,0,1.5775,0,0.0556,0.3344,-1.5775,0.5083,-1.549,-0.9083,WebglFramebuffer,7,0,1,,,
60453.2,1790994227715,21:23:47.714,placed,true,613,44.8,58.443656,NORMAL,UNSPECIFIED,-0.4498,1.7228,0.2097,0.19,0.0471,0.0284,-0.9802,64.5775,0.5122,-0.4498,1.7228,0.2097,-0.19,-0.0471,-0.0284,0.9802,64.5775,0.5122,0,1.4763,-0.1543,0.633,-1.6172,0,0.9988,0,-0.0482,1,238.3,472.7,false,,,,212,0.4624,13,4.0396,0.2998,,,0.6334,,,,,,8.4627,100,0.0754,0,0.5122,0,0,0.01,99.9934,0,0,3.0898,1.5825,0,0,-1.0002,-0.02,0.99394,0.07361,-0.08158,0,-0.03779,0.92615,0.37526,0,0.10318,-0.36991,0.92332,0,0.49056,-1.48489,-0.87684,1,-0.1543,0.633,-1.6172,true,true,0.0556,0.3344,-1.5775,0.013,-0.2051,-0.2985,-0.0597,0.013,true,-0.1543,0.633,-1.6172,1.7523,234.5,192.5,1.7681,,,true,,,,,,,,,,,false,1,0,0,1.5775,0,0.0556,0.3344,-1.5775,0.4906,-1.4849,-0.8768,WebglFramebuffer,7,0,1,,,
60518.5,1790994227780,21:23:47.780,placed,true,614,44.1,58.748333,NORMAL,UNSPECIFIED,-0.4665,1.7003,0.1845,0.1967,0.0483,0.0284,-0.9789,64.5775,0.5122,-0.4665,1.7003,0.1845,-0.1967,-0.0483,-0.0284,0.9789,64.5775,0.5122,0,0,-0.1543,0.633,-1.6172,0,0.9988,0,-0.0482,1,242.4,462,false,,,,211,0.4646,12,4.394,0.2254,,,0.6334,,,,,,9.1478,66.5,0.0377,0,0.5122,0,0,0.01,99.9934,0,0,3.0898,1.5825,0,0,-1.0002,-0.02,0.99372,0.07459,-0.08337,0,-0.03661,0.92103,0.38776,0,0.10571,-0.38227,0.91798,0,0.50628,-1.46069,-0.86758,1,-0.1543,0.633,-1.6172,true,true,0.0556,0.3344,-1.5775,0.013,-0.2051,-0.2985,-0.0597,0.013,true,-0.1543,0.633,-1.6172,1.7523,240,175.7,1.7303,,,true,,,,,,,,,,,false,1,0,0,1.5775,0,0.0556,0.3344,-1.5775,0.5063,-1.4607,-0.8676,WebglFramebuffer,7,0,1,,,
60664,1790994227926,21:23:47.925,placed,true,615,106.6,58.814723,NORMAL,UNSPECIFIED,-0.4538,1.609,0.1201,0.2131,0.0496,0.032,-0.9752,64.5775,0.5122,-0.4538,1.609,0.1201,-0.2131,-0.0496,-0.032,0.9752,64.5775,0.5122,0,1.5305,-0.1543,0.633,-1.6172,0,0.9988,0,-0.0482,1,240.6,426.9,false,,,,220,0.4572,8,4.2974,-0.0575,,,0.6334,,,,,,8.9203,66.7,0.1125,0,0.5122,0,0,0.01,99.9934,0,0,3.0898,1.5825,0,0,-1.0002,-0.02,0.99304,0.08351,-0.08302,0,-0.04127,0.90711,0.41886,0,0.11029,-0.41252,0.90425,0,0.50385,-1.3721,-0.82017,1,-0.1543,0.633,-1.6172,true,true,0.0556,0.3344,-1.5775,0.013,-0.2051,-0.2985,-0.0597,0.013,true,-0.1543,0.633,-1.6172,1.7523,236.8,117.4,1.6119,,,true,,,,,,,,,,,false,1,0,0,1.5775,0,0.0556,0.3344,-1.5775,0.5038,-1.3721,-0.8202,WebglFramebuffer,7,0,1,,,
60754.9,1790994228017,21:23:48.016,placed,true,616,64.6,58.897279,NORMAL,UNSPECIFIED,-0.4311,1.5838,0.1172,0.2115,0.0479,0.0331,-0.9756,64.5775,0.5122,-0.4311,1.5838,0.1172,-0.2115,-0.0479,-0.0331,0.9756,64.5775,0.5122,0,1.4708,-0.1543,0.633,-1.6172,0,0.9988,0,-0.0482,1,236.3,423,false,,,,220,0.4551,6,4.283,-0.0575,,,0.6334,,,,,,9.1272,100,0.034,0,0.5122,0,0,0.01,99.9934,0,0,3.0898,1.5825,0,0,-1.0002,-0.02,0.99322,0.08489,-0.07941,0,-0.04437,0.90831,0.41594,0,0.10744,-0.40959,0.90592,0,0.48591,-1.35394,-0.7992,1,-0.1543,0.633,-1.6172,true,true,0.0556,0.3344,-1.5775,0.013,-0.2051,-0.2985,-0.0597,0.013,true,-0.1543,0.633,-1.6172,1.7523,230.2,109.5,1.5988,,,true,,,,,,,,,,,false,1,0,0,1.5775,0,0.0556,0.3344,-1.5775,0.4859,-1.3539,-0.7992,WebglFramebuffer,7,0,1,,,
61043.4,1790994228147,21:23:48.147,placed,true,617,106.4,59.030627,NORMAL,UNSPECIFIED,-0.4146,1.5459,0.1077,0.2153,0.0475,0.0289,-0.975,64.5775,0.5122,-0.4146,1.5459,0.1077,-0.2153,-0.0475,-0.0289,0.975,64.5775,0.5122,0,0,-0.1543,0.633,-1.6172,0,0.9988,0,-0.0482,1,230.5,410.4,false,,,,223,0.4536,8,4.2581,-0.0575,,,0.6334,,,,,,8.979,83.3,0.0425,0,0.5122,0,0,0.01,99.9934,0,0,3.0898,1.5825,0,0,-1.0002,-0.02,0.99382,0.07677,-0.08014,0,-0.03588,0.90561,0.42259,0,0.10501,-0.4171,0.90277,0,0.45617,-1.32321,-0.78368,1,-0.1543,0.633,-1.6172,true,true,0.0556,0.3344,-1.5775,0.013,-0.2051,-0.2985,-0.0597,0.013,true,-0.1543,0.633,-1.6172,1.7523,226,88.6,1.5676,81,255/0/255,true,,,,,,,,,,,false,1,0,0,1.5775,0,0.0556,0.3344,-1.5775,0.4562,-1.3232,-0.7837,WebglFramebuffer,7,0,1,,,
61108.7,1790994228370,21:23:48.370,placed,true,618,37.3,59.119114,NORMAL,UNSPECIFIED,-0.3986,1.5014,0.1161,0.2298,0.0453,0.0287,-0.9718,64.5775,0.5122,-0.3986,1.5014,0.1161,-0.2298,-0.0453,-0.0287,0.9717,64.5775,0.5122,0,0.6898,-0.1543,0.633,-1.6172,0,0.9988,0,-0.0482,1,226.8,379.3,false,,,,225,0.45,11,3.6839,-0.0575,,,0.6334,,,,,,8.5297,100,0.0479,0,0.5122,0,0,0.01,99.9934,0,0,3.0898,1.5825,0,0,-1.0002,-0.02,0.99426,0.07658,-0.07475,0,-0.03497,0.89269,0.44931,0,0.10114,-0.44412,0.89024,0,0.43709,-1.25823,-0.80776,1,-0.1543,0.633,-1.6172,true,true,0.0556,0.3344,-1.5775,0.013,-0.2051,-0.2985,-0.0597,0.013,true,-0.1543,0.633,-1.6172,1.7523,222.2,46.4,1.5303,,,true,,,,,,,,,,,false,1,0,0,1.5775,0,0.0556,0.3344,-1.5775,0.4371,-1.2582,-0.8078,WebglFramebuffer,7,0,1,,,
61188.4,1790994228450,21:23:48.450,placed,true,619,44,59.410816,NORMAL,UNSPECIFIED,-0.402,1.4656,0.0773,0.2399,0.0456,0.0309,-0.9692,64.5775,0.5122,-0.402,1.4656,0.0773,-0.2399,-0.0456,-0.0309,0.9692,64.5775,0.5122,0,1.3084,-0.1543,0.633,-1.6172,0,0.9988,0,-0.0482,1,229.2,361.7,false,,,,227,0.4477,14,3.5575,-0.032,,,0.6334,,,,,,8.9315,66.6,0.0529,0,0.5122,0,0,0.01,99.9934,0,0,3.0898,1.5825,0,0,-1.0002,-0.02,0.99393,0.08181,-0.07359,0,-0.03804,0.88301,0.4678,0,0.10325,-0.46216,0.88076,0,0.44728,-1.22548,-0.78329,1,-0.1543,0.633,-1.6172,true,true,0.0556,0.3344,-1.5775,0.013,-0.2051,-0.2985,-0.0597,0.013,true,-0.1543,0.633,-1.6172,1.7523,224.3,11.4,1.4617,,,true,,,,,,,,,,,false,1,0,0,1.5775,0,0.0556,0.3344,-1.5775,0.4473,-1.2255,-0.7833,WebglFramebuffer,7,0,1,,,
61310,1790994228572,21:23:48.571,placed,true,620,98.6,59.485016,NORMAL,UNSPECIFIED,-0.4062,1.3261,0.0179,0.2539,0.043,0.0358,-0.9656,64.5775,0.5122,-0.4062,1.3261,0.0179,-0.2539,-0.043,-0.0358,0.9656,64.5775,0.5122,0,0.7389,-0.1543,0.633,-1.6172,0,0.9988,0,-0.0482,1,236.5,309.1,false,,,,223,0.4476,15,2.8244,0.01,,,0.6334,,,,,,8.8607,66.7,0.1517,0,0.5122,0,0,0.01,99.9934,0,0,3.0898,1.5825,0,0,-1.0002,-0.02,0.99374,0.09096,-0.0649,0,-0.04727,0.86847,0.49347,0,0.10125,-0.48732,0.86734,0,0.46453,-1.10597,-0.69629,1,-0.1543,0.633,-1.6172,true,true,0.0556,0.3344,-1.5775,0.013,-0.2051,-0.2985,-0.0597,0.013,true,-0.1543,0.633,-1.6172,1.7523,230.2,-93.2,1.314,,,true,,,,,,,,,,,false,1,0,0,1.5775,0,0.0556,0.3344,-1.5775,0.4645,-1.106,-0.6963,WebglFramebuffer,5,0,1,,,
61459.4,1790994228721,21:23:48.721,placed,true,621,125,59.551956,NORMAL,UNSPECIFIED,-0.3988,1.314,0.02,0.2536,0.0415,0.0359,-0.9657,64.5775,0.5122,-0.3988,1.314,0.02,-0.2536,-0.0415,-0.0359,0.9657,64.5775,0.5122,0,1.6164,-0.1543,0.633,-1.6172,0,0.9988,0,-0.0482,1,235.7,305.5,false,,,,223,0.4477,14,2.8448,0.01,,,0.6334,,,,,,8.644,100,0.0143,0,0.5122,0,0,0.01,99.9934,0,0,3.0898,1.5825,0,0,-1.0002,-0.02,0.99398,0.09031,-0.06201,0,-0.04819,0.86879,0.49284,0,0.09838,-0.48688,0.86791,0,0.45772,-1.09581,-0.68971,1,-0.1543,0.633,-1.6172,true,true,0.0556,0.3344,-1.5775,0.013,-0.2051,-0.2985,-0.0597,0.013,true,-0.1543,0.633,-1.6172,1.7523,228.6,-99.3,1.3098,,,true,,,,,,,,,,,false,1,0,0,1.5775,0,0.0556,0.3344,-1.5775,0.4577,-1.0958,-0.6897,WebglFramebuffer,5,0,1,,,
61538,1790994228800,21:23:48.799,placed,true,622,51.5,59.674403,NORMAL,UNSPECIFIED,-0.3937,1.2768,0.0157,0.2487,0.0383,0.0378,-0.9671,64.5775,0.5122,-0.3937,1.2768,0.0157,-0.2487,-0.0383,-0.0378,0.9671,64.5775,0.5122,0,0,-0.1543,0.633,-1.6172,0,0.9988,0,-0.0482,1,238.4,300.1,false,,,,223,0.4487,15,2.7998,0.01,,,0.6334,,,,,,9.0534,100,0.0378,0,0.5122,0,0,0.01,99.9934,0,0,3.0898,1.5825,0,0,-1.0002,-0.02,0.99422,0.09214,-0.05518,0,-0.05409,0.87346,0.48388,0,0.09279,-0.4781,0.87339,0,0.45905,-1.07143,-0.65327,1,-0.1543,0.633,-1.6172,true,true,0.0556,0.3344,-1.5775,0.013,-0.2051,-0.2985,-0.0597,0.013,true,-0.1543,0.633,-1.6172,1.7523,229.4,-112,1.2973,,,true,,,,,,,,,,,false,1,0,0,1.5775,0,0.0556,0.3344,-1.5775,0.459,-1.0714,-0.6533,WebglFramebuffer,5,0,1,,,
61685.9,1790994228948,21:23:48.947,placed,true,623,117.5,59.826611,NORMAL,UNSPECIFIED,-0.3836,1.2166,0.0159,0.2415,0.0331,0.0386,-0.9691,64.5775,0.5122,-0.3836,1.2166,0.0159,-0.2415,-0.0331,-0.0386,0.9691,64.5775,0.5122,0,0,-0.1543,0.633,-1.6172,0,0.9988,0,-0.0482,1,241.2,289.4,false,,,,223,0.4501,15,2.7735,0.01,,,0.6334,,,,,,8.8238,66.7,0.0611,0,0.5122,0,0,0.01,99.9934,0,0,3.0898,1.5825,0,0,-1.0002,-0.02,0.99482,0.09086,-0.0455,0,-0.05888,0.88039,0.47058,0,0.08281,-0.46547,0.88118,0,0.45196,-1.0288,-0.60393,1,-0.1543,0.633,-1.6172,true,true,0.0556,0.3344,-1.5775,0.013,-0.2051,-0.2985,-0.0597,0.013,true,-0.1543,0.633,-1.6172,1.7523,230.5,-133.3,1.2829,,,true,,,,,,,,,,,false,1,0,0,1.5775,0,0.0556,0.3344,-1.5775,0.452,-1.0288,-0.6039,WebglFramebuffer,5,0,1,,,
61761.8,1790994229023,21:23:49.023,placed,true,624,54.4,59.908131,NORMAL,UNSPECIFIED,-0.3838,1.1595,0.0256,0.2405,0.0306,0.0371,-0.9695,64.5775,0.5122,-0.3838,1.1595,0.0256,-0.2405,-0.0306,-0.0371,0.9695,64.5775,0.5122,0,0,-0.1543,0.633,-1.6172,0,0.9988,0,-0.0482,1,243.2,270.4,false,,,,220,0.4512,8,3.6377,-0.4343,,,0.6334,,,,,,9.2589,100,0.0579,0,0.5122,0,0,0.01,99.9934,0,0,3.0898,1.5825,0,0,-1.0002,-0.02,0.99537,0.08674,-0.04151,0,-0.05728,0.88159,0.46852,0,0.07723,-0.46397,0.88248,0,0.44646,-0.97704,-0.58183,1,-0.1543,0.633,-1.6172,true,true,0.0556,0.3344,-1.5775,0.013,-0.2051,-0.2985,-0.0597,0.013,true,-0.1543,0.633,-1.6172,1.7523,233.7,-164.8,1.2668,,,true,,,,,,,,,,,false,1,0,0,1.5775,0,0.0556,0.3344,-1.5775,0.4465,-0.977,-0.5818,WebglFramebuffer,5,0,1,,,
61905.4,1790994229167,21:23:49.166,placed,true,625,113.9,60.047023,NORMAL,UNSPECIFIED,-0.3856,1.1398,0.0204,0.247,0.0277,0.0337,-0.968,64.5775,0.5122,-0.3856,1.1398,0.0204,-0.247,-0.0277,-0.0337,0.968,64.5775,0.5122,0,1.2967,-0.1543,0.633,-1.6172,0,0.9988,0,-0.0482,1,247.2,256,false,,,,222,0.4511,6,3.6244,-0.4343,,,0.6334,,,,,,9.0299,83.3,0.0205,0,0.5122,0,0,0.01,99.9934,0,0,3.0898,1.5825,0,0,-1.0002,-0.02,0.99619,0.07891,-0.03708,0,-0.0515,0.8757,0.48011,0,0.07035,-0.47637,0.87643,0,0.44137,-0.95801,-0.57936,1,-0.1543,0.633,-1.6172,true,true,0.0556,0.3344,-1.5775,0.013,-0.2051,-0.2985,-0.0597,0.013,true,-0.1543,0.633,-1.6172,1.7523,242,-193.2,1.237,,,true,,,,,,,,,,,false,1,0,0,1.5775,0,0.0556,0.3344,-1.5775,0.4414,-0.958,-0.5794,WebglFramebuffer,5,0,1,,,
61984.3,1790994229246,21:23:49.245,placed,true,626,56.9,60.131658,NORMAL,UNSPECIFIED,-0.3917,1.0805,0.025,0.2479,0.0276,0.0333,-0.9678,64.5775,0.5122,-0.3917,1.0805,0.025,-0.2479,-0.0276,-0.0333,0.9678,64.5775,0.5122,0,1.0003,-0.1543,0.633,-1.6172,0,0.9988,0,-0.0482,1,249,233.1,false,,,,220,0.4528,5,3.5982,-0.4343,,,0.6334,,,,,,9.3927,100,0.0598,0,0.5122,0,0,0.01,99.9934,0,0,3.0898,1.5825,0,0,-1.0002,-0.02,0.99625,0.07822,-0.03699,0,-0.05081,0.87491,0.48162,0,0.07003,-0.47794,0.8756,0,0.44336,-0.90273,-0.55678,1,-0.1543,0.633,-1.6172,true,true,0.0556,0.3344,-1.5775,0.013,-0.2051,-0.2985,-0.0597,0.013,true,-0.1543,0.633,-1.6172,1.7523,244.8,-234.1,1.2107,,,true,,,,,,,,,,,false,1,0,0,1.5775,0,0.0556,0.3344,-1.5775,0.4434,-0.9027,-0.5568,WebglFramebuffer,5,0,1,,,
62121.7,1790994229383,21:23:49.383,placed,true,627,110.3,60.267448,NORMAL,UNSPECIFIED,-0.3895,1.0448,0.0119,0.2497,0.0257,0.0344,-0.9674,64.5775,0.5122,-0.3895,1.0448,0.0119,-0.2497,-0.0257,-0.0344,0.9674,64.5775,0.5122,0,0,-0.1543,0.633,-1.6172,0,0.9988,0,-0.0482,1,251.2,218.5,false,,,,220,0.4521,3,1.8134,0.0927,,,0.6334,,,,,,9.1813,83.3,0.0381,0,0.5122,0,0,0.01,99.9934,0,0,3.0898,1.5825,0,0,-1.0002,-0.02,0.99631,0.07941,-0.03257,0,-0.05372,0.8729,0.48493,0,0.06694,-0.48139,0.87395,0,0.44335,-0.87534,-0.52977,1,-0.1543,0.633,-1.6172,true,true,0.0556,0.3344,-1.5775,0.013,-0.2051,-0.2985,-0.0597,0.013,true,-0.1543,0.633,-1.6172,1.7523,246.4,-267.3,1.1765,,,true,,,,,,,,,,,false,1,0,0,1.5775,0,0.0556,0.3344,-1.5775,0.4433,-0.8753,-0.5298,WebglFramebuffer,5,0,1,,,
62200.2,1790994229462,21:23:49.461,placed,true,628,55.8,60.351142,NORMAL,UNSPECIFIED,-0.3942,0.9976,0.0159,0.246,0.0254,0.0303,-0.9685,64.5775,0.5122,-0.3942,0.9976,0.0159,-0.246,-0.0254,-0.0303,0.9685,64.5775,0.5122,0,0,-0.1543,0.633,-1.6172,0,0.9988,0,-0.0482,1,253.2,205.8,false,,,,218,0.4517,4,1.7928,0.1014,,,0.6334,,,,,,9.537,100,0.0476,0,0.5122,0,0,0.01,99.9934,0,0,3.0898,1.5825,0,0,-1.0002,-0.02,0.99688,0.07114,-0.03429,0,-0.04615,0.8771,0.47808,0,0.06409,-0.475,0.87765,0,0.43799,-0.83938,-0.50443,1,-0.1543,0.633,-1.6172,true,true,0.0556,0.3344,-1.5775,0.013,-0.2051,-0.2985,-0.0597,0.013,true,-0.1543,0.633,-1.6172,1.7523,252.5,-289.7,1.1677,,,true,,,,,,,,,,,false,1,0,0,1.5775,0,0.0556,0.3344,-1.5775,0.438,-0.8394,-0.5044,WebglFramebuffer,5,0,1,,,
62340,1790994229602,21:23:49.601,placed,true,629,104.5,60.484559,NORMAL,UNSPECIFIED,-0.4013,1.0105,0.0295,0.2476,0.024,0.0316,-0.9681,64.5775,0.5122,-0.4013,1.0105,0.0295,-0.2476,-0.024,-0.0316,0.9681,64.5775,0.5122,0,0,-0.1543,0.633,-1.6172,0,0.9988,0,-0.0482,1,256.8,207.1,false,,,,220,0.4504,4,1.8116,0.1014,,,0.6334,,,,,,9.2991,66.7,0.02,0,0.5122,0,0,0.01,99.9934,0,0,3.0898,1.5825,0,0,-1.0002,-0.02,0.99684,0.07316,-0.03087,0,-0.04936,0.87542,0.48084,0,0.06221,-0.4778,0.87626,0,0.4481,-0.84114,-0.52411,1,-0.1543,0.633,-1.6172,true,true,0.0556,0.3344,-1.5775,0.013,-0.2051,-0.2985,-0.0597,0.013,true,-0.1543,0.633,-1.6172,1.7523,256.1,-281.8,1.1813,,,true,,,,,,,,,,,false,1,0,0,1.5775,0,0.0556,0.3344,-1.5775,0.4481,-0.8411,-0.5241,WebglFramebuffer,5,0,1,,,
62440.3,1790994229702,21:23:49.701,placed,true,630,33.9,60.575512,NORMAL,UNSPECIFIED,-0.3987,0.955,0.0389,0.2532,0.0229,0.0359,-0.9665,64.5775,0.5122,-0.3987,0.955,0.0389,-0.2532,-0.0229,-0.0359,0.9665,64.5775,0.5122,0,0,-0.1543,0.633,-1.6172,0,0.9988,0,-0.0482,1,256.3,176.5,false,,,,389,0.4167,6,1.9754,0.0458,,,0.6334,,,,,,9.3652,100,0.0564,0,0.5122,0,0,0.01,99.9934,0,0,3.0898,1.5825,0,0,-1.0002,-0.02,0.99637,0.08097,-0.02618,0,-0.05773,0.86918,0.49112,0,0.06253,-0.48783,0.8707,0,0.44993,-0.77878,-0.51333,1,-0.1543,0.633,-1.6172,true,true,0.0556,0.3344,-1.5775,0.013,-0.2051,-0.2985,-0.0597,0.013,true,-0.1543,0.633,-1.6172,1.7523,251.7,-338,1.1461,,,true,,,,,,,,,,,false,1,0,0,1.5775,0,0.0556,0.3344,-1.5775,0.4499,-0.7788,-0.5133,WebglFramebuffer,5,0,1,,,
62541.4,1790994229803,21:23:49.803,placed,true,631,62,60.747053,NORMAL,UNSPECIFIED,-0.4033,0.9062,0.0366,0.2554,0.0233,0.039,-0.9658,64.5775,0.5122,-0.4033,0.9062,0.0366,-0.2554,-0.0233,-0.039,0.9658,64.5775,0.5122,0,0,-0.1543,0.633,-1.6172,0,0.9988,0,-0.0482,1,257.1,153.5,false,,,,388,0.4235,5,1.9072,0.0252,,,0.6334,,,,,,9.4178,100,0.0491,0,0.5122,0,0,0.01,99.9934,0,0,3.0898,1.5825,0,0,-1.0002,-0.02,0.99586,0.08733,-0.02508,0,-0.06351,0.86646,0.4952,0,0.06498,-0.49155,0.86842,0,0.45684,-0.73195,-0.49062,1,-0.1543,0.633,-1.6172,true,true,0.0556,0.3344,-1.5775,0.013,-0.2051,-0.2985,-0.0597,0.013,true,-0.1543,0.633,-1.6172,1.7523,250,-385.1,1.1135,,,true,,,,,,,,,,,false,1,0,0,1.5775,0,0.0556,0.3344,-1.5775,0.4568,-0.732,-0.4906,WebglFramebuffer,5,0,1,,,
62658,1790994229920,21:23:49.919,placed,true,632,74.6,60.819191,NORMAL,UNSPECIFIED,-0.3947,0.8582,0.0487,0.2546,0.0258,0.0444,-0.9657,64.5775,0.5122,-0.3947,0.8582,0.0487,-0.2546,-0.0258,-0.0444,0.9657,64.5775,0.5122,0,0,-0.1543,0.633,-1.6172,0,0.9988,0,-0.0482,1,248.6,133.9,false,,,,384,0.4259,4,1.8061,0.0383,,,0.6334,,,,,,9.3337,99.9,0.0502,0,0.5122,0,0,0.01,99.9934,0,0,3.0898,1.5825,0,0,-1.0002,-0.02,0.99472,0.09891,-0.02731,0,-0.07259,0.86644,0.49397,0,0.07252,-0.48938,0.86905,0,0.45141,-0.68072,-0.47705,1,-0.1543,0.633,-1.6172,true,true,0.0556,0.3344,-1.5775,0.013,-0.2051,-0.2985,-0.0597,0.013,true,-0.1543,0.633,-1.6172,1.7523,233.1,-418,1.1025,,,true,,,,,,,,,,,false,1,0,0,1.5775,0,0.0556,0.3344,-1.5775,0.4514,-0.6807,-0.477,WebglFramebuffer,5,0,1,,,
62804.9,1790994230066,21:23:50.066,placed,true,633,118.3,60.92424,NORMAL,UNSPECIFIED,-0.3924,0.8163,0.0306,0.2522,0.0269,0.0425,-0.9664,64.5775,0.5122,-0.3924,0.8163,0.0306,-0.2522,-0.0269,-0.0425,0.9664,64.5775,0.5122,0,0,-0.1543,0.633,-1.6172,0,0.9988,0,-0.0482,1,247.2,121,false,,,,381,0.4285,3,1.557,0.014,,,0.6334,,,,,,9.082,100,0.0457,0,0.5122,0,0,0.01,99.9934,0,0,3.0898,1.5825,0,0,-1.0002,-0.02,0.99493,0.09582,-0.03061,0,-0.06863,0.86914,0.48978,0,0.07353,-0.4852,0.87131,0,0.44417,-0.65707,-0.43845,1,-0.1543,0.633,-1.6172,true,true,0.0556,0.3344,-1.5775,0.013,-0.2051,-0.2985,-0.0597,0.013,true,-0.1543,0.633,-1.6172,1.7523,232.5,-451.8,1.0736,,,true,,,,,,,,,,,false,1,0,0,1.5775,0,0.0556,0.3344,-1.5775,0.4442,-0.6571,-0.4384,WebglFramebuffer,5,0,1,,,
62879.9,1790994230141,21:23:50.141,placed,true,634,43.4,61.027065,NORMAL,UNSPECIFIED,-0.4,0.8199,0.0491,0.2533,0.0299,0.0408,-0.9661,64.5775,0.5122,-0.4,0.8199,0.0491,-0.2533,-0.0299,-0.0408,0.9661,64.5775,0.5122,0,0,-0.1543,0.633,-1.6172,0,0.9988,0,-0.0482,1,245.6,120.4,false,,,,382,0.4283,4,1.8721,0.014,,,0.6334,,,,,,9.5053,100,0.0203,0,0.5122,0,0,0.01,99.9934,0,0,3.0898,1.5825,0,0,-1.0002,-0.02,0.99489,0.09387,-0.03708,0,-0.0636,0.86838,0.49181,0,0.07837,-0.48694,0.86991,0,0.44624,-0.65058,-0.46076,1,-0.1543,0.633,-1.6172,true,true,0.0556,0.3344,-1.5775,0.013,-0.2051,-0.2985,-0.0597,0.013,true,-0.1543,0.633,-1.6172,1.7523,233.2,-444.3,1.0895,,,true,,,,,,,,,,,false,1,0,0,1.5775,0,0.0556,0.3344,-1.5775,0.4462,-0.6506,-0.4608,WebglFramebuffer,5,0,1,,,
63013,1790994230275,21:23:50.274,placed,true,635,103.5,61.176269,NORMAL,UNSPECIFIED,-0.3958,0.818,0.0553,0.2546,0.0306,0.0417,-0.9657,64.5775,0.5122,-0.3958,0.818,0.0553,-0.2546,-0.0306,-0.0417,0.9657,64.5775,0.5122,0,0,-0.1543,0.633,-1.6172,0,0.9988,0,-0.0482,1,242.4,117.4,false,,,,382,0.4265,4,1.8765,0.014,,,0.6334,,,,,,9.3061,66.7,0.0078,0,0.5122,0,0,0.01,99.9934,0,0,3.0898,1.5825,0,0,-1.0002,-0.02,0.99464,0.09616,-0.03792,0,-0.06496,0.86685,0.49431,0,0.0804,-0.4892,0.86846,0,0.44233,-0.64395,-0.46736,1,-0.1543,0.633,-1.6172,true,true,0.0556,0.3344,-1.5775,0.013,-0.2051,-0.2985,-0.0597,0.013,true,-0.1543,0.633,-1.6172,1.7523,228,-448.4,1.0897,,,true,,,,,,,,,,,false,1,0,0,1.5775,0,0.0556,0.3344,-1.5775,0.4423,-0.6439,-0.4674,WebglFramebuffer,5,0,1,,,
63102.6,1790994230364,21:23:50.364,placed,true,636,43.2,61.250126,NORMAL,UNSPECIFIED,-0.4174,0.8033,0.0509,0.2531,0.0348,0.0403,-0.966,64.5775,0.5122,-0.4174,0.8033,0.0509,-0.2531,-0.0348,-0.0403,0.966,64.5775,0.5122,0,0,-0.1543,0.633,-1.6172,0,0.9988,0,-0.0482,1,245.7,113.5,false,,,,205,0.4359,3,1.6005,-0.001,,,0.6334,,,,,,9.4903,100,0.0265,0,0.5122,0,0,0.01,99.9934,0,0,3.0898,1.5825,0,0,-1.0002,-0.02,0.99433,0.09542,-0.04688,0,-0.06017,0.86866,0.49174,0,0.08765,-0.48614,0.86948,0,0.4589,-0.63327,-0.45885,1,-0.1543,0.633,-1.6172,true,true,0.0556,0.3344,-1.5775,0.013,-0.2051,-0.2985,-0.0597,0.013,true,-0.1543,0.633,-1.6172,1.7523,235.1,-456.4,1.0855,,,true,,,,,,,,,,,false,1,0,0,1.5775,0,0.0556,0.3344,-1.5775,0.4589,-0.6333,-0.4588,WebglFramebuffer,5,0,1,,,
63233.5,1790994230495,21:23:50.495,placed,true,637,100.1,61.399451,NORMAL,UNSPECIFIED,-0.4181,0.8026,0.0502,0.2556,0.0359,0.0388,-0.9653,64.5775,0.5122,-0.4181,0.8026,0.0502,-0.2556,-0.0359,-0.0388,0.9653,64.5775,0.5122,0,1.3588,-0.1543,0.633,-1.6172,0,0.9988,0,-0.0482,1,244.9,109.8,false,,,,203,0.4429,3,1.5996,-0.001,,,0.6334,,,,,,9.3052,83.2,0.0012,0,0.5122,0,0,0.01,99.9934,0,0,3.0898,1.5825,0,0,-1.0002,-0.02,0.99442,0.09318,-0.04943,0,-0.05652,0.86637,0.4962,0,0.08906,-0.49064,0.8668,0,0.45663,-0.63175,-0.46239,1,-0.1543,0.633,-1.6172,true,true,0.0556,0.3344,-1.5775,0.013,-0.2051,-0.2985,-0.0597,0.013,true,-0.1543,0.633,-1.6172,1.7523,236,-465.9,1.0773,,,true,,,,,,,,,,,false,1,0,0,1.5775,0,0.0556,0.3344,-1.5775,0.4566,-0.6318,-0.4624,WebglFramebuffer,5,0,1,,,
63340.8,1790994230602,21:23:50.602,placed,true,638,83.4,61.473184,NORMAL,UNSPECIFIED,-0.4133,0.7971,0.0542,0.2573,0.0368,0.0401,-0.9648,64.5775,0.5122,-0.4133,0.7971,0.0542,-0.2573,-0.0368,-0.0401,0.9648,64.5775,0.5122,0,0,-0.1543,0.633,-1.6172,0,0.9988,0,-0.0482,1,241.3,104.7,false,,,,203,0.4503,3,1.6,-0.001,,,0.6334,,,,,,9.3067,100,0.0083,0,0.5122,0,0,0.01,99.9934,0,0,3.0898,1.5825,0,0,-1.0002,-0.02,0.99408,0.09628,-0.05033,0,-0.05844,0.86442,0.49936,0,0.09158,-0.49346,0.86493,0,0.45243,-0.6225,-0.46574,1,-0.1543,0.633,-1.6172,true,true,0.0556,0.3344,-1.5775,0.013,-0.2051,-0.2985,-0.0597,0.013,true,-0.1543,0.633,-1.6172,1.7523,229.9,-475.5,1.0725,,,true,,,,,,,,,,,false,1,0,0,1.5775,0,0.0556,0.3344,-1.5775,0.4524,-0.6225,-0.4657,WebglFramebuffer,5,0,1,,,
63430.3,1790994230692,21:23:50.691,placed,true,639,66.9,61.596857,NORMAL,UNSPECIFIED,-0.4109,0.7894,0.0501,0.257,0.0382,0.0426,-0.9647,64.5775,0.5122,-0.4109,0.7894,0.0501,-0.257,-0.0382,-0.0426,0.9647,64.5775,0.5122,0,0.901,-0.1543,0.633,-1.6172,0,0.9988,0,-0.0482,1,238,101.7,false,,,,203,0.4534,3,1.5925,-0.001,,,0.6334,,,,,,9.4933,100,0.009,0,0.5122,0,0,0.01,99.9934,0,0,3.0898,1.5825,0,0,-1.0002,-0.02,0.99345,0.10186,-0.05181,0,-0.06259,0.86429,0.49909,0,0.09562,-0.49258,0.865,0,0.45284,-0.61577,-0.45862,1,-0.1543,0.633,-1.6172,true,true,0.0556,0.3344,-1.5775,0.013,-0.2051,-0.2985,-0.0597,0.013,true,-0.1543,0.633,-1.6172,1.7523,222.9,-483.4,1.0657,,,true,,,,,,,,,,,false,1,0,0,1.5775,0,0.0556,0.3344,-1.5775,0.4528,-0.6158,-0.4586,WebglFramebuffer,5,0,1,,,
63569.8,1790994230831,21:23:50.831,placed,true,640,114.4,61.702649,NORMAL,UNSPECIFIED,-0.4109,0.7902,0.048,0.2569,0.0393,0.0404,-0.9648,64.5775,0.5122,-0.4109,0.7902,0.048,-0.2569,-0.0393,-0.0404,0.9648,64.5775,0.5122,0,0,-0.1543,0.633,-1.6172,0,0.9988,0,-0.0482,1,237.2,102.6,false,,,,202,0.4565,3,1.5911,-0.001,,,0.6334,,,,,,9.2608,83.3,0.0022,0,0.5122,0,0,0.01,99.9934,0,0,3.0898,1.5825,0,0,-1.0002,-0.02,0.99364,0.0982,-0.05511,0,-0.05779,0.86471,0.49894,0,0.09665,-0.49258,0.86488,0,0.44928,-0.61931,-0.45847,1,-0.1543,0.633,-1.6172,true,true,0.0556,0.3344,-1.5775,0.013,-0.2051,-0.2985,-0.0597,0.013,true,-0.1543,0.633,-1.6172,1.7523,224.2,-482.6,1.0651,,,true,,,,,,,,,,,false,1,0,0,1.5775,0,0.0556,0.3344,-1.5775,0.4493,-0.6193,-0.4585,WebglFramebuffer,5,0,1,,,
63661.1,1790994230923,21:23:50.922,placed,true,641,64.7,61.795321,NORMAL,UNSPECIFIED,-0.3979,0.7905,0.062,0.26,0.0381,0.0377,-0.9641,64.5775,0.5122,-0.3979,0.7905,0.062,-0.26,-0.0381,-0.0377,0.9641,64.5775,0.5122,0,1.0028,-0.1543,0.633,-1.6172,0,0.9988,0,-0.0482,1,233.5,98.2,false,,,,201,0.458,3,1.6024,-0.001,,,0.6334,,,,,,9.43,100,0.0191,0,0.5122,0,0,0.01,99.9934,0,0,3.0898,1.5825,0,0,-1.0002,-0.02,0.99426,0.09253,-0.05377,0,-0.05295,0.86195,0.50422,0,0.093,-0.49848,0.8619,0,0.43167,-0.61363,-0.47337,1,-0.1543,0.633,-1.6172,true,true,0.0556,0.3344,-1.5775,0.013,-0.2051,-0.2985,-0.0597,0.013,true,-0.1543,0.633,-1.6172,1.7523,221.8,-487.7,1.0671,,,true,,,,,,,,,,,false,1,0,0,1.5775,0,0.0556,0.3344,-1.5775,0.4317,-0.6136,-0.4734,WebglFramebuffer,5,0,1,,,
63769.1,1790994231031,21:23:51.030,placed,true,642,82.7,61.939025,NORMAL,UNSPECIFIED,-0.401,0.7857,0.0545,0.2621,0.0394,0.0388,-0.9635,64.5775,0.5122,-0.401,0.7857,0.0545,-0.2621,-0.0394,-0.0388,0.9635,64.5775,0.5122,0,0,-0.1543,0.633,-1.6172,0,0.9988,0,-0.0482,1,233.1,93,false,,,,201,0.4608,3,1.5938,-0.001,,,0.6334,,,,,,9.413,99.9,0.0094,0,0.5122,0,0,0.01,99.9934,0,0,3.0898,1.5825,0,0,-1.0002,-0.02,0.99388,0.09539,-0.05564,0,-0.05406,0.85961,0.50808,0,0.0963,-0.50196,0.85951,0,0.43575,-0.60984,-0.46835,1,-0.1543,0.633,-1.6172,true,true,0.0556,0.3344,-1.5775,0.013,-0.2051,-0.2985,-0.0597,0.013,true,-0.1543,0.633,-1.6172,1.7523,220.5,-503.4,1.0519,,,true,,,,,,,,,,,false,1,0,0,1.5775,0,0.0556,0.3344,-1.5775,0.4357,-0.6098,-0.4684,WebglFramebuffer,5,0,1,,,
63914.9,1790994231177,21:23:51.176,placed,true,643,114.5,62.02587,NORMAL,UNSPECIFIED,-0.41,0.7953,0.0623,0.2623,0.039,0.0384,-0.9634,64.5775,0.5122,-0.41,0.7953,0.0623,-0.2623,-0.039,-0.0384,0.9634,64.5775,0.5122,0,1.2923,-0.1543,0.633,-1.6172,0,0.9988,0,-0.0482,1,236.9,96.4,false,,,,203,0.4639,2,1.6059,0.0174,,,0.6334,,,,,,9.1575,100,0.0153,0,0.5122,0,0,0.01,99.9934,0,0,3.0898,1.5825,0,0,-1.0002,-0.02,0.99401,0.09443,-0.05493,0,-0.05355,0.85944,0.50842,0,0.09522,-0.50244,0.85935,0,0.4442,-0.61353,-0.48043,1,-0.1543,0.633,-1.6172,true,true,0.0556,0.3344,-1.5775,0.013,-0.2051,-0.2985,-0.0597,0.013,true,-0.1543,0.633,-1.6172,1.7523,226.5,-492.1,1.0633,,,true,,,,,,,,,,,false,1,0,0,1.5775,0,0.0556,0.3344,-1.5775,0.4442,-0.6135,-0.4804,WebglFramebuffer,5,0,1,,,
63999.2,1790994231261,21:23:51.260,placed,true,644,54.8,62.139748,NORMAL,UNSPECIFIED,-0.4112,0.7809,0.0414,0.2604,0.0396,0.0363,-0.964,64.5775,0.5122,-0.4112,0.7809,0.0414,-0.2604,-0.0396,-0.0363,0.964,64.5775,0.5122,0,0.5122,-0.1543,0.633,-1.6172,0,0.9988,0,-0.0482,1,238.2,94.1,false,,,,199,0.4682,3,1.5807,-0.001,,,0.6334,,,,,,9.428,100,0.0254,0,0.5122,0,0,0.01,99.9934,0,0,3.0898,1.5825,0,0,-1.0002,-0.02,0.99423,0.09058,-0.05747,0,-0.04931,0.86172,0.50498,0,0.09526,-0.49923,0.86122,0,0.44338,-0.61502,-0.45363,1,-0.1543,0.633,-1.6172,true,true,0.0556,0.3344,-1.5775,0.013,-0.2051,-0.2985,-0.0597,0.013,true,-0.1543,0.633,-1.6172,1.7523,230.4,-506.4,1.0445,,,true,,,,,,,,,,,false,1,0,0,1.5775,0,0.0556,0.3344,-1.5775,0.4434,-0.615,-0.4536,WebglFramebuffer,5,0,1,,,
64155.9,1790994231418,21:23:51.417,placed,true,645,136.5,62.283917,NORMAL,UNSPECIFIED,-0.4184,0.793,0.0313,0.2625,0.0401,0.0344,-0.9635,64.5775,0.5122,-0.4184,0.793,0.0313,-0.2625,-0.0401,-0.0344,0.9635,64.5775,0.5122,0,0,-0.1543,0.633,-1.6172,0,0.9988,0,-0.0482,1,241.6,96.9,false,,,,199,0.4702,3,1.5786,-0.001,,,0.6334,,,,,,9.1234,83.2,0.0174,0,0.5122,0,0,0.01,99.9934,0,0,3.0898,1.5825,0,0,-1.0002,-0.02,0.99442,0.08727,-0.05921,0,-0.04519,0.85987,0.5085,0,0.09529,-0.50299,0.85902,0,0.44897,-0.62965,-0.45495,1,-0.1543,0.633,-1.6172,true,true,0.0556,0.3344,-1.5775,0.013,-0.2051,-0.2985,-0.0597,0.013,true,-0.1543,0.633,-1.6172,1.7523,237.6,-506.9,1.0365,,,true,,,,,,,,,,,false,1,0,0,1.5775,0,0.0556,0.3344,-1.5775,0.449,-0.6296,-0.4549,WebglFramebuffer,5,0,1,,,
64236.6,1790994231498,21:23:51.498,placed,true,646,56.2,62.359552,NORMAL,UNSPECIFIED,-0.4095,0.845,0.0235,0.2601,0.0408,0.0362,-0.9641,64.5775,0.5122,-0.4095,0.845,0.0235,-0.2601,-0.0408,-0.0362,0.9641,64.5775,0.5122,0,0,-0.1543,0.633,-1.6172,0,0.9988,0,-0.0482,1,237.5,123.3,false,,,,202,0.4723,3,1.5981,-0.001,,,0.6334,,,,,,9.4502,100,0.0533,0,0.5122,0,0,0.01,99.9934,0,0,3.0898,1.5825,0,0,-1.0002,-0.02,0.99406,0.09092,-0.05983,0,-0.0485,0.86213,0.50436,0,0.09743,-0.49846,0.86142,0,0.4458,-0.67958,-0.47097,1,-0.1543,0.633,-1.6172,true,true,0.0556,0.3344,-1.5775,0.013,-0.2051,-0.2985,-0.0597,0.013,true,-0.1543,0.633,-1.6172,1.7523,229.9,-453.9,1.0628,,,true,,,,,,,,,,,false,1,0,0,1.5775,0,0.0556,0.3344,-1.5775,0.4458,-0.6796,-0.471,WebglFramebuffer,5,0,1,,,
64399.2,1790994231661,21:23:51.660,placed,true,647,139.8,62.520355,NORMAL,UNSPECIFIED,-0.4089,0.8991,0.0232,0.2607,0.0421,0.0317,-0.964,64.5775,0.5122,-0.4089,0.8991,0.0232,-0.2607,-0.0421,-0.0317,0.964,64.5775,0.5122,0,0,-0.1543,0.633,-1.6172,0,0.9988,0,-0.0482,1,236.5,145.9,false,,,,204,0.4739,4,1.7528,0.0174,,,0.6334,,,,,,9.1202,66.6,0.054,0,0.5122,0,0,0.01,99.9934,0,0,3.0898,1.5825,0,0,-1.0002,-0.02,0.99444,0.08311,-0.0647,0,-0.03918,0.8621,0.50522,0,0.09777,-0.49988,0.86056,0,0.43961,-0.72951,-0.50062,1,-0.1543,0.633,-1.6172,true,true,0.0556,0.3344,-1.5775,0.013,-0.2051,-0.2985,-0.0597,0.013,true,-0.1543,0.633,-1.6172,1.7523,233.5,-407.9,1.0889,,,true,,,,,,,,,,,false,1,0,0,1.5775,0,0.0556,0.3344,-1.5775,0.4396,-0.7295,-0.5006,WebglFramebuffer,5,0,1,,,
64511.3,1790994231773,21:23:51.772,placed,true,648,91.9,62.599273,NORMAL,UNSPECIFIED,-0.4035,1.0015,0.0087,0.2666,0.0426,0.0272,-0.9625,64.5775,0.5122,-0.4035,1.0015,0.0087,-0.2666,-0.0426,-0.0272,0.9625,64.5775,0.5122,0,0,-0.1543,0.633,-1.6172,0,0.9988,0,-0.0482,1,235.1,180.5,false,,,,205,0.4746,3,2.0518,0.0075,,,0.6334,,,,,,9.1002,100,0.1036,0,0.5122,0,0,0.01,99.9934,0,0,3.0898,1.5825,0,0,-1.0002,-0.02,0.99489,0.07513,-0.06747,0,-0.02971,0.85639,0.51547,0,0.09651,-0.51083,0.85425,0,0.43034,-0.82293,-0.55093,1,-0.1543,0.633,-1.6172,true,true,0.0556,0.3344,-1.5775,0.013,-0.2051,-0.2985,-0.0597,0.013,true,-0.1543,0.633,-1.6172,1.7523,236.8,-345.6,1.1125,,,true,,,,,,,,,,,false,1,0,0,1.5775,0,0.0556,0.3344,-1.5775,0.4303,-0.8229,-0.5509,WebglFramebuffer,5,0,1,,,
64625.8,1790994231887,21:23:51.887,placed,true,649,88.4,62.758658,NORMAL,UNSPECIFIED,-0.3937,1.0291,-0.0019,0.2685,0.0405,0.0321,-0.9619,64.5775,0.5122,-0.3937,1.0291,-0.0019,-0.2685,-0.0405,-0.0321,0.9619,64.5775,0.5122,0,0,-0.1543,0.633,-1.6172,0,0.9988,0,-0.0482,1,234.5,188.9,false,,,,207,0.4772,3,2.0555,0.0075,,,0.6334,,,,,,9.0636,100,0.0311,0,0.5122,0,0,0.01,99.9934,0,0,3.0898,1.5825,0,0,-1.0002,-0.02,0.99466,0.08345,-0.06065,0,-0.03997,0.85374,0.51916,0,0.0951,-0.51397,0.85252,0,0.43288,-0.84668,-0.55655,1,-0.1543,0.633,-1.6172,true,true,0.0556,0.3344,-1.5775,0.013,-0.2051,-0.2985,-0.0597,0.013,true,-0.1543,0.633,-1.6172,1.7523,230.7,-333.6,1.1106,,,true,,,,,,,,,,,false,1,0,0,1.5775,0,0.0556,0.3344,-1.5775,0.4329,-0.8467,-0.5566,WebglFramebuffer,5,0,1,,,
64805.2,1790994232067,21:23:52.066,placed,true,650,155.9,62.876966,NORMAL,UNSPECIFIED,-0.3872,1.1398,-0.0173,0.2614,0.0377,0.0444,-0.9635,64.5775,0.5122,-0.3872,1.1398,-0.0173,-0.2614,-0.0377,-0.0444,0.9635,64.5775,0.5122,0,0,-0.1543,0.633,-1.6172,0,0.9988,0,-0.0482,1,237.5,239.8,false,,,,207,0.48,2,5.9066,0.0075,,,0.6334,,,,,,8.7143,100,0.112,0,0.5122,0,0,0.01,99.9934,0,0,3.0898,1.5825,0,0,-1.0002,-0.02,0.99321,0.10533,-0.04934,0,-0.06595,0.85937,0.50709,0,0.09581,-0.5004,0.86048,0,0.46138,-0.94736,-0.5822,1,-0.1543,0.633,-1.6172,true,true,0.0556,0.3344,-1.5775,0.013,-0.2051,-0.2985,-0.0597,0.013,true,-0.1543,0.633,-1.6172,1.7523,222.1,-236.6,1.1698,,,true,,,,,,,,,,,false,1,0,0,1.5775,0,0.0556,0.3344,-1.5775,0.4614,-0.9474,-0.5822,WebglFramebuffer,5,0,1,,,
64886.8,1790994232148,21:23:52.148,placed,true,651,56.4,62.98984,NORMAL,UNSPECIFIED,-0.3842,1.2627,-0.0224,0.2589,0.0342,0.0416,-0.9644,64.5775,0.5122,-0.3842,1.2627,-0.0224,-0.2589,-0.0342,-0.0416,0.9644,64.5775,0.5122,0,0.2913,-0.1543,0.633,-1.6172,0,0.9988,0,-0.0482,1,242.2,286.8,false,,,,209,0.4786,6,2.7862,0.0016,,,0.6334,,,,,,9.0699,100,0.1231,0,0.5122,0,0,0.01,99.9934,0,0,3.0898,1.5825,0,0,-1.0002,-0.02,0.9942,0.09797,-0.04434,0,-0.06259,0.86244,0.50227,0,0.08745,-0.49658,0.86357,0,0.46299,-1.0625,-0.63186,1,-0.1543,0.633,-1.6172,true,true,0.0556,0.3344,-1.5775,0.013,-0.2051,-0.2985,-0.0597,0.013,true,-0.1543,0.633,-1.6172,1.7523,230.8,-148.1,1.2328,,,true,,,,,,,,,,,false,1,0,0,1.5775,0,0.0556,0.3344,-1.5775,0.463,-1.0625,-0.6319,WebglFramebuffer,5,0,1,,,
65021.6,1790994232283,21:23:52.283,placed,true,652,105.1,63.170027,NORMAL,UNSPECIFIED,-0.3915,1.3605,-0.0331,0.2622,0.0328,0.0367,-0.9638,64.5775,0.5122,-0.3915,1.3605,-0.0331,-0.2622,-0.0328,-0.0367,0.9638,64.5775,0.5122,0,0,-0.1543,0.633,-1.6172,0,0.9988,0,-0.0482,1,246.7,316.6,false,,,,213,0.4783,12,2.7907,0.0041,,,0.6334,,,,,,8.9053,100,0.0987,0,0.5122,0,0,0.01,99.9934,0,0,3.0898,1.5825,0,0,-1.0002,-0.02,0.99515,0.08795,-0.04396,0,-0.05355,0.8598,0.50781,0,0.08246,-0.503,0.86035,0,0.46521,-1.15198,-0.67962,1,-0.1543,0.633,-1.6172,true,true,0.0556,0.3344,-1.5775,0.013,-0.2051,-0.2985,-0.0597,0.013,true,-0.1543,0.633,-1.6172,1.7523,241.5,-94.7,1.2667,,,true,,,,,,,,,,,false,1,0,0,1.5775,0,0.0556,0.3344,-1.5775,0.4652,-1.152,-0.6796,WebglFramebuffer,5,0,1,,,
65155,1790994232417,21:23:52.416,placed,true,653,97.6,63.256344,NORMAL,UNSPECIFIED,-0.3774,1.5184,-0.0548,0.2631,0.0286,0.0305,-0.9639,64.5775,0.5122,-0.3774,1.5184,-0.0548,-0.2631,-0.0286,-0.0305,0.9639,64.5775,0.5122,0,0,-0.1543,0.633,-1.6172,0,0.9988,0,-0.0482,1,246.8,368.3,false,,,,212,0.4784,14,2.6983,0.1924,,,0.6334,,,,,,8.7638,100,0.16,0,0.5122,0,0,0.01,99.9934,0,0,3.0898,1.5825,0,0,-1.0002,-0.02,0.99651,0.07376,-0.03905,0,-0.04368,0.85966,0.50899,0,0.07111,-0.50551,0.85989,0,0.44635,-1.30517,-0.74046,1,-0.1543,0.633,-1.6172,true,true,0.0556,0.3344,-1.5775,0.013,-0.2051,-0.2985,-0.0597,0.013,true,-0.1543,0.633,-1.6172,1.7523,246.3,-6.1,1.3257,,,true,,,,,,,,,,,false,1,0,0,1.5775,0,0.0556,0.3344,-1.5775,0.4463,-1.3052,-0.7405,WebglFramebuffer,6,0,1,,,
65292.1,1790994232554,21:23:52.553,placed,true,654,110.7,63.397136,NORMAL,UNSPECIFIED,-0.3963,1.594,-0.0267,0.2665,0.0304,0.0264,-0.963,64.5775,0.5122,-0.3963,1.594,-0.0267,-0.2665,-0.0304,-0.0264,0.963,64.5775,0.5122,0,0,-0.1543,0.633,-1.6172,0,0.9988,0,-0.0482,1,248,381.2,false,,,,212,0.4785,13,2.7613,0.157,,,0.6334,,,,,,8.6168,100,0.0828,0,0.5122,0,0,0.01,99.9934,0,0,3.0898,1.5825,0,0,-1.0002,-0.02,0.99675,0.06712,-0.04454,0,-0.03467,0.85654,0.51492,0,0.07271,-0.5117,0.85608,0,0.45219,-1.35237,-0.81552,1,-0.1543,0.633,-1.6172,true,true,0.0556,0.3344,-1.5775,0.013,-0.2051,-0.2985,-0.0597,0.013,true,-0.1543,0.633,-1.6172,1.7523,251.8,28.4,1.3845,,,true,,,,,,,,,,,false,1,0,0,1.5775,0,0.0556,0.3344,-1.5775,0.4522,-1.3524,-0.8155,WebglFramebuffer,6,0,1,,,
65370.2,1790994232632,21:23:52.631,placed,true,655,53.9,63.520976,NORMAL,UNSPECIFIED,-0.3963,1.6608,-0.0348,0.2702,0.0282,0.0258,-0.962,64.5775,0.5122,-0.3963,1.6608,-0.0348,-0.2702,-0.0282,-0.0258,0.962,64.5775,0.5122,0,1.5123,-0.1543,0.633,-1.6172,0,0.9988,0,-0.0482,1,250.4,396.4,false,,,,209,0.4816,14,2.9481,0.1415,,,0.6334,,,,,,9.0339,100,0.0673,0,0.5122,0,0,0.01,99.9934,0,0,3.0898,1.5825,0,0,-1.0002,-0.02,0.99708,0.06484,-0.04033,0,-0.03436,0.85266,0.52134,0,0.06819,-0.51843,0.85239,0,0.45456,-1.40844,-0.85219,1,-0.1543,0.633,-1.6172,true,true,0.0556,0.3344,-1.5775,0.013,-0.2051,-0.2985,-0.0597,0.013,true,-0.1543,0.633,-1.6172,1.7523,255.3,55.8,1.4057,,,true,,,,,,,,,,,false,1,0,0,1.5775,0,0.0556,0.3344,-1.5775,0.4546,-1.4084,-0.8522,WebglFramebuffer,6,0,1,,,
65521.1,1790994232783,21:23:52.782,placed,true,656,128.8,63.656705,NORMAL,UNSPECIFIED,-0.4089,1.697,-0.0212,0.26,0.0299,0.0207,-0.9649,64.5775,0.5122,-0.4089,1.697,-0.0212,-0.26,-0.0299,-0.0207,0.9649,64.5775,0.5122,0,1.093,-0.1543,0.633,-1.6172,0,0.9988,0,-0.0482,1,250.2,416.9,false,,,,204,0.4831,7,2.8211,0.157,,,0.6334,,,,,,8.7932,66.6,0.0406,0,0.5122,0,0,0.01,99.9934,0,0,3.0898,1.5825,0,0,-1.0002,-0.02,0.99736,0.05545,-0.04692,0,-0.02436,0.8639,0.50308,0,0.06843,-0.5006,0.86297,0,0.45061,-1.45392,-0.85463,1,-0.1543,0.633,-1.6172,true,true,0.0556,0.3344,-1.5775,0.013,-0.2051,-0.2985,-0.0597,0.013,true,-0.1543,0.633,-1.6172,1.7523,258.1,89.5,1.4529,,,true,,,,,,,,,,,false,1,0,0,1.5775,0,0.0556,0.3344,-1.5775,0.4506,-1.4539,-0.8546,WebglFramebuffer,6,0,1,,,
65764,1790994232861,21:23:52.860,placed,true,657,45.8,63.731868,NORMAL,UNSPECIFIED,-0.4191,1.7549,0,0.2545,0.0296,0.023,-0.9663,64.5775,0.5122,-0.4191,1.7549,0,-0.2545,-0.0296,-0.023,0.9663,64.5775,0.5122,0,1.528,-0.1543,0.633,-1.6172,0,0.9988,0,-0.0482,1,253.5,434.7,false,,,,390,0.4886,17,3.2955,0.2106,,,0.6334,,,,,,9.1959,100,0.0625,0,0.5122,0,0,0.01,99.9934,0,0,3.0898,1.5825,0,0,-1.0002,-0.02,0.99719,0.05945,-0.04549,0,-0.02933,0.8694,0.49323,0,0.06887,-0.49052,0.86871,0,0.46944,-1.50081,-0.88461,1,-0.1543,0.633,-1.6172,true,true,0.0556,0.3344,-1.5775,0.013,-0.2051,-0.2985,-0.0597,0.013,true,-0.1543,0.633,-1.6172,1.7523,260,122.4,1.5079,81,255/0/255,true,,,,,,,,,,,false,1,0,0,1.5775,0,0.0556,0.3344,-1.5775,0.4694,-1.5008,-0.8846,WebglFramebuffer,6,0,1,,,
65820,1790994233082,21:23:53.081,placed,true,658,30.6,63.893158,NORMAL,UNSPECIFIED,-0.4218,1.7811,-0.0251,0.2526,0.0308,0.0242,-0.9668,64.5775,0.5122,-0.4218,1.7811,-0.0251,-0.2526,-0.0308,-0.0242,0.9668,64.5775,0.5122,0,0,-0.1543,0.633,-1.6172,0,0.9988,0,-0.0482,1,254.7,447.9,false,,,,384,0.4899,16,3.7247,0.136,,,0.6334,,,,,,8.7293,100,0.0364,0,0.5122,0,0,0.01,99.9934,0,0,3.0898,1.5825,0,0,-1.0002,-0.02,0.99693,0.06236,-0.04727,0,-0.03127,0.8712,0.48992,0,0.07173,-0.48694,0.87048,0,0.47804,-1.53766,-0.87072,1,-0.1543,0.633,-1.6172,true,true,0.0556,0.3344,-1.5775,0.013,-0.2051,-0.2985,-0.0597,0.013,true,-0.1543,0.633,-1.6172,1.7523,260.7,137.6,1.5018,,,true,,,,,,,,,,,false,1,0,0,1.5775,0,0.0556,0.3344,-1.5775,0.478,-1.5377,-0.8707,WebglFramebuffer,6,0,1,,,
65894.4,1790994233156,21:23:53.156,placed,true,659,46,64.130327,NORMAL,UNSPECIFIED,-0.4229,1.8426,-0.0165,0.2512,0.0343,0.0216,-0.9671,64.5775,0.5122,-0.4229,1.8426,-0.0165,-0.2512,-0.0343,-0.0216,0.9671,64.5775,0.5122,0,0,-0.1543,0.633,-1.6172,0,0.9988,0,-0.0482,1,249.2,463.8,false,,,,399,0.4662,16,3.7625,0.136,,,0.6334,,,,,,9.2004,50,0.0621,0,0.5122,0,0,0.01,99.9934,0,0,3.0898,1.5825,0,0,-1.0002,-0.02,0.99671,0.05908,-0.05547,0,-0.02462,0.87287,0.48733,0,0.07721,-0.48436,0.87145,0,0.46817,-1.59138,-0.90705,1,-0.1543,0.633,-1.6172,true,true,0.0556,0.3344,-1.5775,0.013,-0.2051,-0.2985,-0.0597,0.013,true,-0.1543,0.633,-1.6172,1.7523,255.7,165.7,1.5425,,,true,,,,,,,,,,,false,1,0,0,1.5775,0,0.0556,0.3344,-1.5775,0.4682,-1.5914,-0.907,WebglFramebuffer,6,0,1,,,
66030.5,1790994233292,21:23:53.292,placed,true,660,81.1,64.189343,NORMAL,UNSPECIFIED,-0.429,1.936,0.045,0.2462,0.0367,0.0258,-0.9682,64.5775,0.5122,-0.429,1.936,0.045,-0.2462,-0.0367,-0.0258,0.9682,64.5775,0.5122,0,0,-0.1543,0.633,-1.6172,0,0.9988,0,-0.0482,1,247.3,480.5,false,,,,396,0.467,22,3.8852,0.1034,,,0.6334,,,,,,9.0151,83.3,0.112,0,0.5122,0,0,0.01,99.9934,0,0,3.0898,1.5825,0,0,-1.0002,-0.02,0.99597,0.06813,-0.05838,0,-0.03196,0.8774,0.4787,0,0.08384,-0.4749,0.87604,0,0.48532,-1.64801,-0.99123,1,-0.1543,0.633,-1.6172,true,true,0.0556,0.3344,-1.5775,0.013,-0.2051,-0.2985,-0.0597,0.013,true,-0.1543,0.633,-1.6172,1.7523,250.1,203.9,1.6472,,,true,,,,,,,,,,,false,1,0,0,1.5775,0,0.0556,0.3344,-1.5775,0.4853,-1.648,-0.9912,WebglFramebuffer,6,0,1,,,
66140.8,1790994233402,21:23:53.402,placed,true,661,78.4,64.289517,NORMAL,UNSPECIFIED,-0.4214,1.9173,0.0723,0.2378,0.0378,0.0269,-0.9702,64.5775,0.5122,-0.4214,1.9173,0.0723,-0.2378,-0.0378,-0.0269,0.9702,64.5775,0.5122,0,0.5294,-0.1543,0.633,-1.6172,0,0.9988,0,-0.0482,1,243.7,482.1,false,,,,397,0.4638,24,4.0304,0.0811,,,0.6334,,,,,,9.0202,100,0.0339,0,0.5122,0,0,0.01,99.9934,0,0,3.0898,1.5825,0,0,-1.0002,-0.02,0.99569,0.07019,-0.06061,0,-0.0342,0.88545,0.46348,0,0.08619,-0.45941,0.88403,0,0.4789,-1.63487,-0.97806,1,-0.1543,0.633,-1.6172,true,true,0.0556,0.3344,-1.5775,0.013,-0.2051,-0.2985,-0.0597,0.013,true,-0.1543,0.633,-1.6172,1.7523,244.4,206.3,1.6705,,,true,,,,,,,,,,,false,1,0,0,1.5775,0,0.0556,0.3344,-1.5775,0.4789,-1.6349,-0.9781,WebglFramebuffer,7,0,1,,,
66452.5,1790994233561,21:23:53.560,placed,true,662,130.5,64.402306,NORMAL,UNSPECIFIED,-0.4127,1.8929,0.1162,0.226,0.0368,0.0265,-0.9731,64.5775,0.5122,-0.4127,1.8929,0.1162,-0.226,-0.0368,-0.0265,0.9731,64.5775,0.5122,0,0,-0.1543,0.633,-1.6172,0,0.9988,0,-0.0482,1,241,484.2,false,,,,396,0.4632,21,4.0835,0.0785,,,0.6334,,,,,,8.7507,100,0.051,0,0.5122,0,0,0.01,99.9934,0,0,3.0898,1.5825,0,0,-1.0002,-0.02,0.99589,0.06815,-0.05968,0,-0.03487,0.89642,0.44183,0,0.08361,-0.43794,0.89511,0,0.46729,-1.61784,-0.96503,1,-0.1543,0.633,-1.6172,true,true,0.0556,0.3344,-1.5775,0.013,-0.2051,-0.2985,-0.0597,0.013,true,-0.1543,0.633,-1.6172,1.7523,240.3,210.3,1.7095,81,255/0/255,true,,,,,,,,,,,false,1,0,0,1.5775,0,0.0556,0.3344,-1.5775,0.4673,-1.6178,-0.965,WebglFramebuffer,7,0,1,,,
66521.9,1790994233784,21:23:53.783,placed,true,663,31.5,64.508313,NORMAL,UNSPECIFIED,-0.4173,1.9386,0.153,0.2209,0.0356,0.0254,-0.9743,64.5775,0.5122,-0.4173,1.9386,0.153,-0.2209,-0.0356,-0.0254,0.9743,64.5775,0.5122,0,0.8903,-0.1543,0.633,-1.6172,0,0.9988,0,-0.0482,1,242,495.4,false,,,,394,0.4617,22,4.1382,0.2777,,,0.6334,,,,,,8.3241,100,0.0588,0,0.5122,0,0,0.01,99.9934,0,0,3.0898,1.5825,0,0,-1.0002,-0.02,0.99617,0.06526,-0.05824,0,-0.03376,0.90113,0.43223,0,0.08069,-0.42861,0.89988,0,0.46882,-1.65412,-0.99995,1,-0.1543,0.633,-1.6172,true,true,0.0556,0.3344,-1.5775,0.013,-0.2051,-0.2985,-0.0597,0.013,true,-0.1543,0.633,-1.6172,1.7523,241.6,231,1.7675,,,true,,,,,,,,,,,false,1,0,0,1.5775,0,0.0556,0.3344,-1.5775,0.4688,-1.6541,-0.9999,WebglFramebuffer,7,0,1,,,
66602.8,1790994233864,21:23:53.864,placed,true,664,50.2,64.831015,NORMAL,UNSPECIFIED,-0.4194,1.9923,0.1703,0.2261,0.0343,0.0267,-0.9731,64.5775,0.5122,-0.4194,1.9923,0.1703,-0.2261,-0.0343,-0.0267,0.9731,64.5775,0.5122,0,1.3146,-0.1543,0.633,-1.6172,0,0.9988,0,-0.0482,1,243.7,497.7,false,,,,384,0.4619,22,4.18,0.2777,,,0.6334,,,,,,8.7308,83.3,0.0564,0,0.5122,0,0,0.01,99.9934,0,0,3.0898,1.5825,0,0,-1.0002,-0.02,0.99622,0.06754,-0.05457,0,-0.03655,0.8963,0.44194,0,0.07876,-0.43827,0.89538,0,0.47721,-1.68272,-1.05588,1,-0.1543,0.633,-1.6172,true,true,0.0556,0.3344,-1.5775,0.013,-0.2051,-0.2985,-0.0597,0.013,true,-0.1543,0.633,-1.6172,1.7523,243.1,240.9,1.8015,,,true,,,,,,,,,,,false,1,0,0,1.5775,0,0.0556,0.3344,-1.5775,0.4772,-1.6827,-1.0559,WebglFramebuffer,7,0,1,,,
66722.3,1790994233984,21:23:53.983,placed,true,665,94.9,64.892975,NORMAL,UNSPECIFIED,-0.4286,2.0055,0.1382,0.2306,0.0344,0.0235,-0.9721,64.5775,0.5122,-0.4286,2.0055,0.1382,-0.2306,-0.0344,-0.0235,0.9721,64.5775,0.5122,0,1.6967,-0.1543,0.633,-1.6172,0,0.9988,0,-0.0482,1,245.4,500.5,false,,,,388,0.4612,22,4.1597,0.1971,,,0.6334,,,,,,8.6932,66.7,0.0359,0,0.5122,0,0,0.01,99.9934,0,0,3.0898,1.5825,0,0,-1.0002,-0.02,0.99653,0.06154,-0.05611,0,-0.02977,0.8925,0.45006,0,0.07778,-0.44682,0.89123,0,0.4761,-1.70181,-1.04985,1,-0.1543,0.633,-1.6172,true,true,0.0556,0.3344,-1.5775,0.013,-0.2051,-0.2985,-0.0597,0.013,true,-0.1543,0.633,-1.6172,1.7523,247.6,242.3,1.7757,,,true,,,,,,,,,,,false,1,0,0,1.5775,0,0.0556,0.3344,-1.5775,0.4761,-1.7018,-1.0499,WebglFramebuffer,7,0,1,,,
66880.5,1790994234142,21:23:54.142,placed,true,666,109.1,64.968084,NORMAL,UNSPECIFIED,-0.4371,1.9653,0.1937,0.2229,0.0379,0.0212,-0.9739,64.5775,0.5122,-0.4371,1.9653,0.1937,-0.2229,-0.0379,-0.0212,0.9739,64.5775,0.5122,0,0,-0.1543,0.633,-1.6172,0,0.9988,0,-0.0482,1,241,492.2,false,,,,381,0.4598,22,4.1881,0.1971,,,0.6334,,,,,,8.456,100,0.069,0,0.5122,0,0,0.01,99.9934,0,0,3.0898,1.5825,0,0,-1.0002,-0.02,0.99623,0.0582,-0.06427,0,-0.02444,0.89969,0.43584,0,0.08319,-0.43263,0.89772,0,0.46741,-1.65891,-1.0585,1,-0.1543,0.633,-1.6172,true,true,0.0556,0.3344,-1.5775,0.013,-0.2051,-0.2985,-0.0597,0.013,true,-0.1543,0.633,-1.6172,1.7523,243.4,234.9,1.8159,,,true,,,,,,,,,,,false,1,0,0,1.5775,0,0.0556,0.3344,-1.5775,0.4674,-1.6589,-1.0585,WebglFramebuffer,7,0,1,,,
67216.7,1790994234279,21:23:54.278,placed,true,667,87.9,65.113221,NORMAL,UNSPECIFIED,-0.4244,1.9508,0.2162,0.2213,0.0361,0.0208,-0.9743,64.5775,0.5122,-0.4244,1.9508,0.2162,-0.2213,-0.0361,-0.0208,0.9743,64.5775,0.5122,0,0.8872,-0.1543,0.633,-1.6172,0,0.9988,0,-0.0482,1,238.6,487.8,false,,,,379,0.4569,23,4.0774,0.1034,,,0.6334,,,,,,8.3414,100,0.0297,0,0.5122,0,0,0.01,99.9934,0,0,3.0898,1.5825,0,0,-1.0002,-0.02,0.99653,0.05645,-0.0612,0,-0.02447,0.9012,0.43272,0,0.07958,-0.42972,0.89945,0,0.45348,-1.64113,-1.06461,1,-0.1543,0.633,-1.6172,true,true,0.0556,0.3344,-1.5775,0.013,-0.2051,-0.2985,-0.0597,0.013,true,-0.1543,0.633,-1.6172,1.7523,240.3,230.8,1.8302,81,255/0/255,true,,,,,,,,,,,false,1,0,0,1.5775,0,0.0556,0.3344,-1.5775,0.4535,-1.6411,-1.0646,WebglFramebuffer,7,0,1,,,
67274.7,1790994234536,21:23:54.536,placed,true,668,26.4,65.270483,NORMAL,UNSPECIFIED,-0.4248,1.9496,0.2079,0.2238,0.0376,0.0216,-0.9737,64.5775,0.5122,-0.4248,1.9496,0.2079,-0.2238,-0.0376,-0.0216,0.9737,64.5775,0.5122,0,0,-0.1543,0.633,-1.6172,0,0.9988,0,-0.0482,1,237.6,485.5,false,,,,383,0.4563,23,4.0693,0.0811,,,0.6334,,,,,,7.8956,100,0.0084,0,0.5122,0,0,0.01,99.9934,0,0,3.0898,1.5825,0,0,-1.0002,-0.02,0.99625,0.05882,-0.06352,0,-0.02517,0.89887,0.4375,0,0.08283,-0.43426,0.89697,0,0.4551,-1.63719,-1.06642,1,-0.1543,0.633,-1.6172,true,true,0.0556,0.3344,-1.5775,0.013,-0.2051,-0.2985,-0.0597,0.013,true,-0.1543,0.633,-1.6172,1.7523,239,227.5,1.8202,,,true,,,,,,,,,,,false,1,0,0,1.5775,0,0.0556,0.3344,-1.5775,0.4551,-1.6372,-1.0664,WebglFramebuffer,7,0,1,,,
67348.7,1790994234610,21:23:54.610,placed,true,669,48.3,65.58886,NORMAL,UNSPECIFIED,-0.4367,1.944,0.2066,0.2239,0.038,0.0208,-0.9736,64.5775,0.5122,-0.4367,1.944,0.2066,-0.2239,-0.038,-0.0208,0.9736,64.5775,0.5122,0,1.5811,-0.1543,0.633,-1.6172,0,0.9988,0,-0.0482,1,240,484.2,false,,,,383,0.4555,22,4.1888,0.0811,,,0.6334,,,,,,8.4592,66.6,0.0132,0,0.5122,0,0,0.01,99.9934,0,0,3.0898,1.5825,0,0,-1.0002,-0.02,0.99624,0.05761,-0.06465,0,-0.02357,0.89883,0.43766,0,0.08332,-0.43449,0.89682,0,0.46368,-1.63237,-1.06431,1,-0.1543,0.633,-1.6172,true,true,0.0556,0.3344,-1.5775,0.013,-0.2051,-0.2985,-0.0597,0.013,true,-0.1543,0.633,-1.6172,1.7523,242.5,225.5,1.8174,,,true,,,,,,,,,,,false,1,0,0,1.5775,0,0.0556,0.3344,-1.5775,0.4637,-1.6324,-1.0643,WebglFramebuffer,7,0,1,,,
67493.4,1790994234755,21:23:54.754,placed,true,670,102.9,65.641054,NORMAL,UNSPECIFIED,-0.4303,1.9499,0.2041,0.2228,0.0365,0.0231,-0.9739,64.5775,0.5122,-0.4303,1.9499,0.2041,-0.2228,-0.0365,-0.0231,0.9739,64.5775,0.5122,0,0.5863,-0.1543,0.633,-1.6172,0,0.9988,0,-0.0482,1,241.3,487.2,false,,,,383,0.4546,23,4.0663,0.1034,,,0.6334,,,,,,8.3048,66.6,0.009,0,0.5122,0,0,0.01,99.9934,0,0,3.0898,1.5825,0,0,-1.0002,-0.02,0.99627,0.06128,-0.06071,0,-0.02879,0.89965,0.43566,0,0.08132,-0.43229,0.89806,0,0.46828,-1.63961,-1.05888,1,-0.1543,0.633,-1.6172,true,true,0.0556,0.3344,-1.5775,0.013,-0.2051,-0.2985,-0.0597,0.013,true,-0.1543,0.633,-1.6172,1.7523,242.4,228.9,1.8177,,,true,,,,,,,,,,,false,1,0,0,1.5775,0,0.0556,0.3344,-1.5775,0.4683,-1.6396,-1.0589,WebglFramebuffer,7,0,1,,,
67603.4,1790994234865,21:23:54.865,placed,true,671,72,65.730546,NORMAL,UNSPECIFIED,-0.421,1.9469,0.2072,0.222,0.0353,0.0236,-0.9741,64.5775,0.5122,-0.421,1.9469,0.2072,-0.222,-0.0353,-0.0236,0.9741,64.5775,0.5122,0,1.052,-0.1543,0.633,-1.6172,0,0.9988,0,-0.0482,1,240.3,487.2,false,,,,382,0.453,23,4.0674,0.1034,,,0.6334,,,,,,8.3826,100,0.0103,0,0.5122,0,0,0.01,99.9934,0,0,3.0898,1.5825,0,0,-1.0002,-0.02,0.9964,0.06169,-0.0582,0,-0.03038,0.90032,0.43417,0,0.07918,-0.43083,0.89895,0,0.46224,-1.63757,-1.05605,1,-0.1543,0.633,-1.6172,true,true,0.0556,0.3344,-1.5775,0.013,-0.2051,-0.2985,-0.0597,0.013,true,-0.1543,0.633,-1.6172,1.7523,240.6,228.8,1.819,,,true,,,,,,,,,,,false,1,0,0,1.5775,0,0.0556,0.3344,-1.5775,0.4622,-1.6376,-1.056,WebglFramebuffer,7,0,1,,,
67937.6,1790994234975,21:23:54.974,placed,true,672,82.6,65.871109,NORMAL,UNSPECIFIED,-0.4257,1.9641,0.2163,0.2241,0.0374,0.0257,-0.9735,64.5775,0.5122,-0.4257,1.9641,0.2163,-0.2241,-0.0374,-0.0257,0.9735,64.5775,0.5122,0,0.6816,-0.1543,0.633,-1.6172,0,0.9988,0,-0.0482,1,239.6,486.5,false,,,,379,0.4526,23,4.0826,0.1034,,,0.6334,,,,,,8.4568,99.9,0.0201,0,0.5122,0,0,0.01,99.9934,0,0,3.0898,1.5825,0,0,-1.0002,-0.02,0.99588,0.06683,-0.0613,0,-0.0333,0.89823,0.43827,0,0.08435,-0.43442,0.89675,0,0.4711,-1.64179,-1.08091,1,-0.1543,0.633,-1.6172,true,true,0.0556,0.3344,-1.5775,0.013,-0.2051,-0.2985,-0.0597,0.013,true,-0.1543,0.633,-1.6172,1.7523,239,230.8,1.8334,81,255/0/255,true,,,,,,,,,,,false,1,0,0,1.5775,0,0.0556,0.3344,-1.5775,0.4711,-1.6418,-1.0809,WebglFramebuffer,7,0,1,,,
68012.9,1790994235274,21:23:55.274,placed,true,673,38.4,65.970074,NORMAL,UNSPECIFIED,-0.4399,1.9819,0.1952,0.2245,0.0406,0.0259,-0.9733,64.5775,0.5122,-0.4399,1.9819,0.1952,-0.2245,-0.0406,-0.0259,0.9733,64.5775,0.5122,0,0,-0.1543,0.633,-1.6172,0,0.9988,0,-0.0482,1,240.7,493,false,,,,379,0.454,22,4.1978,0.1971,,,0.6334,,,,,,7.9446,100,0.0311,0,0.5122,0,0,0.01,99.9934,0,0,3.0898,1.5825,0,0,-1.0002,-0.02,0.99535,0.06875,-0.06743,0,-0.03227,0.89788,0.43905,0,0.09073,-0.43484,0.89593,0,0.48414,-1.66444,-1.07471,1,-0.1543,0.633,-1.6172,true,true,0.0556,0.3344,-1.5775,0.013,-0.2051,-0.2985,-0.0597,0.013,true,-0.1543,0.633,-1.6172,1.7523,240.7,237.6,1.8237,,,true,,,,,,,,,,,false,1,0,0,1.5775,0,0.0556,0.3344,-1.5775,0.4841,-1.6644,-1.0747,WebglFramebuffer,7,0,1,,,
68089.4,1790994235351,21:23:55.350,placed,true,674,44.9,66.314499,NORMAL,UNSPECIFIED,-0.4307,1.9443,0.198,0.2209,0.0432,0.0244,-0.974,64.5775,0.5122,-0.4307,1.9443,0.198,-0.2209,-0.0432,-0.0244,0.974,64.5775,0.5122,0,1.3125,-0.1543,0.633,-1.6172,0,0.9988,0,-0.0482,1,234.6,489,false,,,,383,0.4518,22,4.1811,0.1971,,,0.6334,,,,,,8.4574,66.6,0.0388,0,0.5122,0,0,0.01,99.9934,0,0,3.0898,1.5825,0,0,-1.0002,-0.02,0.99507,0.06661,-0.07348,0,-0.02839,0.90118,0.43252,0,0.09503,-0.4283,0.89863,0,0.46494,-1.6387,-1.05053,1,-0.1543,0.633,-1.6172,true,true,0.0556,0.3344,-1.5775,0.013,-0.2051,-0.2985,-0.0597,0.013,true,-0.1543,0.633,-1.6172,1.7523,234.2,229.9,1.8132,,,true,,,,,,,,,,,false,1,0,0,1.5775,0,0.0556,0.3344,-1.5775,0.4649,-1.6387,-1.0505,WebglFramebuffer,7,0,1,,,
68271.3,1790994235533,21:23:55.532,placed,true,675,128.9,66.385613,NORMAL,UNSPECIFIED,-0.4341,1.8664,0.1601,0.2194,0.0563,0.0366,-0.9733,64.5775,0.5122,-0.4341,1.8664,0.1601,-0.2194,-0.0563,-0.0366,0.9733,64.5775,0.5122,0,1.044,-0.1543,0.633,-1.6172,0,0.9988,0,-0.0482,1,227.8,477.2,false,,,,394,0.4488,13,3.6927,0.2777,,,0.6334,,,,,,8.1611,83.3,0.0868,0,0.5122,0,0,0.01,99.9934,0,0,3.0898,1.5825,0,0,-1.0002,-0.02,0.99099,0.09602,-0.09342,0,-0.04665,0.90101,0.43128,0,0.12558,-0.42303,0.89737,0,0.49715,-1.57221,-0.98914,1,-0.1543,0.633,-1.6172,true,true,0.0556,0.3344,-1.5775,0.013,-0.2051,-0.2985,-0.0597,0.013,true,-0.1543,0.633,-1.6172,1.7523,219.9,205.7,1.7487,,,true,,,,,,,,,,,false,1,0,0,1.5775,0,0.0556,0.3344,-1.5775,0.4972,-1.5722,-0.9891,WebglFramebuffer,7,0,1,,,
68370.1,1790994235632,21:23:55.631,placed,true,676,65.7,66.48218,NORMAL,UNSPECIFIED,-0.4776,1.7919,0.1295,0.2094,0.0608,0.0335,-0.9754,64.5775,0.5122,-0.4776,1.7919,0.1295,-0.2094,-0.0608,-0.0335,0.9754,64.5775,0.5122,0,0,-0.1543,0.633,-1.6172,0,0.9988,0,-0.0482,1,235.5,476,false,,,,398,0.447,13,3.5281,0.2998,,,0.6334,,,,,,8.3571,100,0.0915,0,0.5122,0,0,0.01,99.9934,0,0,3.0898,1.5825,0,0,-1.0002,-0.02,0.99037,0.09085,-0.10449,0,-0.03996,0.91008,0.4125,0,0.13256,-0.40435,0.90494,0,0.52742,-1.53502,-0.90624,1,-0.1543,0.633,-1.6172,true,true,0.0556,0.3344,-1.5775,0.013,-0.2051,-0.2985,-0.0597,0.013,true,-0.1543,0.633,-1.6172,1.7523,231,193.4,1.7058,,,true,,,,,,,,,,,false,1,0,0,1.5775,0,0.0556,0.3344,-1.5775,0.5274,-1.535,-0.9062,WebglFramebuffer,7,0,1,,,
68657.5,1790994235750,21:23:55.749,placed,true,677,87.6,66.645612,NORMAL,UNSPECIFIED,-0.4944,1.7623,0.0936,0.2102,0.0598,0.0308,-0.9753,64.5775,0.5122,-0.4944,1.7623,0.0936,-0.2102,-0.0598,-0.0308,0.9753,64.5775,0.5122,0,1.4602,-0.1543,0.633,-1.6172,0,0.9988,0,-0.0482,1,242.2,473.2,false,,,,395,0.4463,14,3.5941,0.2998,,,0.6334,,,,,,8.3696,83.3,0.0494,0,0.5122,0,0,0.01,99.9934,0,0,3.0898,1.5825,0,0,-1.0002,-0.02,0.99096,0.08514,-0.10368,0,-0.03488,0.90974,0.41372,0,0.12955,-0.40636,0.90448,0,0.53925,-1.52311,-0.86507,1,-0.1543,0.633,-1.6172,true,true,0.0556,0.3344,-1.5775,0.013,-0.2051,-0.2985,-0.0597,0.013,true,-0.1543,0.633,-1.6172,1.7523,240.9,182.8,1.6621,81,255/0/255,true,,,,,,,,,,,false,1,0,0,1.5775,0,0.0556,0.3344,-1.5775,0.5393,-1.5231,-0.8651,WebglFramebuffer,7,0,1,,,
68735.1,1790994235997,21:23:55.996,placed,true,678,44.7,66.740856,NORMAL,UNSPECIFIED,-0.4647,1.7405,0.0359,0.2109,0.0551,0.0346,-0.9753,64.5775,0.5122,-0.4647,1.7405,0.0359,-0.2109,-0.0551,-0.0346,0.9753,64.5775,0.5122,0,1.4306,-0.1543,0.633,-1.6172,0,0.9988,0,-0.0482,1,243.7,476.6,false,,,,394,0.4449,16,3.6885,0.2777,,,0.6334,,,,,,7.9373,100,0.0685,0,0.5122,0,0,0.01,99.9934,0,0,3.0898,1.5825,0,0,-1.0002,-0.02,0.99153,0.09067,-0.09298,0,-0.04416,0.90869,0.41512,0,0.12213,-0.4075,0.905,0,0.53321,-1.52485,-0.79823,1,-0.1543,0.633,-1.6172,true,true,0.0556,0.3344,-1.5775,0.013,-0.2051,-0.2985,-0.0597,0.013,true,-0.1543,0.633,-1.6172,1.7523,239.5,175.3,1.5955,,,true,,,,,,,,,,,false,1,0,0,1.5775,0,0.0556,0.3344,-1.5775,0.5332,-1.5248,-0.7982,WebglFramebuffer,6,0,1,,,
68824.3,1790994236086,21:23:56.085,placed,true,679,33.9,67.03024,NORMAL,UNSPECIFIED,-0.4102,1.7917,-0.0179,0.2211,0.0479,0.0365,-0.9734,64.5775,0.5122,-0.4102,1.7917,-0.0179,-0.2211,-0.0479,-0.0365,0.9734,64.5775,0.5122,0,0,-0.1543,0.633,-1.6172,0,0.9988,0,-0.0482,1,238.8,487.5,false,,,,366,0.4489,19,3.7355,0.1235,,,0.6334,,,,,,8.2647,66.6,0.0921,0,0.5122,0,0,0.01,99.9934,0,0,3.0898,1.5825,0,0,-1.0002,-0.02,0.99276,0.09217,-0.07707,0,-0.04983,0.89954,0.434,0,0.10933,-0.42701,0.89761,0,0.49842,-1.58149,-0.79315,1,-0.1543,0.633,-1.6172,true,true,0.0556,0.3344,-1.5775,0.013,-0.2051,-0.2985,-0.0597,0.013,true,-0.1543,0.633,-1.6172,1.7523,231.6,184.9,1.5513,,,true,,,,,,,,,,,false,1,0,0,1.5775,0,0.0556,0.3344,-1.5775,0.4984,-1.5815,-0.7932,WebglFramebuffer,6,0,1,,,
68930.1,1790994236192,21:23:56.191,placed,true,680,75.7,67.13063,NORMAL,UNSPECIFIED,-0.3158,1.9294,-0.1893,0.2269,0.0361,0.0347,-0.9726,64.5775,0.5122,-0.3158,1.9294,-0.1893,-0.2269,-0.0361,-0.0347,0.9726,64.5775,0.5122,0,1.2377,-0.1543,0.633,-1.6172,0,0.9988,0,-0.0482,1,230.3,552.9,false,,,,386,0.437,19,3.6113,0.4546,,,0.6334,,,,,,8.3834,99.9,0.2393,0,0.5122,0,0,0.01,99.9934,0,0,3.0898,1.5825,0,0,-1.0002,-0.02,0.99499,0.08382,-0.05451,0,-0.05105,0.89464,0.44386,0,0.08598,-0.43885,0.89444,0,0.42897,-1.78272,-0.70426,1,-0.1543,0.633,-1.6172,true,true,0.0556,0.3344,-1.5775,0.013,-0.2051,-0.2985,-0.0597,0.013,true,-0.1543,0.633,-1.6172,1.7523,220,249.5,1.4453,,,true,,,,,,,,,,,false,1,0,0,1.5775,0,0.0556,0.3344,-1.5775,0.429,-1.7827,-0.7043,WebglFramebuffer,6,0,1,,,
69075.4,1790994236337,21:23:56.337,placed,true,681,99,67.194684,NORMAL,UNSPECIFIED,-0.3158,1.9284,-0.2797,0.2452,0.0196,0.0231,-0.969,64.5775,0.5122,-0.3158,1.9284,-0.2797,-0.2452,-0.0196,-0.0231,0.969,64.5775,0.5122,0,0,-0.1543,0.633,-1.6172,0,0.9988,0,-0.0482,1,243.9,550.7,false,,,,388,0.4391,17,3.777,0.1089,,,0.6334,,,,,,8.2333,100,0.0904,0,0.5122,0,0,0.01,99.9934,0,0,3.0898,1.5825,0,0,-1.0002,-0.02,0.99816,0.05443,-0.02666,0,-0.0352,0.87869,0.47609,0,0.04934,-0.47427,0.87899,0,0.39686,-1.80995,-0.68067,1,-0.1543,0.633,-1.6172,true,true,0.0556,0.3344,-1.5775,0.013,-0.2051,-0.2985,-0.0597,0.013,true,-0.1543,0.633,-1.6172,1.7523,244.8,235.8,1.3504,,,true,,,,,,,,,,,false,1,0,0,1.5775,0,0.0556,0.3344,-1.5775,0.3969,-1.81,-0.6807,WebglFramebuffer,6,0,1,,,
69297.8,1790994236413,21:23:56.412,placed,true,682,50.8,67.317745,NORMAL,UNSPECIFIED,-0.3673,1.8747,-0.3132,0.2447,0.0262,0.0189,-0.9691,64.5775,0.5122,-0.3673,1.8747,-0.3132,-0.2447,-0.0262,-0.0189,0.9691,64.5775,0.5122,0,0,-0.1543,0.633,-1.6172,0,0.9988,0,-0.0482,1,253.3,544.9,false,,,,390,0.4386,17,3.7218,0.1089,,,0.6334,,,,,,8.7292,100,0.0816,0,0.5122,0,0,0.01,99.9934,0,0,3.0898,1.5825,0,0,-1.0002,-0.02,0.99791,0.04942,-0.04155,0,-0.02377,0.8795,0.4753,0,0.06003,-0.47332,0.87884,0,0.42987,-1.77892,-0.63104,1,-0.1543,0.633,-1.6172,true,true,0.0556,0.3344,-1.5775,0.013,-0.2051,-0.2985,-0.0597,0.013,true,-0.1543,0.633,-1.6172,1.7523,262.4,215.3,1.2995,81,255/0/255,true,,,,,,,,,,,false,1,0,0,1.5775,0,0.0556,0.3344,-1.5775,0.4299,-1.7789,-0.631,WebglFramebuffer,6,0,1,,,
69353.2,1790994236615,21:23:56.614,placed,true,683,28.9,67.440185,NORMAL,UNSPECIFIED,-0.4059,1.7996,-0.3551,0.2362,0.0348,0.02,-0.9709,64.5775,0.5122,-0.4059,1.7996,-0.3551,-0.2362,-0.0348,-0.02,0.9709,64.5775,0.5122,0,0,-0.1543,0.633,-1.6172,0,0.9988,0,-0.0482,1,261.7,545.1,false,,,,383,0.4415,17,3.6501,0.1089,,,0.6334,,,,,,8.3511,100,0.0943,0,0.5122,0,0,0.01,99.9934,0,0,3.0898,1.5825,0,0,-1.0002,-0.02,0.99677,0.05534,-0.05813,0,-0.02246,0.88766,0.45995,0,0.07705,-0.45716,0.88604,0,0.47234,-1.73726,-0.53667,1,-0.1543,0.633,-1.6172,true,true,0.0556,0.3344,-1.5775,0.013,-0.2051,-0.2985,-0.0597,0.013,true,-0.1543,0.633,-1.6172,1.7523,274.1,193.5,1.2383,,,true,,,,,,,,,,,false,1,0,0,1.5775,0,0.0556,0.3344,-1.5775,0.4723,-1.7373,-0.5367,WebglFramebuffer,6,0,1,,,
69449.9,1790994236712,21:23:56.711,placed,true,684,47.5,67.664246,NORMAL,UNSPECIFIED,-0.4021,1.8117,-0.4138,0.2358,0.0433,0.0298,-0.9704,64.5775,0.5122,-0.4021,1.8117,-0.4138,-0.2358,-0.0433,-0.0298,0.9704,64.5775,0.5122,0,0,-0.1543,0.633,-1.6172,0,0.9988,0,-0.0482,1,260.8,562.1,false,,,,397,0.4526,17,3.34,0.3649,,,0.6334,,,,,,8.5512,50.1,0.0601,0,0.5122,0,0,0.01,99.9934,0,0,3.0898,1.5825,0,0,-1.0002,-0.02,0.99447,0.07829,-0.07005,0,-0.0374,0.88698,0.46029,0,0.09817,-0.45512,0.885,0,0.5083,-1.76377,-0.49581,1,-0.1543,0.633,-1.6172,true,true,0.0556,0.3344,-1.5775,0.013,-0.2051,-0.2985,-0.0597,0.013,true,-0.1543,0.633,-1.6172,1.7523,266.2,203.9,1.1934,,,true,,,,,,,,,,,false,1,0,0,1.5775,0,0.0556,0.3344,-1.5775,0.5083,-1.7638,-0.4958,WebglFramebuffer,6,0,1,,,
69545.9,1790994236807,21:23:56.807,placed,true,685,54.4,67.742111,NORMAL,UNSPECIFIED,-0.4606,1.8575,-0.5415,0.2636,0.0727,0.0358,-0.9612,64.5775,0.5122,-0.4606,1.8575,-0.5415,-0.2636,-0.0727,-0.0358,0.9612,64.5775,0.5122,0,1.0586,-0.1543,0.633,-1.6172,0,0.9988,0,-0.0482,1,261.3,567.5,false,,,,390,0.4355,7,2.8124,0.5231,,,0.6334,,,,,,8.7388,99.9,0.1477,0,0.5122,0,0,0.01,99.9934,0,0,3.0898,1.5825,0,0,-1.0002,-0.02,0.98688,0.10706,-0.12089,0,-0.0304,0.85844,0.51202,0,0.15859,-0.50162,0.85043,0,0.5969,-1.81689,-0.54623,1,-0.1543,0.633,-1.6172,true,true,0.0556,0.3344,-1.5775,0.013,-0.2051,-0.2985,-0.0597,0.013,true,-0.1543,0.633,-1.6172,1.7523,273.9,203.4,1.0988,,,true,,,,,,,,,,,false,1,0,0,1.5775,0,0.0556,0.3344,-1.5775,0.5969,-1.8169,-0.5462,WebglFramebuffer,6,0,1,,,
69646.7,1790994236908,21:23:56.908,placed,true,686,77.4,67.834344,NORMAL,UNSPECIFIED,-0.4695,1.9574,-0.6217,0.2513,0.0734,0.0396,-0.9643,64.5775,0.5122,-0.4695,1.9574,-0.6217,-0.2513,-0.0734,-0.0396,0.9643,64.5775,0.5122,0,0.6895,-0.1543,0.633,-1.6172,0,0.9988,0,-0.0482,1,275.7,634.7,false,,,,378,0.4386,19,3.2323,0.4942,,,0.6334,,,,,,8.855,100,0.1284,0,0.5122,0,0,0.01,99.9934,0,0,3.0898,1.5825,0,0,-1.0002,-0.02,0.9861,0.11321,-0.12165,0,-0.03943,0.87054,0.49052,0,0.16143,-0.4789,0.8629,0,0.64055,-1.94856,-0.48078,1,-0.1543,0.633,-1.6172,true,true,0.0556,0.3344,-1.5775,0.013,-0.2051,-0.2985,-0.0597,0.013,true,-0.1543,0.633,-1.6172,1.7523,288.7,285.4,1.0872,,,true,,,,,,,,,,,false,1,0,0,1.5775,0,0.0556,0.3344,-1.5775,0.6406,-1.9486,-0.4808,WebglFramebuffer,5,0,1,,,
69881.9,1790994237014,21:23:57.013,placed,true,687,74.9,67.910195,NORMAL,UNSPECIFIED,-0.4317,2.0239,-0.7286,0.2654,0.0743,0.0404,-0.9604,64.5775,0.5122,-0.4317,2.0239,-0.7286,-0.2654,-0.0743,-0.0404,0.9604,64.5775,0.5122,0,1.0506,-0.1543,0.633,-1.6172,0,0.9988,0,-0.0482,1,269.2,669.9,false,,,,393,0.4102,18,3.1408,0.5231,,,0.6334,,,,,,8.9174,99.9,0.1315,0,0.5122,0,0,0.01,99.9934,0,0,3.0898,1.5825,0,0,-1.0002,-0.02,0.9857,0.11699,-0.12125,0,-0.03814,0.85586,0.51579,0,0.16411,-0.5038,0.84809,0,0.62232,-2.04874,-0.47833,1,-0.1543,0.633,-1.6172,true,true,0.0556,0.3344,-1.5775,0.013,-0.2051,-0.2985,-0.0597,0.013,true,-0.1543,0.633,-1.6172,1.7523,282.5,328.8,1.0211,81,255/0/255,true,,,,,,,,,,,false,1,0,0,1.5775,0,0.0556,0.3344,-1.5775,0.6223,-2.0487,-0.4783,WebglFramebuffer,5,0,1,,,
69952.8,1790994237215,21:23:57.214,placed,true,688,41.5,68.017442,NORMAL,UNSPECIFIED,-0.4003,1.9484,-0.8131,0.2592,0.0678,0.0396,-0.9626,64.5775,0.5122,-0.4003,1.9484,-0.8131,-0.2592,-0.0678,-0.0396,0.9626,64.5775,0.5122,0,1.1641,-0.1543,0.633,-1.6172,0,0.9988,0,-0.0482,1,273.7,695.9,false,,,,391,0.41,18,3.0285,0.5231,,,0.6334,,,,,,8.5242,100,0.1176,0,0.5122,0,0,0.01,99.9934,0,0,3.0898,1.5825,0,0,-1.0002,-0.02,0.98767,0.11146,-0.10992,0,-0.0412,0.8625,0.50437,0,0.15102,-0.49363,0.85646,0,0.59841,-2.03724,-0.33033,1,-0.1543,0.633,-1.6172,true,true,0.0556,0.3344,-1.5775,0.013,-0.2051,-0.2985,-0.0597,0.013,true,-0.1543,0.633,-1.6172,1.7523,288.2,317.6,0.9064,,,true,,,,,,,,,,,false,1,0,0,1.5775,0,0.0556,0.3344,-1.5775,0.5984,-2.0372,-0.3303,WebglFramebuffer,5,0,1,,,
70033.2,1790994237295,21:23:57.294,placed,true,689,25.9,68.251135,NORMAL,UNSPECIFIED,-0.3749,1.8605,-0.8283,0.2521,0.063,0.0447,-0.9646,64.5775,0.5122,-0.3749,1.8605,-0.8283,-0.2521,-0.063,-0.0447,0.9646,64.5775,0.5122,0,0.8158,-0.1543,0.633,-1.6172,0,0.9988,0,-0.0482,1,275.8,690.2,false,,,,356,0.4189,15,2.9435,0.5199,,,0.6334,,,,,,8.9155,66.6,0.0927,0,0.5122,0,0,0.01,99.9934,0,0,3.0898,1.5825,0,0,-1.0002,-0.02,0.98806,0.11808,-0.09895,0,-0.05456,0.86888,0.49201,0,0.14407,-0.48074,0.86495,0,0.59128,-1.97047,-0.23606,1,-0.1543,0.633,-1.6172,true,true,0.0556,0.3344,-1.5775,0.013,-0.2051,-0.2985,-0.0597,0.013,true,-0.1543,0.633,-1.6172,1.7523,282.5,273.6,0.8469,,,true,,,,,,,,,,,false,1,0,0,1.5775,0,0.0556,0.3344,-1.5775,0.5913,-1.9705,-0.2361,WebglFramebuffer,5,0,1,,,
70116.5,1790994237378,21:23:57.378,placed,true,690,41.1,68.34745,NORMAL,UNSPECIFIED,-0.3714,1.7421,-0.9188,0.2476,0.0425,0.0291,-0.9675,64.5775,0.5122,-0.3714,1.7421,-0.9188,-0.2476,-0.0425,-0.0291,0.9675,64.5775,0.5122,0,0,-0.1543,0.633,-1.6172,0,0.9988,0,-0.0482,1,294.6,708.9,false,,,,356,0.4131,14,2.7032,0.4881,,,0.6334,,,,,,9.2259,83.3,0.1491,0,0.5122,0,0,0.01,99.9934,0,0,3.0898,1.5825,0,0,-1.0002,-0.02,0.99469,0.07743,-0.06781,0,-0.03533,0.8757,0.48155,0,0.09667,-0.4766,0.87379,0,0.51979,-1.93473,-0.06122,1,-0.1543,0.633,-1.6172,true,true,0.0556,0.3344,-1.5775,0.013,-0.2051,-0.2985,-0.0597,0.013,true,-0.1543,0.633,-1.6172,1.7523,328.9,212.5,0.7076,,,true,,,,,,,,,,,false,1,0,0,1.5775,0,0.0556,0.3344,-1.5775,0.5198,-1.9347,-0.0612,WebglFramebuffer,4,0,1,,,
70196.1,1790994237458,21:23:57.457,placed,true,691,42.7,68.415626,NORMAL,UNSPECIFIED,-0.3634,1.7611,-1.0582,0.2586,0.0419,0.0357,-0.9644,64.5775,0.5122,-0.3634,1.7611,-1.0582,-0.2586,-0.0419,-0.0357,0.9644,64.5775,0.5122,0,0.8664,-0.1543,0.633,-1.6172,0,0.9988,0,-0.0482,1,313.9,771.2,false,,,,341,0.4185,11,2.6947,0.4881,,,0.6334,,,,,,9.5596,83.3,0.1409,0,0.5122,0,0,0.01,99.9934,0,0,3.0898,1.5825,0,0,-1.0002,-0.02,0.99394,0.09056,-0.06233,0,-0.04722,0.86367,0.50185,0,0.09928,-0.49586,0.86271,0,0.54942,-2.01282,0.00648,1,-0.1543,0.633,-1.6172,true,true,0.0556,0.3344,-1.5775,0.013,-0.2051,-0.2985,-0.0597,0.013,true,-0.1543,0.633,-1.6172,1.7523,362,248.4,0.591,,,true,,,,,,,,,,,false,1,0,0,1.5775,0,0.0556,0.3344,-1.5775,0.5494,-2.0128,0.0065,WebglFramebuffer,4,0,1,,,
70381.7,1790994237538,21:23:57.537,placed,true,692,48.6,68.493838,NORMAL,UNSPECIFIED,-0.3446,1.8593,-1.1852,0.2869,0.0416,0.0386,-0.9563,64.5775,0.5122,-0.3446,1.8593,-1.1852,-0.2869,-0.0416,-0.0386,0.9563,64.5775,0.5122,0,0,-0.1543,0.633,-1.6172,0,0.9988,0,-0.0482,1,315.9,827.6,false,,,,331,0.4205,11,2.6398,0.4881,,,0.6334,,,,,,9.8552,83.4,0.1616,0,0.5122,0,0,0.01,99.9934,0,0,3.0898,1.5825,0,0,-1.0002,-0.02,0.99355,0.09772,-0.05747,0,-0.04994,0.83235,0.55199,0,0.10178,-0.54556,0.83187,0,0.55588,-2.16051,-0.06022,1,-0.1543,0.633,-1.6172,true,true,0.0556,0.3344,-1.5775,0.013,-0.2051,-0.2985,-0.0597,0.013,true,-0.1543,0.633,-1.6172,1.7523,379.1,367.6,0.5298,81,255/0/255,true,,,,,,,,,,,false,1,0,0,1.5775,0,0.0556,0.3344,-1.5775,0.5559,-2.1605,-0.0602,WebglFramebuffer,4,0,1,,,
70428.4,1790994237690,21:23:57.689,placed,true,693,25.9,68.567472,NORMAL,UNSPECIFIED,-0.3462,1.8923,-1.2762,0.2944,0.0397,0.0433,-0.9539,64.5775,0.5122,-0.3462,1.8923,-1.2762,-0.2944,-0.0397,-0.0433,0.9539,64.5775,0.5122,0,0,-0.1543,0.633,-1.6172,0,0.9988,0,-0.0482,1,336,883.5,false,,,,312,0.4228,11,2.5939,0.5199,,,0.6334,,,,,,9.5263,100,0.0968,0,0.5122,0,0,0.01,99.9934,0,0,3.0898,1.5825,0,0,-1.0002,-0.02,0.9931,0.10596,-0.05033,0,-0.05917,0.82296,0.56501,0,0.10128,-0.55813,0.82355,0,0.58501,-2.23286,-0.03559,1,-0.1543,0.633,-1.6172,true,true,0.0556,0.3344,-1.5775,0.013,-0.2051,-0.2985,-0.0597,0.013,true,-0.1543,0.633,-1.6172,1.7523,421.3,453,0.4724,,,true,,,,,,,,,,,false,1,0,0,1.5775,0,0.0556,0.3344,-1.5775,0.585,-2.2329,-0.0356,WebglFramebuffer,4,0,1,,,
70522.2,1790994237784,21:23:57.783,placed,true,694,30.8,68.741988,NORMAL,UNSPECIFIED,-0.2665,1.9396,-1.3292,0.3069,0.0241,0.0501,-0.9501,64.5775,0.5122,-0.2665,1.9396,-1.3292,-0.3069,-0.0241,-0.0501,0.9501,64.5775,0.5122,0,0.9104,-0.1543,0.633,-1.6172,0,0.9988,0,-0.0482,1,314.4,914,false,,,,286,0.4319,11,2.5784,0.4881,,,0.6334,,,,,,9.6386,49.9,0.1067,0,0.5122,0,0,0.01,99.9934,0,0,3.0898,1.5825,0,0,-1.0002,-0.02,0.99381,0.11002,-0.01514,0,-0.08038,0.80665,0.58554,0,0.07663,-0.5807,0.81051,0,0.52264,-2.30712,-0.0624,1,-0.1543,0.633,-1.6172,true,true,0.0556,0.3344,-1.5775,0.013,-0.2051,-0.2985,-0.0597,0.013,true,-0.1543,0.633,-1.6172,1.7523,356.6,542.4,0.4513,,,true,,,,,,,,,,,false,1,0,0,1.5775,0,0.0556,0.3344,-1.5775,0.5226,-2.3071,-0.0624,WebglFramebuffer,4,0,1,,,
70581.8,1790994237843,21:23:57.843,placed,true,695,31.4,68.831344,NORMAL,UNSPECIFIED,-0.1289,2.0665,-1.4128,0.3215,0.0146,0.0399,-0.9459,64.5775,0.5122,-0.1289,2.0665,-1.4128,-0.3215,-0.0146,-0.0399,0.9459,64.5775,0.5122,0,1.6667,-0.1543,0.633,-1.6172,0,0.9988,0,-0.0482,1,230.7,975.6,false,,,,280,0.416,12,2.6217,0.5483,,,0.6334,,,,,,10.3526,100,0.205,0,0.5122,0,0,0.01,99.9934,0,0,3.0898,1.5825,0,0,-1.0002,-0.02,0.99639,0.0849,-0.00193,0,-0.06614,0.79004,0.60948,0,0.05327,-0.60715,0.7928,0,0.34033,-2.47943,-0.13966,1,-0.1543,0.633,-1.6172,true,true,0.0556,0.3344,-1.5775,0.013,-0.2051,-0.2985,-0.0597,0.013,true,-0.1543,0.633,-1.6172,1.7523,191.9,736.2,0.4643,,,true,,,,,,,,,,,false,1,0,0,1.5775,0,0.0556,0.3344,-1.5775,0.3403,-2.4794,-0.1397,WebglFramebuffer,4,0,1,,,
70647,1790994237909,21:23:57.908,placed,true,696,40.7,68.890606,NORMAL,UNSPECIFIED,-0.1281,2.1196,-1.3959,0.3245,0.0063,0.0377,-0.9451,64.5775,0.5122,-0.1281,2.1196,-1.3959,-0.3245,-0.0063,-0.0377,0.9451,64.5775,0.5122,0,0.8064,-0.1543,0.633,-1.6172,0,0.9988,0,-0.0482,1,233,961.4,false,,,,294,0.4142,12,2.6891,0.5483,,,0.6334,,,,,,10.8487,49.9,0.0558,0,0.5122,0,0,0.01,99.9934,0,0,3.0898,1.5825,0,0,-1.0002,-0.02,0.99708,0.07536,0.01247,0,-0.06713,0.78659,0.61381,0,0.03645,-0.61286,0.78935,0,0.32094,-2.51309,-0.19759,1,-0.1543,0.633,-1.6172,true,true,0.0556,0.3344,-1.5775,0.013,-0.2051,-0.2985,-0.0597,0.013,true,-0.1543,0.633,-1.6172,1.7523,199.6,736.9,0.5121,,,true,,,,,,,,,,,false,1,0,0,1.5775,0,0.0556,0.3344,-1.5775,0.3209,-2.5131,-0.1976,WebglFramebuffer,4,0,1,,,
70792.7,1790994237986,21:23:57.985,placed,true,697,49.6,68.946512,NORMAL,UNSPECIFIED,-0.2225,1.9752,-1.4578,0.317,0.009,0.0346,-0.9478,64.5775,0.5122,-0.2225,1.9752,-1.4578,-0.317,-0.009,-0.0346,0.9478,64.5775,0.5122,0,0,-0.1543,0.633,-1.6172,0,0.9988,0,-0.0482,1,288.8,1012.7,false,,,,278,0.4054,11,2.5524,0.5483,,,0.6334,,,,,,11.0642,66.7,0.1833,0,0.5122,0,0,0.01,99.9934,0,0,3.0898,1.5825,0,0,-1.0002,-0.02,0.99744,0.07133,0.00499,0,-0.05998,0.79665,0.60146,0,0.03893,-0.60022,0.79889,0,0.39714,-2.43268,-0.02223,1,-0.1543,0.633,-1.6172,true,true,0.0556,0.3344,-1.5775,0.013,-0.2051,-0.2985,-0.0597,0.013,true,-0.1543,0.633,-1.6172,1.7523,337.4,747,0.3704,81,255/0/255,true,,,,,,,,,,,false,1,0,0,1.5775,0,0.0556,0.3344,-1.5775,0.3971,-2.4327,-0.0222,WebglFramebuffer,4,0,1,,,
70837.6,1790994238099,21:23:58.099,placed,true,698,25.1,69.014677,NORMAL,UNSPECIFIED,-0.2776,1.8498,-1.4712,0.3031,0.0178,0.036,-0.9521,64.5775,0.5122,-0.2776,1.8498,-1.4712,-0.3031,-0.0178,-0.036,0.9521,64.5775,0.5122,0,0.7796,-0.1543,0.633,-1.6172,0,0.9988,0,-0.0482,1,332.6,1043.2,false,,,,272,0.4069,9,2.4114,0.4881,,,0.6334,,,,,,10.8389,100,0.1376,0,0.5122,0,0,0.01,99.9934,0,0,3.0898,1.5825,0,0,-1.0002,-0.02,0.99677,0.07941,-0.01209,0,-0.05781,0.81371,0.57838,0,0.05577,-0.57582,0.81568,0,0.46566,-2.33029,0.12681,1,-0.1543,0.633,-1.6172,true,true,0.0556,0.3344,-1.5775,0.013,-0.2051,-0.2985,-0.0597,0.013,true,-0.1543,0.633,-1.6172,1.7523,477.9,670.4,0.2821,,,true,,,,,,,,,,,false,1,0,0,1.5775,0,0.0556,0.3344,-1.5775,0.4657,-2.3303,0.1268,WebglFramebuffer,4,0,1,,,
70908.1,1790994238170,21:23:58.169,placed,true,699,23.7,69.15202,NORMAL,UNSPECIFIED,-0.2897,1.813,-1.4976,0.2995,0.0206,0.0348,-0.9533,64.5775,0.5122,-0.2897,1.813,-1.4976,-0.2995,-0.0206,-0.0348,0.9533,64.5775,0.5122,0,0,-0.1543,0.633,-1.6172,0,0.9988,0,-0.0482,1,346.2,1076.9,false,,,,313,0.4306,8,2.3696,0.576,,,0.6334,,,,,,11.1714,50,0.0469,0,0.5122,0,0,0.01,99.9934,0,0,3.0898,1.5825,0,0,-1.0002,-0.02,0.99673,0.07872,-0.01837,0,-0.05407,0.81823,0.57234,0,0.06008,-0.56947,0.81981,0,0.47681,-2.31347,0.18479,1,-0.1543,0.633,-1.6172,true,true,0.0556,0.3344,-1.5775,0.013,-0.2051,-0.2985,-0.0597,0.013,true,-0.1543,0.633,-1.6172,1.7523,553.7,686.8,0.2394,,,true,,,,,,,,,,,false,1,0,0,1.5775,0,0.0556,0.3344,-1.5775,0.4768,-2.3135,0.1848,WebglFramebuffer,4,0,1,,,
70977.1,1790994238239,21:23:58.238,placed,true,700,35.6,69.223883,NORMAL,UNSPECIFIED,-0.3048,1.7715,-1.5746,0.2903,0.0228,0.036,-0.956,64.5775,0.5122,-0.3048,1.7715,-1.5746,-0.2903,-0.0228,-0.036,0.956,64.5775,0.5122,0,0,-0.1543,0.633,-1.6172,0,0.9988,0,-0.0482,1,386.2,1202.4,false,,,,285,0.4287,6,2.284,0.5808,,,0.6334,,,,,,11.5057,66.7,0.0888,0,0.5122,0,0,0.01,99.9934,0,0,3.0898,1.5825,0,0,-1.0002,-0.02,0.99637,0.08199,-0.02276,0,-0.05549,0.82886,0.5567,0,0.06451,-0.55342,0.8304,0,0.50359,-2.31477,0.31444,1,-0.1543,0.633,-1.6172,true,true,0.0556,0.3344,-1.5775,0.013,-0.2051,-0.2985,-0.0597,0.013,true,-0.1543,0.633,-1.6172,1.7523,834.1,909.8,0.1507,,,true,,,,,,,,,,,false,1,0,0,1.5775,0,0.0556,0.3344,-1.5775,0.5036,-2.3148,0.3144,WebglFramebuffer,2,0,1,,,
71038.4,1790994238300,21:23:58.300,placed,true,701,30.1,69.28132,NORMAL,UNSPECIFIED,-0.3111,1.7682,-1.6283,0.2947,0.024,0.038,-0.9545,64.5775,0.5122,-0.3111,1.7682,-1.6283,-0.2947,-0.024,-0.038,0.9545,64.5775,0.5122,0,1.2725,-0.1543,0.633,-1.6172,0,0.9988,0,-0.0482,1,409.6,1269.4,false,,,,274,0.4407,6,2.239,0.5808,,,0.6334,,,,,,11.9811,66.7,0.0541,0,0.5122,0,0,0.01,99.9934,0,0,3.0898,1.5825,0,0,-1.0002,-0.02,0.99595,0.08674,-0.02351,0,-0.05839,0.82347,0.56435,0,0.06831,-0.5607,0.8252,0,0.52431,-2.34207,0.33842,1,-0.1543,0.633,-1.6172,true,true,0.0556,0.3344,-1.5775,0.013,-0.2051,-0.2985,-0.0597,0.013,true,-0.1543,0.633,-1.6172,1.7523,1159.1,1271.9,0.1062,,,true,,,,,,,,,,,false,1,0,0,1.5775,0,0.0556,0.3344,-1.5775,0.5243,-2.3421,0.3384,WebglFramebuffer,2,0,1,,,
71101.7,1790994238363,21:23:58.363,placed,true,702,35.2,69.34889,NORMAL,UNSPECIFIED,-0.3059,1.7817,-1.6733,0.3046,0.0245,0.0391,-0.9514,64.5775,0.5122,-0.3059,1.7817,-1.6733,-0.3046,-0.0245,-0.0391,0.9514,64.5775,0.5122,0,0,-0.1543,0.633,-1.6172,0,0.9988,0,-0.0482,1,412.9,1305.6,false,,,,270,0.441,8,2.249,0.5745,,,0.6334,,,,,,12.3678,66.6,0.0473,0,0.5122,0,0,0.01,99.9934,0,0,3.0898,1.5825,0,0,-1.0002,-0.02,0.99573,0.08941,-0.02276,0,-0.05956,0.8114,0.58144,0,0.07046,-0.57761,0.81327,0,0.52861,-2.38486,0.3179,1,-0.1543,0.633,-1.6172,true,true,0.0556,0.3344,-1.5775,0.013,-0.2051,-0.2985,-0.0597,0.013,true,-0.1543,0.633,-1.6172,1.7523,1455.9,1814.2,0.0807,,,true,,,,,,,,,,,false,1,0,0,1.5775,0,0.0556,0.3344,-1.5775,0.5286,-2.3849,0.3179,WebglFramebuffer,2,0,1,,,
71161.8,1790994238424,21:23:58.423,placed,true,703,31.5,69.406739,NORMAL,UNSPECIFIED,-0.3429,1.8385,-1.7166,0.3548,0.0353,0.0302,-0.9338,64.5775,0.5122,-0.3429,1.8385,-1.7166,-0.3548,-0.0353,-0.0302,0.9338,64.5775,0.5122,0,0,-0.1543,0.633,-1.6172,0,0.9988,0,-0.0482,1,389.6,1167.1,false,,,,297,0.4165,6,2.5453,0.1356,,,0.6334,,,,,,12.7894,66.6,0.0804,0,0.5122,0,0,0.01,99.9934,0,0,3.0898,1.5825,0,0,-1.0002,-0.02,0.99568,0.08149,-0.04454,0,-0.03135,0.74639,0.66477,0,0.08742,-0.6605,0.74572,0,0.54909,-2.47813,0.04263,1,-0.1543,0.633,-1.6172,true,true,0.0556,0.3344,-1.5775,0.013,-0.2051,-0.2985,-0.0597,0.013,true,-0.1543,0.633,-1.6172,1.7523,1301.4,1733.9,0.1125,,,true,,,,,,,,,,,false,1,0,0,1.5775,0,0.0556,0.3344,-1.5775,0.5491,-2.4781,0.0426,WebglFramebuffer,2,0,1,,,
71227.3,1790994238489,21:23:58.488,placed,true,704,29.9,69.469774,NORMAL,UNSPECIFIED,-0.379,1.9341,-1.8116,0.3761,0.0436,0.0241,-0.9253,64.5775,0.5122,-0.379,1.9341,-1.8116,-0.3761,-0.0436,-0.0241,0.9253,64.5775,0.5122,0,0,-0.1543,0.633,-1.6172,0,0.9988,0,-0.0482,1,396.3,1195.9,false,,,,280,0.4039,8,2.4715,0.6119,,,0.6334,,,,,,13.0395,50.1,0.1395,0,0.5122,0,0,0.01,99.9934,0,0,3.0898,1.5825,0,0,-1.0002,-0.02,0.99503,0.07745,-0.06263,0,-0.0118,0.71601,0.69799,0,0.0989,-0.69378,0.71336,0,0.57913,-2.6123,-0.08139,1,-0.1543,0.633,-1.6172,true,true,0.0556,0.3344,-1.5775,0.013,-0.2051,-0.2985,-0.0597,0.013,true,-0.1543,0.633,-1.6172,1.7523,1356.8,2157.5,0.1292,,,true,,,,,,,,,,,false,1,0,0,1.5775,0,0.0556,0.3344,-1.5775,0.5791,-2.6123,-0.0814,WebglFramebuffer,2,0,1,,,
71297.4,1790994238559,21:23:58.558,placed,true,705,41.9,69.537584,NORMAL,UNSPECIFIED,-0.379,1.9488,-1.8614,0.3863,0.053,0.0359,-0.9202,64.5775,0.5122,-0.379,1.9488,-1.8614,-0.3863,-0.053,-0.0359,0.9202,64.5775,0.5122,0,0,-0.1543,0.633,-1.6172,0,0.9988,0,-0.0482,1,417.5,1208.1,false,,,,270,0.3993,5,1.8193,0.6634,,,0.6334,,,,,,13.1641,66.6,0.0519,0,0.5122,0,0,0.01,99.9934,0,0,3.0898,1.5825,0,0,-1.0002,-0.02,0.99181,0.10697,-0.0698,0,-0.0251,0.69902,0.71466,0,0.12524,-0.70705,0.69598,0,0.65796,-2.63781,-0.12374,1,-0.1543,0.633,-1.6172,true,true,0.0556,0.3344,-1.5775,0.013,-0.2051,-0.2985,-0.0597,0.013,true,-0.1543,0.633,-1.6172,1.7523,1569.9,2540.9,0.1162,,,true,,,,,,,,,,,false,1,0,0,1.5775,0,0.0556,0.3344,-1.5775,0.658,-2.6378,-0.1237,WebglFramebuffer,2,0,1,,,
71362.2,1790994238624,21:23:58.623,placed,true,706,25.7,69.595339,NORMAL,UNSPECIFIED,-0.3584,1.9557,-1.9147,0.4056,0.0559,0.0454,-0.9112,64.5775,0.5122,-0.3584,1.9557,-1.9147,-0.4056,-0.0559,-0.0454,0.9112,64.5775,0.5122,0,0.6727,-0.1543,0.633,-1.6172,0,0.9988,0,-0.0482,1,418.4,1198.6,false,,,,265,0.3991,5,1.8055,0.6119,,,0.6334,,,,,,13.3909,66.6,0.0576,0,0.5122,0,0,0.01,99.9934,0,0,3.0898,1.5825,0,0,-1.0002,-0.02,0.98963,0.12809,-0.06503,0,-0.03742,0.66692,0.74419,0,0.13869,-0.73404,0.66479,0,0.69341,-2.66387,-0.20583,1,-0.1543,0.633,-1.6172,true,true,0.0556,0.3344,-1.5775,0.013,-0.2051,-0.2985,-0.0597,0.013,true,-0.1543,0.633,-1.6172,1.7523,1726.3,3050.5,0.1022,,,true,,,,,,,,,,,false,1,0,0,1.5775,0,0.0556,0.3344,-1.5775,0.6934,-2.6639,-0.2058,WebglFramebuffer,2,0,1,,,
71418.7,1790994238680,21:23:58.680,placed,true,707,33.4,69.676002,NORMAL,UNSPECIFIED,-0.3412,1.9174,-1.9232,0.4174,0.0574,0.0451,-0.9058,64.5775,0.5122,-0.3412,1.9174,-1.9232,-0.4174,-0.0574,-0.0451,0.9058,64.5775,0.5122,0,0,-0.1543,0.633,-1.6172,0,0.9988,0,-0.0482,1,404.4,1177.1,false,,,,263,0.3945,3,1.7504,0.6634,,,0.6334,,,,,,13.8155,66.7,0.0428,0,0.5122,0,0,0.01,99.9934,0,0,3.0898,1.5825,0,0,-1.0002,-0.02,0.98934,0.1297,-0.06627,0,-0.03387,0.64742,0.76138,0,0.14166,-0.75101,0.64491,0,0.67497,-2.64146,-0.24217,1,-0.1543,0.633,-1.6172,true,true,0.0556,0.3344,-1.5775,0.013,-0.2051,-0.2985,-0.0597,0.013,true,-0.1543,0.633,-1.6172,1.7523,2035.5,3679.3,0.0792,,,true,,,,,,,,,,,false,1,0,0,1.5775,0,0.0556,0.3344,-1.5775,0.675,-2.6415,-0.2422,WebglFramebuffer,2,0,1,,,
71479.3,1790994238741,21:23:58.741,placed,true,708,41,69.725156,NORMAL,UNSPECIFIED,-0.3447,1.8756,-1.9114,0.418,0.0573,0.0408,-0.9057,64.5775,0.5122,-0.3447,1.8756,-1.9114,-0.418,-0.0573,-0.0408,0.9057,64.5775,0.5122,0,0.9667,-0.1543,0.633,-1.6172,0,0.9988,0,-0.0482,1,402.3,1173,false,,,,262,0.3885,1,1.7474,0.6119,,,0.6334,,,,,,14.0841,50,0.0435,0,0.5122,0,0,0.01,99.9934,0,0,3.0898,1.5825,0,0,-1.0002,-0.02,0.9901,0.12189,-0.06966,0,-0.02608,0.64721,0.76186,0,0.13795,-0.7525,0.64398,0,0.65388,-2.61027,-0.22203,1,-0.1543,0.633,-1.6172,true,true,0.0556,0.3344,-1.5775,0.013,-0.2051,-0.2985,-0.0597,0.013,true,-0.1543,0.633,-1.6172,1.7523,2752.8,4650.3,0.0563,,,true,,,,,,,,,,,false,1,0,0,1.5775,0,0.0556,0.3344,-1.5775,0.6539,-2.6103,-0.222,WebglFramebuffer,2,0,1,,,
71551.2,1790994238813,21:23:58.812,placed,true,709,34.9,69.77815,NORMAL,UNSPECIFIED,-0.3479,1.8294,-1.8996,0.4097,0.0572,0.0409,-0.9095,64.5775,0.5122,-0.3479,1.8294,-1.8996,-0.4097,-0.0572,-0.0409,0.9095,64.5775,0.5122,0,0.5377,-0.1543,0.633,-1.6172,0,0.9988,0,-0.0482,1,416.8,1200.5,false,,,,304,0.3768,0,,,,,0.6334,,,,,,14.0665,66.6,0.0478,0,0.5122,0,0,0.01,99.9934,0,0,3.0898,1.5825,0,0,-1.0002,-0.02,0.99013,0.12117,-0.07049,0,-0.0275,0.66094,0.74994,0,0.13745,-0.7406,0.65774,0,0.65589,-2.57375,-0.14702,1,-0.1543,0.633,-1.6172,true,true,0.0556,0.3344,-1.5775,0.013,-0.2051,-0.2985,-0.0597,0.013,true,-0.1543,0.633,-1.6172,1.7523,6715.1,10169.5,0.0221,,,true,,,,,,,,,,,false,1,0,0,1.5775,0,0.0556,0.3344,-1.5775,0.6559,-2.5737,-0.147,WebglFramebuffer,2,0,1,,,
71610.5,1790994238872,21:23:58.872,placed,true,710,29.1,69.8581,NORMAL,UNSPECIFIED,-0.3496,1.8258,-1.8907,0.4028,0.0552,0.04,-0.9127,64.5775,0.5122,-0.3496,1.8258,-1.8907,-0.4028,-0.0552,-0.04,0.9127,64.5775,0.5122,0,1.4838,-0.1543,0.633,-1.6172,0,0.9988,0,-0.0482,1,421.1,1216.9,false,,,,303,0.3764,1,1.7104,0.6197,,,0.6334,,,,,,14.3491,66.7,0.0097,0,0.5122,0,0,0.01,99.9934,0,0,3.0898,1.5825,0,0,-1.0002,-0.02,0.9907,0.11755,-0.06854,0,-0.02859,0.67225,0.73977,0,0.13304,-0.73093,0.66936,0,0.65006,-2.56828,-0.10904,1,-0.1543,0.633,-1.6172,true,true,0.0556,0.3344,-1.5775,0.013,-0.2051,-0.2985,-0.0597,0.013,true,-0.1543,0.633,-1.6172,1.7523,7697,11408.5,0.0192,,,true,,,,,,,,,,,false,1,0,0,1.5775,0,0.0556,0.3344,-1.5775,0.6501,-2.5683,-0.109,WebglFramebuffer,2,0,1,,,
71672,1790994238934,21:23:58.933,placed,true,711,34.6,69.921884,NORMAL,UNSPECIFIED,-0.3483,1.8408,-1.9085,0.398,0.0491,0.0367,-0.9153,64.5775,0.5122,-0.3483,1.8408,-1.9085,-0.398,-0.0491,-0.0367,0.9153,64.5775,0.5122,0,1.2986,-0.1543,0.633,-1.6172,0,0.9988,0,-0.0482,1,423.2,1262.8,false,,,,302,0.3784,4,1.7086,0.6634,,,0.6334,,,,,,14.5402,66.6,0.0233,0,0.5122,0,0,0.01,99.9934,0,0,3.0898,1.5825,0,0,-1.0002,-0.02,0.99248,0.10633,-0.06072,0,-0.0281,0.68043,0.73227,0,0.11918,-0.72506,0.6783,0,0.62485,-2.59927,-0.07455,1,-0.1543,0.633,-1.6172,true,true,0.0556,0.3344,-1.5775,0.013,-0.2051,-0.2985,-0.0597,0.013,true,-0.1543,0.633,-1.6172,1.7523,11929.7,19093.3,0.0121,,,true,,,,,,,,,,,false,1,0,0,1.5775,0,0.0556,0.3344,-1.5775,0.6248,-2.5993,-0.0746,WebglFramebuffer,2,0,1,,,
71736.7,1790994238998,21:23:58.998,placed,true,712,39.3,69.977549,NORMAL,UNSPECIFIED,-0.3515,1.8378,-1.9239,0.3985,0.0471,0.0326,-0.9154,64.5775,0.5122,-0.3515,1.8378,-1.9239,-0.3985,-0.0471,-0.0326,0.9154,64.5775,0.5122,0,0,-0.1543,0.633,-1.6172,0,0.9988,0,-0.0482,1,423.6,1287.6,false,,,,298,0.3756,5,1.6962,0.6197,,,0.6334,,,,,,14.6317,66.6,0.016,0,0.5122,0,0,0.01,99.9934,0,0,3.0898,1.5825,0,0,-1.0002,-0.02,0.99343,0.09729,-0.0602,0,-0.02221,0.68022,0.73267,0,0.11223,-0.72652,0.67792,0,0.60596,-2.61371,-0.06343,1,-0.1543,0.633,-1.6172,true,true,0.0556,0.3344,-1.5775,0.013,-0.2051,-0.2985,-0.0597,0.013,true,-0.1543,0.633,-1.6172,1.7523,-1002122.3,-1634900.3,-0.0001,,,true,,,,,,,,,,,false,1,0,0,1.5775,0,0.0556,0.3344,-1.5775,0.606,-2.6137,-0.0634,WebglFramebuffer,2,0,1,,,
71799.1,1790994239061,21:23:59.060,placed,true,713,32.7,70.036986,NORMAL,UNSPECIFIED,-0.3504,1.8834,-1.9785,0.4153,0.0416,0.0269,-0.9083,64.5775,0.5122,-0.3504,1.8834,-1.9785,-0.4153,-0.0416,-0.0269,0.9083,64.5775,0.5122,0,1.2848,-0.1543,0.633,-1.6172,0,0.9988,0,-0.0482,1,405.5,1286.1,false,,,,300,0.3741,7,2.3217,0.1356,,,0.6334,,,,,,14.7711,66.7,0.0711,0,0.5122,0,0,0.01,99.9934,0,0,3.0898,1.5825,0,0,-1.0002,-0.02,0.99509,0.08346,-0.05323,0,-0.01434,0.65366,0.75666,0,0.09794,-0.75218,0.65164,0,0.56949,-2.69001,-0.15444,1,-0.1543,0.633,-1.6172,true,true,0.0556,0.3344,-1.5775,0.013,-0.2051,-0.2985,-0.0597,0.013,true,-0.1543,0.633,-1.6172,1.7523,12298.8,24065.7,0.0118,,,true,,,,,,,,,,,false,1,0,0,1.5775,0,0.0556,0.3344,-1.5775,0.5695,-2.69,-0.1544,WebglFramebuffer,2,0,1,,,
71880.8,1790994239143,21:23:59.142,placed,true,714,29.5,70.106028,NORMAL,UNSPECIFIED,-0.3453,1.865,-1.9855,0.4178,0.0404,0.0312,-0.9071,64.5775,0.5122,-0.3453,1.865,-1.9855,-0.4178,-0.0404,-0.0312,0.9071,64.5775,0.5122,0,0.4333,-0.1543,0.633,-1.6172,0,0.9988,0,-0.0482,1,414.8,1293,false,,,,369,0.4277,14,1.719,0.5765,,,0.6334,,,,,,14.5165,50,0.0203,0,0.5122,0,0,0.01,99.9934,0,0,3.0898,1.5825,0,0,-1.0002,-0.02,0.9948,0.09024,-0.04719,0,-0.02279,0.6489,0.76053,0,0.09925,-0.7555,0.64759,0,0.58305,-2.67909,-0.14889,1,-0.1543,0.633,-1.6172,true,true,0.0556,0.3344,-1.5775,0.013,-0.2051,-0.2985,-0.0597,0.013,true,-0.1543,0.633,-1.6172,1.7523,-25637.2,-49689.6,-0.0055,,,true,,,,,,,,,,,false,1,0,0,1.5775,0,0.0556,0.3344,-1.5775,0.583,-2.6791,-0.1489,WebglFramebuffer,2,0,1,,,
71943.3,1790994239205,21:23:59.205,placed,true,715,29,70.190975,NORMAL,UNSPECIFIED,-0.3254,1.8601,-2.0048,0.427,0.0371,0.0343,-0.9029,64.5775,0.5122,-0.3254,1.8601,-2.0048,-0.427,-0.0371,-0.0343,0.9029,64.5775,0.5122,0,0,-0.1543,0.633,-1.6172,0,0.9988,0,-0.0482,1,405.3,1287.7,false,,,,366,0.4459,13,1.7402,0.4935,,,0.6334,,,,,,14.6649,83.3,0.0282,0,0.5122,0,0,0.01,99.9934,0,0,3.0898,1.5825,0,0,-1.0002,-0.02,0.9949,0.09358,-0.0377,0,-0.03023,0.63305,0.77352,0,0.09626,-0.76843,0.63265,0,0.57294,-2.6877,-0.18275,1,-0.1543,0.633,-1.6172,true,true,0.0556,0.3344,-1.5775,0.013,-0.2051,-0.2985,-0.0597,0.013,true,-0.1543,0.633,-1.6172,1.7523,-8729.3,-18814.9,-0.0147,,,true,,,,,,,,,,,false,1,0,0,1.5775,0,0.0556,0.3344,-1.5775,0.5729,-2.6877,-0.1827,WebglFramebuffer,2,0,1,,,
72009.2,1790994239271,21:23:59.270,placed,true,716,28.9,70.254329,NORMAL,UNSPECIFIED,-0.3072,1.8625,-2.0227,0.4411,0.0332,0.0383,-0.896,64.5775,0.5122,-0.3072,1.8625,-2.0227,-0.4411,-0.0332,-0.0383,0.896,64.5775,0.5122,0,1.0951,-0.1543,0.633,-1.6172,0,0.9988,0,-0.0482,1,393.7,1255.1,false,,,,363,0.4507,13,2.0362,0.2341,,,0.6334,,,,,,14.7158,66.6,0.0256,0,0.5122,0,0,0.01,99.9934,0,0,3.0898,1.5825,0,0,-1.0002,-0.02,0.99486,0.09789,-0.02582,0,-0.03923,0.60785,0.79308,0,0.09333,-0.788,0.60856,0,0.56746,-2.69594,-0.25413,1,-0.1543,0.633,-1.6172,true,true,0.0556,0.3344,-1.5775,0.013,-0.2051,-0.2985,-0.0597,0.013,true,-0.1543,0.633,-1.6172,1.7523,-10741.1,-25795,-0.0112,,,true,,,,,,,,,,,false,1,0,0,1.5775,0,0.0556,0.3344,-1.5775,0.5675,-2.6959,-0.2541,WebglFramebuffer,2,0,1,,,
72073.3,1790994239335,21:23:59.335,placed,true,717,35,70.320383,NORMAL,UNSPECIFIED,-0.3201,1.851,-2.0493,0.4769,0.0376,0.0377,-0.8773,64.5775,0.5122,-0.3201,1.851,-2.0493,-0.4769,-0.0376,-0.0377,0.8773,64.5775,0.5122,0,1.4133,-0.1543,0.633,-1.6172,0,0.9988,0,-0.0482,1,384.3,1151.3,false,,,,363,0.4504,14,1.7444,0.4501,,,0.6334,,,,,,14.8043,66.6,0.0318,0,0.5122,0,0,0.01,99.9934,0,0,3.0898,1.5825,0,0,-1.0002,-0.02,0.99433,0.10195,-0.0301,0,-0.03018,0.54227,0.83966,0,0.10192,-0.83399,0.54228,0,0.58306,-2.68025,-0.45256,1,-0.1543,0.633,-1.6172,true,true,0.0556,0.3344,-1.5775,0.013,-0.2051,-0.2985,-0.0597,0.013,true,-0.1543,0.633,-1.6172,1.7523,21288,48462.6,0.0063,,,true,,,,,,,,,,,false,1,0,0,1.5775,0,0.0556,0.3344,-1.5775,0.5831,-2.6802,-0.4526,WebglFramebuffer,2,0,1,,,
72140.9,1790994239403,21:23:59.402,placed,true,718,34.6,70.379165,NORMAL,UNSPECIFIED,-0.3334,1.8656,-2.068,0.4942,0.0423,0.0358,-0.8676,64.5775,0.5122,-0.3334,1.8656,-2.068,-0.4942,-0.0423,-0.0358,0.8676,64.5775,0.5122,0,0,-0.1543,0.633,-1.6172,0,0.9988,0,-0.0482,1,378.7,1102.8,false,,,,362,0.4481,12,1.6357,0.5408,,,0.6334,,,,,,14.8032,66.7,0.0271,0,0.5122,0,0,0.01,99.9934,0,0,3.0898,1.5825,0,0,-1.0002,-0.02,0.99387,0.10384,-0.03801,0,-0.02027,0.50899,0.86054,0,0.1087,-0.85449,0.50797,0,0.59393,-2.68201,-0.56757,1,-0.1543,0.633,-1.6172,true,true,0.0556,0.3344,-1.5775,0.013,-0.2051,-0.2985,-0.0597,0.013,true,-0.1543,0.633,-1.6172,1.7523,4645.1,10252.3,0.0318,,,true,,,,,,,,,,,false,1,0,0,1.5775,0,0.0556,0.3344,-1.5775,0.5939,-2.682,-0.5676,WebglFramebuffer,2,0,1,,,
72214.5,1790994239476,21:23:59.476,placed,true,719,31.2,70.446775,NORMAL,UNSPECIFIED,-0.3288,1.8189,-2.033,0.5042,0.046,0.0376,-0.8615,64.5775,0.5122,-0.3288,1.8189,-2.033,-0.5042,-0.046,-0.0376,0.8615,64.5775,0.5122,0,1.3593,-0.1543,0.633,-1.6172,0,0.9988,0,-0.0482,1,372.7,1048.7,false,,,,360,0.4374,20,1.806,0.2413,,,0.6334,,,,,,14.6815,66.7,0.0585,0,0.5122,0,0,0.01,99.9934,0,0,3.0898,1.5825,0,0,-1.0002,-0.02,0.99294,0.11117,-0.04135,0,-0.01839,0.48868,0.87227,0,0.11718,-0.86535,0.48727,0,0.59818,-2.61157,-0.60957,1,-0.1543,0.633,-1.6172,true,true,0.0556,0.3344,-1.5775,0.013,-0.2051,-0.2985,-0.0597,0.013,true,-0.1543,0.633,-1.6172,1.7523,6634.1,13503.6,0.0214,,,true,,,,,,,,,,,false,1,0,0,1.5775,0,0.0556,0.3344,-1.5775,0.5982,-2.6116,-0.6096,WebglFramebuffer,2,0,1,,,
72281.9,1790994239544,21:23:59.543,placed,true,720,37.5,70.523645,NORMAL,UNSPECIFIED,-0.3316,1.8032,-2.0257,0.5162,0.0492,0.0364,-0.8543,64.5775,0.5122,-0.3316,1.8032,-2.0257,-0.5162,-0.0492,-0.0364,0.8543,64.5775,0.5122,0,0,-0.1543,0.633,-1.6172,0,0.9988,0,-0.0482,1,365.9,1009.1,false,,,,399,0.3826,13,1.8096,0.233,,,0.6334,,,,,,14.6993,66.6,0.0175,0,0.5122,0,0,0.01,99.9934,0,0,3.0898,1.5825,0,0,-1.0002,-0.02,0.9925,0.11304,-0.0465,0,-0.01142,0.46449,0.88551,0,0.1217,-0.87834,0.46229,0,0.59625,-2.5793,-0.67574,1,-0.1543,0.633,-1.6172,true,true,0.0556,0.3344,-1.5775,0.013,-0.2051,-0.2985,-0.0597,0.013,true,-0.1543,0.633,-1.6172,1.7523,5621.2,10997.6,0.0255,,,true,,,,,,,,,,,false,1,0,0,1.5775,0,0.0556,0.3344,-1.5775,0.5963,-2.5793,-0.6757,WebglFramebuffer,2,0,1,,,
72353.8,1790994239615,21:23:59.615,placed,true,721,33.4,70.584998,NORMAL,UNSPECIFIED,-0.3307,1.7772,-2.0116,0.5217,0.0513,0.0388,-0.8507,64.5775,0.5122,-0.3307,1.7772,-2.0116,-0.5217,-0.0513,-0.0388,0.8507,64.5775,0.5122,0,0.1978,-0.1543,0.633,-1.6172,0,0.9988,0,-0.0482,1,367.2,986.3,false,,,,396,0.3882,10,1.8901,0.2323,,,0.6334,,,,,,14.6202,66.6,0.0296,0,0.5122,0,0,0.01,99.9934,0,0,3.0898,1.5825,0,0,-1.0002,-0.02,0.99172,0.11956,-0.04684,0,-0.01245,0.45261,0.89162,0,0.1278,-0.88366,0.45035,0,0.60715,-2.54238,-0.69416,1,-0.1543,0.633,-1.6172,true,true,0.0556,0.3344,-1.5775,0.013,-0.2051,-0.2985,-0.0597,0.013,true,-0.1543,0.633,-1.6172,1.7523,9409.2,17400.7,0.015,,,true,,,,,,,,,,,false,1,0,0,1.5775,0,0.0556,0.3344,-1.5775,0.6072,-2.5424,-0.6942,WebglFramebuffer,2,0,1,,,
72420.7,1790994239682,21:23:59.682,placed,true,722,43.3,70.660174,NORMAL,UNSPECIFIED,-0.332,1.7752,-2.0173,0.5327,0.0525,0.0397,-0.8437,64.5775,0.5122,-0.332,1.7752,-2.0173,-0.5327,-0.0525,-0.0397,0.8437,64.5775,0.5122,0,1.343,-0.1543,0.633,-1.6172,0,0.9988,0,-0.0482,1,364.8,960.7,false,,,,391,0.3919,8,1.8938,0.1234,,,0.6334,,,,,,14.6529,83.3,0.0063,0,0.5122,0,0,0.01,99.9934,0,0,3.0898,1.5825,0,0,-1.0002,-0.02,0.99134,0.12292,-0.04631,0,-0.01104,0.42932,0.90309,0,0.13089,-0.89475,0.42695,0,0.61279,-2.52632,-0.75721,1,-0.1543,0.633,-1.6172,true,true,0.0556,0.3344,-1.5775,0.013,-0.2051,-0.2985,-0.0597,0.013,true,-0.1543,0.633,-1.6172,1.7523,6479.6,11926.8,0.0223,,,true,,,,,,,,,,,false,1,0,0,1.5775,0,0.0556,0.3344,-1.5775,0.6128,-2.5263,-0.7572,WebglFramebuffer,2,0,1,,,
72489.7,1790994239751,21:23:59.751,placed,true,723,46.4,70.717472,NORMAL,UNSPECIFIED,-0.333,1.7605,-1.9974,0.5401,0.0532,0.0432,-0.8388,64.5775,0.5122,-0.333,1.7605,-1.9974,-0.5401,-0.0532,-0.0432,0.8388,64.5775,0.5122,0,0.5143,-0.1543,0.633,-1.6172,0,0.9988,0,-0.0482,1,366.1,925.8,false,,,,386,0.3935,2,1.917,0.2907,,,0.6334,,,,,,14.6348,66.7,0.0248,0,0.5122,0,0,0.01,99.9934,0,0,3.0898,1.5825,0,0,-1.0002,-0.02,0.9906,0.12999,-0.04249,0,-0.01511,0.41278,0.91071,0,0.13592,-0.90151,0.41086,0,0.62795,-2.48409,-0.79682,1,-0.1543,0.633,-1.6172,true,true,0.0556,0.3344,-1.5775,0.013,-0.2051,-0.2985,-0.0597,0.013,true,-0.1543,0.633,-1.6172,1.7523,5933,10242.1,0.0245,,,true,,,,,,,,,,,false,1,0,0,1.5775,0,0.0556,0.3344,-1.5775,0.628,-2.4841,-0.7968,WebglFramebuffer,2,0,1,,,
72574.4,1790994239836,21:23:59.835,placed,true,724,36.9,70.783966,NORMAL,UNSPECIFIED,-0.3307,1.756,-1.995,0.5423,0.0528,0.0431,-0.8374,64.5775,0.5122,-0.3307,1.756,-1.995,-0.5423,-0.0528,-0.0431,0.8374,64.5775,0.5122,0,0.8342,-0.1543,0.633,-1.6172,0,0.9988,0,-0.0482,1,363.9,919.9,false,,,,388,0.4131,2,1.9134,-0.0075,,,0.6334,,,,,,14.3548,66.6,0.0056,0,0.5122,0,0,0.01,99.9934,0,0,3.0898,1.5825,0,0,-1.0002,-0.02,0.9907,0.12952,-0.04171,0,-0.01493,0.40816,0.91279,0,0.13525,-0.90368,0.4063,0,0.6237,-2.47676,-0.80609,1,-0.1543,0.633,-1.6172,true,true,0.0556,0.3344,-1.5775,0.013,-0.2051,-0.2985,-0.0597,0.013,true,-0.1543,0.633,-1.6172,1.7523,6169,10682.2,0.0232,,,true,,,,,,,,,,,false,1,0,0,1.5775,0,0.0556,0.3344,-1.5775,0.6237,-2.4768,-0.8061,WebglFramebuffer,2,0,1,,,
72653.1,1790994239915,21:23:59.914,placed,true,725,48.8,70.877784,NORMAL,UNSPECIFIED,-0.3279,1.758,-1.9979,0.5492,0.0528,0.0427,-0.8329,64.5775,0.5122,-0.3279,1.758,-1.9979,-0.5492,-0.0528,-0.0427,0.8329,64.5775,0.5122,0,1.097,-0.1543,0.633,-1.6172,0,0.9988,0,-0.0482,1,358.2,904.6,false,,,,376,0.4285,2,1.9142,-0.0075,,,0.6334,,,,,,14.1867,83.3,0.0045,0,0.5122,0,0,0.01,99.9934,0,0,3.0898,1.5825,0,0,-1.0002,-0.02,0.99079,0.12906,-0.04107,0,-0.0131,0.39318,0.91937,0,0.1348,-0.91036,0.39125,0,0.61722,-2.4677,-0.84807,1,-0.1543,0.633,-1.6172,true,true,0.0556,0.3344,-1.5775,0.013,-0.2051,-0.2985,-0.0597,0.013,true,-0.1543,0.633,-1.6172,1.7523,4667.4,8262.9,0.0306,,,true,,,,,,,,,,,false,1,0,0,1.5775,0,0.0556,0.3344,-1.5775,0.6172,-2.4677,-0.8481,WebglFramebuffer,2,0,1,,,
72734.6,1790994239996,21:23:59.996,placed,true,726,46.3,70.944592,NORMAL,UNSPECIFIED,-0.3272,1.7567,-1.9982,0.553,0.0522,0.0427,-0.8305,64.5775,0.5122,-0.3272,1.7567,-1.9982,-0.553,-0.0522,-0.0427,0.8305,64.5775,0.5122,0,0,-0.1543,0.633,-1.6172,0,0.9988,0,-0.0482,1,356.7,895.9,false,,,,378,0.4353,2,1.9128,-0.0075,,,0.6334,,,,,,13.995,66.7,0.0015,0,0.5122,0,0,0.01,99.9934,0,0,3.0898,1.5825,0,0,-1.0002,-0.02,0.99091,0.12861,-0.0394,0,-0.01325,0.38478,0.92291,0,0.13385,-0.914,0.38299,0,0.61498,-2.46028,-0.86892,1,-0.1543,0.633,-1.6172,true,true,0.0556,0.3344,-1.5775,0.013,-0.2051,-0.2985,-0.0597,0.013,true,-0.1543,0.633,-1.6172,1.7523,4352.9,7736,0.0328,,,true,,,,,,,,,,,false,1,0,0,1.5775,0,0.0556,0.3344,-1.5775,0.615,-2.4603,-0.8689,WebglFramebuffer,2,0,1,,,
72814.6,1790994240076,21:24:00.076,placed,true,727,38.2,71.02856,NORMAL,UNSPECIFIED,-0.3307,1.7501,-1.9923,0.5534,0.0517,0.0417,-0.8303,64.5775,0.5122,-0.3307,1.7501,-1.9923,-0.5534,-0.0517,-0.0417,0.8303,64.5775,0.5122,0,0,-0.1543,0.633,-1.6172,0,0.9988,0,-0.0482,1,357.6,891.8,false,,,,374,0.4404,4,1.9036,0.8481,,,0.6334,,,,,,13.8471,100,0.0095,0,0.5122,0,0,0.01,99.9934,0,0,3.0898,1.5825,0,0,-1.0002,-0.02,0.99118,0.12648,-0.03963,0,-0.01209,0.38406,0.92323,0,0.13199,-0.9146,0.3822,0,0.61188,-2.4525,-0.86738,1,-0.1543,0.633,-1.6172,true,true,0.0556,0.3344,-1.5775,0.013,-0.2051,-0.2985,-0.0597,0.013,true,-0.1543,0.633,-1.6172,1.7523,4858.2,8405.5,0.0295,,,true,,,,,,,,,,,false,1,0,0,1.5775,0,0.0556,0.3344,-1.5775,0.6119,-2.4525,-0.8674,WebglFramebuffer,2,0,1,,,
72888.6,1790994240150,21:24:00.150,placed,true,728,47.2,71.118435,NORMAL,UNSPECIFIED,-0.3308,1.7451,-1.9876,0.5565,0.0487,0.0421,-0.8283,64.5775,0.5122,-0.3308,1.7451,-1.9876,-0.5565,-0.0487,-0.0421,0.8283,64.5775,0.5122,0,1.4743,-0.1543,0.633,-1.6172,0,0.9988,0,-0.0482,1,358.4,882.5,false,,,,368,0.445,5,1.2195,0.6065,,,0.6334,,,,,,13.8137,66.6,0.0068,0,0.5122,0,0,0.01,99.9934,0,0,3.0898,1.5825,0,0,-1.0002,-0.02,0.99172,0.12387,-0.03383,0,-0.0155,0.37703,0.92607,0,0.12746,-0.91788,0.37583,0,0.60843,-2.44142,-0.88028,1,-0.1543,0.633,-1.6172,true,true,0.0556,0.3344,-1.5775,0.013,-0.2051,-0.2985,-0.0597,0.013,true,-0.1543,0.633,-1.6172,1.7523,4982.6,8554.1,0.0285,,,true,,,,,,,,,,,false,1,0,0,1.5775,0,0.0556,0.3344,-1.5775,0.6084,-2.4414,-0.8803,WebglFramebuffer,2,0,1,,,
72968.2,1790994240230,21:24:00.229,placed,true,729,55.8,71.181663,NORMAL,UNSPECIFIED,-0.3361,1.7413,-1.9822,0.5583,0.0476,0.0405,-0.8273,64.5775,0.5122,-0.3361,1.7413,-1.9822,-0.5583,-0.0476,-0.0405,0.8273,64.5775,0.5122,0,0,-0.1543,0.633,-1.6172,0,0.9988,0,-0.0482,1,359.1,875,false,,,,368,0.4507,5,1.2177,0.6065,,,0.6334,,,,,,13.6886,83.3,0.0086,0,0.5122,0,0,0.01,99.9934,0,0,3.0898,1.5825,0,0,-1.0002,-0.02,0.9922,0.12009,-0.03356,0,-0.01382,0.37335,0.92759,0,0.12392,-0.91988,0.3721,0,0.60316,-2.43311,-0.88889,1,-0.1543,0.633,-1.6172,true,true,0.0556,0.3344,-1.5775,0.013,-0.2051,-0.2985,-0.0597,0.013,true,-0.1543,0.633,-1.6172,1.7523,5008.8,8355.4,0.0287,,,true,,,,,,,,,,,false,1,0,0,1.5775,0,0.0556,0.3344,-1.5775,0.6032,-2.4331,-0.8889,WebglFramebuffer,2,0,1,,,
73044.8,1790994240307,21:24:00.306,placed,true,730,38.5,71.252638,NORMAL,UNSPECIFIED,-0.3372,1.737,-1.9739,0.5574,0.0472,0.0399,-0.828,64.5775,0.5122,-0.3372,1.737,-1.9739,-0.5574,-0.0472,-0.0399,0.828,64.5775,0.5122,0,0,-0.1543,0.633,-1.6172,0,0.9988,0,-0.0482,1,359,871.7,false,,,,367,0.4526,5,1.2168,0.6065,,,0.6334,,,,,,13.6236,66.7,0.0094,0,0.5122,0,0,0.01,99.9934,0,0,3.0898,1.5825,0,0,-1.0002,-0.02,0.99237,0.11862,-0.03365,0,-0.01347,0.37554,0.92671,0,0.12256,-0.91919,0.37427,0,0.59995,-2.42666,-0.8823,1,-0.1543,0.633,-1.6172,true,true,0.0556,0.3344,-1.5775,0.013,-0.2051,-0.2985,-0.0597,0.013,true,-0.1543,0.633,-1.6172,1.7523,5303.3,8659.9,0.027,,,true,,,,,,,,,,,false,1,0,0,1.5775,0,0.0556,0.3344,-1.5775,0.6,-2.4267,-0.8823,WebglFramebuffer,2,0,1,,,
73124.3,1790994240386,21:24:00.385,placed,true,731,44.9,71.346391,NORMAL,UNSPECIFIED,-0.3361,1.7343,-1.9713,0.5584,0.0465,0.0395,-0.8273,64.5775,0.5122,-0.3361,1.7343,-1.9713,-0.5584,-0.0465,-0.0395,0.8273,64.5775,0.5122,0,1.0459,-0.1543,0.633,-1.6172,0,0.9988,0,-0.0482,1,357.7,868.2,false,,,,367,0.4549,5,1.2153,0.6065,,,0.6334,,,,,,13.5206,83.3,0.0039,0,0.5122,0,0,0.01,99.9934,0,0,3.0898,1.5825,0,0,-1.0002,-0.02,0.99256,0.11728,-0.03283,0,-0.01343,0.37331,0.92761,0,0.12105,-0.92026,0.37211,0,0.59553,-2.4221,-0.88629,1,-0.1543,0.633,-1.6172,true,true,0.0556,0.3344,-1.5775,0.013,-0.2051,-0.2985,-0.0597,0.013,true,-0.1543,0.633,-1.6172,1.7523,5411.9,8838.8,0.0262,,,true,,,,,,,,,,,false,1,0,0,1.5775,0,0.0556,0.3344,-1.5775,0.5955,-2.4221,-0.8863,WebglFramebuffer,2,0,1,,,
73201.1,1790994240463,21:24:00.462,placed,true,732,33.8,71.41989,NORMAL,UNSPECIFIED,-0.3348,1.734,-1.9766,0.5596,0.0476,0.0391,-0.8264,64.5775,0.5122,-0.3348,1.734,-1.9766,-0.5596,-0.0476,-0.0391,0.8264,64.5775,0.5122,0,1.7478,-0.1543,0.633,-1.6172,0,0.9988,0,-0.0482,1,355.9,869.5,false,,,,381,0.4523,5,1.1762,0.6495,,,0.6334,,,,,,13.469,83.3,0.0056,0,0.5122,0,0,0.01,99.9934,0,0,3.0898,1.5825,0,0,-1.0002,-0.02,0.99241,0.1179,-0.03486,0,-0.0114,0.37056,0.92874,0,0.12242,-0.9213,0.36909,0,0.59398,-2.42415,-0.89256,1,-0.1543,0.633,-1.6172,true,true,0.0556,0.3344,-1.5775,0.013,-0.2051,-0.2985,-0.0597,0.013,true,-0.1543,0.633,-1.6172,1.7523,5542.2,9185.6,0.0255,,,true,,,,,,,,,,,false,1,0,0,1.5775,0,0.0556,0.3344,-1.5775,0.594,-2.4241,-0.8926,WebglFramebuffer,2,0,1,,,
73281.6,1790994240543,21:24:00.543,placed,true,733,42.1,71.506984,NORMAL,UNSPECIFIED,-0.3336,1.7357,-1.9695,0.5579,0.0482,0.0394,-0.8276,64.5775,0.5122,-0.3336,1.7357,-1.9695,-0.5579,-0.0482,-0.0394,0.8276,64.5775,0.5122,0,0,-0.1543,0.633,-1.6172,0,0.9988,0,-0.0482,1,354.7,867.2,false,,,,381,0.4592,5,1.1806,0.6495,,,0.6334,,,,,,13.3674,83.3,0.0074,0,0.5122,0,0,0.01,99.9934,0,0,3.0898,1.5825,0,0,-1.0002,-0.02,0.99223,0.11911,-0.03584,0,-0.01146,0.3744,0.9272,0,0.12386,-0.91959,0.37285,0,0.5948,-2.42123,-0.88696,1,-0.1543,0.633,-1.6172,true,true,0.0556,0.3344,-1.5775,0.013,-0.2051,-0.2985,-0.0597,0.013,true,-0.1543,0.633,-1.6172,1.7523,4986.1,8197.3,0.0283,,,true,,,,,,,,,,,false,1,0,0,1.5775,0,0.0556,0.3344,-1.5775,0.5948,-2.4212,-0.887,WebglFramebuffer,2,0,1,,,
73359.6,1790994240621,21:24:00.621,placed,true,734,46.2,71.578996,NORMAL,UNSPECIFIED,-0.3328,1.7329,-1.973,0.5603,0.0496,0.0408,-0.8258,64.5775,0.5122,-0.3328,1.7329,-1.973,-0.5603,-0.0496,-0.0408,0.8258,64.5775,0.5122,0,0,-0.1543,0.633,-1.6172,0,0.9988,0,-0.0482,1,355.5,864.2,false,,,,381,0.4635,5,1.1766,0.6495,,,0.6334,,,,,,13.3111,66.6,0.0046,0,0.5122,0,0,0.01,99.9934,0,0,3.0898,1.5825,0,0,-1.0002,-0.02,0.99174,0.12305,-0.03615,0,-0.01187,0.36879,0.92944,0,0.1277,-0.92133,0.36721,0,0.60255,-2.41596,-0.89817,1,-0.1543,0.633,-1.6172,true,true,0.0556,0.3344,-1.5775,0.013,-0.2051,-0.2985,-0.0597,0.013,true,-0.1543,0.633,-1.6172,1.7523,5274.6,8662.2,0.0268,,,true,,,,,,,,,,,false,1,0,0,1.5775,0,0.0556,0.3344,-1.5775,0.6025,-2.416,-0.8982,WebglFramebuffer,2,0,1,,,
73435.9,1790994240698,21:24:00.697,placed,true,735,50.6,71.653727,NORMAL,UNSPECIFIED,-0.3362,1.7287,-1.9693,0.5594,0.0514,0.0404,-0.8263,64.5775,0.5122,-0.3362,1.7287,-1.9693,-0.5594,-0.0514,-0.0404,0.8263,64.5775,0.5122,0,0.8236,-0.1543,0.633,-1.6172,0,0.9988,0,-0.0482,1,356.6,863.4,false,,,,384,0.4666,5,1.1741,0.6495,,,0.6334,,,,,,13.2889,83.3,0.0066,0,0.5122,0,0,0.01,99.9934,0,0,3.0898,1.5825,0,0,-1.0002,-0.02,0.99146,0.12418,-0.03971,0,-0.00925,0.3708,0.92867,0,0.13005,-0.92037,0.36878,0,0.60538,-2.41177,-0.89247,1,-0.1543,0.633,-1.6172,true,true,0.0556,0.3344,-1.5775,0.013,-0.2051,-0.2985,-0.0597,0.013,true,-0.1543,0.633,-1.6172,1.7523,5877.3,9374.4,0.0243,,,true,,,,,,,,,,,false,1,0,0,1.5775,0,0.0556,0.3344,-1.5775,0.6054,-2.4118,-0.8925,WebglFramebuffer,2,0,1,,,
73533.5,1790994240795,21:24:00.795,placed,true,736,43.1,71.725772,NORMAL,UNSPECIFIED,-0.3386,1.7289,-1.9704,0.5588,0.0531,0.0406,-0.8266,64.5775,0.5122,-0.3386,1.7289,-1.9704,-0.5588,-0.0531,-0.0406,0.8266,64.5775,0.5122,0,0.4297,-0.1543,0.633,-1.6172,0,0.9988,0,-0.0482,1,358,864.7,false,,,,383,0.4704,5,1.1739,0.6495,,,0.6334,,,,,,12.9856,83.3,0.0027,0,0.5122,0,0,0.01,99.9934,0,0,3.0898,1.5825,0,0,-1.0002,-0.02,0.99106,0.12648,-0.04236,0,-0.00783,0.37219,0.92812,0,0.13315,-0.9195,0.36986,0,0.61149,-2.41242,-0.89023,1,-0.1543,0.633,-1.6172,true,true,0.0556,0.3344,-1.5775,0.013,-0.2051,-0.2985,-0.0597,0.013,true,-0.1543,0.633,-1.6172,1.7523,5972.5,9397,0.0243,,,true,,,,,,,,,,,false,1,0,0,1.5775,0,0.0556,0.3344,-1.5775,0.6115,-2.4124,-0.8902,WebglFramebuffer,2,0,1,,,
73610.8,1790994240872,21:24:00.872,placed,true,737,34.4,71.83093,NORMAL,UNSPECIFIED,-0.3324,1.733,-1.9823,0.5595,0.0544,0.0413,-0.826,64.5775,0.5122,-0.3324,1.733,-1.9823,-0.5595,-0.0544,-0.0413,0.826,64.5775,0.5122,0,0.7008,-0.1543,0.633,-1.6172,0,0.9988,0,-0.0482,1,355.1,871.7,false,,,,379,0.4733,5,1.1731,0.6495,,,0.6334,,,,,,12.9807,83.4,0.0141,0,0.5122,0,0,0.01,99.9934,0,0,3.0898,1.5825,0,0,-1.0002,-0.02,0.99066,0.12917,-0.04366,0,-0.00736,0.3704,0.92884,0,0.13615,-0.91985,0.36789,0,0.61191,-2.42243,-0.8949,1,-0.1543,0.633,-1.6172,true,true,0.0556,0.3344,-1.5775,0.013,-0.2051,-0.2985,-0.0597,0.013,true,-0.1543,0.633,-1.6172,1.7523,5845.1,9654,0.0244,,,true,,,,,,,,,,,false,1,0,0,1.5775,0,0.0556,0.3344,-1.5775,0.6119,-2.4224,-0.8949,WebglFramebuffer,2,0,1,,,
73680.4,1790994240942,21:24:00.942,placed,true,738,37,71.917051,NORMAL,UNSPECIFIED,-0.3294,1.7312,-1.9838,0.56,0.0554,0.0435,-0.8255,64.5775,0.5122,-0.3294,1.7312,-1.9838,-0.56,-0.0554,-0.0435,0.8255,64.5775,0.5122,0,0,-0.1543,0.633,-1.6172,0,0.9988,0,-0.0482,1,356.3,871.7,false,,,,379,0.4754,5,1.171,0.6495,,,0.6334,,,,,,13.1194,83.3,0.0037,0,0.5122,0,0,0.01,99.9934,0,0,3.0898,1.5825,0,0,-1.0002,-0.02,0.99009,0.13381,-0.04267,0,-0.00982,0.36905,0.92936,0,0.1401,-0.91973,0.3667,0,0.6211,-2.4194,-0.89554,1,-0.1543,0.633,-1.6172,true,true,0.0556,0.3344,-1.5775,0.013,-0.2051,-0.2985,-0.0597,0.013,true,-0.1543,0.633,-1.6172,1.7523,6306.8,10455.1,0.0225,,,true,,,,,,,,,,,false,1,0,0,1.5775,0,0.0556,0.3344,-1.5775,0.6211,-2.4194,-0.8955,WebglFramebuffer,2,0,1,,,
73757.4,1790994241019,21:24:01.019,placed,true,739,41,71.983227,NORMAL,UNSPECIFIED,-0.3279,1.731,-1.9824,0.5622,0.0557,0.0454,-0.8239,64.5775,0.5122,-0.3279,1.731,-1.9824,-0.5622,-0.0557,-0.0454,0.8239,64.5775,0.5122,0,0,-0.1543,0.633,-1.6172,0,0.9988,0,-0.0482,1,356.8,864.8,false,,,,376,0.478,4,1.8572,0.6495,,,0.6334,,,,,,13.1062,66.6,0.0021,0,0.5122,0,0,0.01,99.9934,0,0,3.0898,1.5825,0,0,-1.0002,-0.02,0.98966,0.13752,-0.04079,0,-0.01216,0.36382,0.93139,0,0.14292,-0.92126,0.36173,0,0.62893,-2.41099,-0.9085,1,-0.1543,0.633,-1.6172,true,true,0.0556,0.3344,-1.5775,0.013,-0.2051,-0.2985,-0.0597,0.013,true,-0.1543,0.633,-1.6172,1.7523,5794.1,9571.7,0.0245,,,true,,,,,,,,,,,false,1,0,0,1.5775,0,0.0556,0.3344,-1.5775,0.6289,-2.411,-0.9085,WebglFramebuffer,2,0,1,,,
73828.6,1790994241090,21:24:01.090,placed,true,740,45.2,72.058976,NORMAL,UNSPECIFIED,-0.331,1.732,-1.9797,0.5618,0.0566,0.0475,-0.824,64.5775,0.5122,-0.331,1.732,-1.9797,-0.5618,-0.0566,-0.0475,0.824,64.5775,0.5122,0,0,-0.1543,0.633,-1.6172,0,0.9988,0,-0.0482,1,361.1,861.9,false,,,,375,0.48,5,1.1733,0.6495,,,0.6334,,,,,,13.2001,83.3,0.0043,0,0.5122,0,0,0.01,99.9934,0,0,3.0898,1.5825,0,0,-1.0002,-0.02,0.98909,0.14181,-0.03983,0,-0.01473,0.36429,0.93117,0,0.14656,-0.92043,0.3624,0,0.64303,-2.40615,-0.90856,1,-0.1543,0.633,-1.6172,true,true,0.0556,0.3344,-1.5775,0.013,-0.2051,-0.2985,-0.0597,0.013,true,-0.1543,0.633,-1.6172,1.7523,5540.6,8909.8,0.0261,,,true,,,,,,,,,,,false,1,0,0,1.5775,0,0.0556,0.3344,-1.5775,0.643,-2.4061,-0.9086,WebglFramebuffer,2,0,1,,,
73921.4,1790994241175,21:24:01.175,placed,true,741,60.4,72.123441,NORMAL,UNSPECIFIED,-0.3315,1.7349,-1.9743,0.5619,0.0545,0.0475,-0.8241,64.5775,0.5122,-0.3315,1.7349,-1.9743,-0.5619,-0.0545,-0.0475,0.8241,64.5775,0.5122,0,0,-0.1543,0.633,-1.6172,0,0.9988,0,-0.0482,1,361.2,857.4,false,,,,380,0.4812,5,1.178,0.6495,,,0.6334,,,,,,13.0538,66.7,0.0061,0,0.5122,0,0,0.01,99.9934,0,0,3.0898,1.5825,0,0,-1.0002,-0.02,0.98955,0.13951,-0.0364,0,-0.01708,0.36411,0.9312,0,0.14317,-0.92085,0.36269,0,0.64032,-2.40349,-0.91158,1,-0.1543,0.633,-1.6172,true,true,0.0556,0.3344,-1.5775,0.013,-0.2051,-0.2985,-0.0597,0.013,true,-0.1543,0.633,-1.6172,1.7523,4817.9,7720.1,0.0301,,,true,,,,,,,,,,,false,1,0,0,1.5775,0,0.0556,0.3344,-1.5775,0.6403,-2.4035,-0.9116,WebglFramebuffer,2,0,1,,,
73992.7,1790994241254,21:24:01.254,placed,true,742,27.3,72.193502,NORMAL,UNSPECIFIED,-0.3238,1.7413,-1.9641,0.5597,0.0491,0.048,-0.8258,64.5775,0.5122,-0.3238,1.7413,-1.9641,-0.5597,-0.0491,-0.048,0.8258,64.5775,0.5122,0,1.4078,-0.1543,0.633,-1.6172,0,0.9988,0,-0.0482,1,358.1,855.4,false,,,,385,0.4841,5,1.188,0.6495,,,0.6334,,,,,,13.0158,99.9,0.0142,0,0.5122,0,0,0.01,99.9934,0,0,3.0898,1.5825,0,0,-1.0002,-0.02,0.99057,0.13423,-0.02737,0,-0.0243,0.36885,0.92917,0,0.13482,-0.91975,0.36864,0,0.62788,-2.40532,-0.90276,1,-0.1543,0.633,-1.6172,true,true,0.0556,0.3344,-1.5775,0.013,-0.2051,-0.2985,-0.0597,0.013,true,-0.1543,0.633,-1.6172,1.7523,3938.8,6528.3,0.0355,,,true,,,,,,,,,,,false,1,0,0,1.5775,0,0.0556,0.3344,-1.5775,0.6279,-2.4053,-0.9028,WebglFramebuffer,2,0,1,,,
74062.3,1790994241324,21:24:01.324,placed,true,743,42,72.305517,NORMAL,UNSPECIFIED,-0.3225,1.7474,-1.9568,0.5579,0.0448,0.0483,-0.8273,64.5775,0.5122,-0.3225,1.7474,-1.9568,-0.5579,-0.0448,-0.0483,0.8273,64.5775,0.5122,0,0,-0.1543,0.633,-1.6172,0,0.9988,0,-0.0482,1,358.7,854,false,,,,386,0.4862,6,1.7178,0.6495,,,0.6334,,,,,,13.149,66.7,0.0096,0,0.5122,0,0,0.01,99.9934,0,0,3.0898,1.5825,0,0,-1.0002,-0.02,0.99132,0.1299,-0.02033,0,-0.02985,0.37294,0.92738,0,0.12805,-0.91872,0.37358,0,0.62242,-2.40749,-0.89603,1,-0.1543,0.633,-1.6172,true,true,0.0556,0.3344,-1.5775,0.013,-0.2051,-0.2985,-0.0597,0.013,true,-0.1543,0.633,-1.6172,1.7523,3414.4,5700.3,0.0406,,,true,,,,,,,,,,,false,1,0,0,1.5775,0,0.0556,0.3344,-1.5775,0.6224,-2.4075,-0.896,WebglFramebuffer,2,0,1,,,
74140.8,1790994241402,21:24:01.402,placed,true,744,51.4,72.36224,NORMAL,UNSPECIFIED,-0.3225,1.7708,-1.9362,0.5548,0.0371,0.0453,-0.8299,64.5775,0.5122,-0.3225,1.7708,-1.9362,-0.5548,-0.0371,-0.0453,0.8299,64.5775,0.5122,0,0.9512,-0.1543,0.633,-1.6172,0,0.9988,0,-0.0482,1,353.6,843.1,false,,,,392,0.4835,7,1.2262,0.6495,,,0.6334,,,,,,13.1096,66.6,0.0312,0,0.5122,0,0,0.01,99.9934,0,0,3.0898,1.5825,0,0,-1.0002,-0.02,0.99315,0.11633,-0.0113,0,-0.03403,0.38024,0.92426,0,0.11181,-0.91754,0.38159,0,0.59705,-2.41238,-0.9015,1,-0.1543,0.633,-1.6172,true,true,0.0556,0.3344,-1.5775,0.013,-0.2051,-0.2985,-0.0597,0.013,true,-0.1543,0.633,-1.6172,1.7523,2142.1,3626.7,0.0654,,,true,,,,,,,,,,,false,1,0,0,1.5775,0,0.0556,0.3344,-1.5775,0.5971,-2.4124,-0.9015,WebglFramebuffer,2,0,1,,,
74218,1790994241480,21:24:01.479,placed,true,745,40.6,72.43268,NORMAL,UNSPECIFIED,-0.3065,1.7836,-1.9278,0.554,0.0273,0.0404,-0.8311,64.5775,0.5122,-0.3065,1.7836,-1.9278,-0.554,-0.0273,-0.0404,0.8311,64.5775,0.5122,0,0,-0.1543,0.633,-1.6172,0,0.9988,0,-0.0482,1,339.3,841.1,false,,,,396,0.4839,7,1.2419,0.6495,,,0.6334,,,,,,13.094,83.3,0.0222,0,0.5122,0,0,0.01,99.9934,0,0,3.0898,1.5825,0,0,-1.0002,-0.02,0.99524,0.09747,-0.00054,0,-0.037,0.38289,0.92305,0,0.09018,-0.91864,0.38468,0,0.54482,-2.42398,-0.90497,1,-0.1543,0.633,-1.6172,true,true,0.0556,0.3344,-1.5775,0.013,-0.2051,-0.2985,-0.0597,0.013,true,-0.1543,0.633,-1.6172,1.7523,1665.4,3144.3,0.0774,,,true,,,,,,,,,,,false,1,0,0,1.5775,0,0.0556,0.3344,-1.5775,0.5448,-2.424,-0.905,WebglFramebuffer,2,0,1,,,
74293.9,1790994241556,21:24:01.555,placed,true,746,45.5,72.517256,NORMAL,UNSPECIFIED,-0.2828,1.797,-1.9182,0.5567,0.0165,0.0343,-0.8298,64.5775,0.5122,-0.2828,1.797,-1.9182,-0.5567,-0.0165,-0.0343,0.8298,64.5775,0.5122,0,1.3396,-0.1543,0.633,-1.6172,0,0.9988,0,-0.0482,1,318.1,830.3,false,,,,399,0.4818,6,1.7791,0.6495,,,0.6334,,,,,,13.1021,66.7,0.0288,0,0.5122,0,0,0.01,99.9934,0,0,3.0898,1.5825,0,0,-1.0002,-0.02,0.9971,0.07532,0.01093,0,-0.03868,0.37775,0.9251,0,0.06555,-0.92284,0.37957,0,0.47721,-2.42768,-0.93121,1,-0.1543,0.633,-1.6172,true,true,0.0556,0.3344,-1.5775,0.013,-0.2051,-0.2985,-0.0597,0.013,true,-0.1543,0.633,-1.6172,1.7523,1208.4,2668.1,0.0939,,,true,,,,,,,,,,,false,1,0,0,1.5775,0,0.0556,0.3344,-1.5775,0.4772,-2.4277,-0.9312,WebglFramebuffer,2,0,1,,,
74378.5,1790994241640,21:24:01.640,placed,true,747,41,72.590171,NORMAL,UNSPECIFIED,-0.2454,1.7993,-1.8816,0.5511,0.003,0.033,-0.8338,64.5775,0.5122,-0.2454,1.7993,-1.8816,-0.5511,-0.003,-0.033,0.8338,64.5775,0.5122,0,0,-0.1543,0.633,-1.6172,0,0.9988,0,-0.0482,1,298.3,819.1,false,,,,390,0.4871,6,1.9619,0.0355,,,0.6334,,,,,,12.9753,83.2,0.0523,0,0.5122,0,0,0.01,99.9934,0,0,3.0898,1.5825,0,0,-1.0002,-0.02,0.9978,0.05836,0.03139,0,-0.05175,0.39045,0.91917,0,0.04138,-0.91877,0.39262,0,0.41584,-2.41703,-0.90744,1,-0.1543,0.633,-1.6172,true,true,0.0556,0.3344,-1.5775,0.013,-0.2051,-0.2985,-0.0597,0.013,true,-0.1543,0.633,-1.6172,1.7523,861.6,2296.6,0.1037,,,true,,,,,,,,,,,false,1,0,0,1.5775,0,0.0556,0.3344,-1.5775,0.4158,-2.417,-0.9074,WebglFramebuffer,2,0,1,,,
74454,1790994241716,21:24:01.715,placed,true,748,42.6,72.677193,NORMAL,UNSPECIFIED,-0.2305,1.7946,-1.8102,0.5432,-0.0034,0.0314,-0.839,64.5775,0.5122,-0.2305,1.7946,-1.8102,-0.5432,0.0034,-0.0314,0.839,64.5775,0.5122,0,0.6326,-0.1543,0.633,-1.6172,0,0.9988,0,-0.0482,1,287.8,785,false,,,,351,0.5541,7,1.9878,0,,,0.6334,,,,,,13.0005,83.4,0.0731,0,0.5122,0,0,0.01,99.9934,0,0,3.0898,1.5825,0,0,-1.0002,-0.02,0.998,0.0491,0.0398,0,-0.05641,0.40798,0.91125,0,0.02851,-0.91167,0.40994,0,0.38292,-2.37115,-0.88404,1,-0.1543,0.633,-1.6172,true,true,0.0556,0.3344,-1.5775,0.013,-0.2051,-0.2985,-0.0597,0.013,true,-0.1543,0.633,-1.6172,1.7523,664.9,1694,0.1221,,,true,,,,,,,,,,,false,1,0,0,1.5775,0,0.0556,0.3344,-1.5775,0.3829,-2.3711,-0.884,WebglFramebuffer,2,0,1,,,
74540.1,1790994241802,21:24:01.801,placed,true,749,53.6,72.751755,NORMAL,UNSPECIFIED,-0.2344,1.7756,-1.7482,0.5313,-0.0014,0.0259,-0.8468,64.5775,0.5122,-0.2344,1.7756,-1.7482,-0.5313,0.0014,-0.0259,0.8468,64.5775,0.5122,0,0,-0.1543,0.633,-1.6172,0,0.9988,0,-0.0482,1,281,765.9,false,,,,359,0.5474,9,1.9588,0.0355,,,0.6334,,,,,,12.8633,83.3,0.065,0,0.5122,0,0,0.01,99.9934,0,0,3.0898,1.5825,0,0,-1.0002,-0.02,0.99866,0.04232,0.02983,0,-0.04527,0.4341,0.89972,0,0.02512,-0.89987,0.43544,0,0.35842,-2.33401,-0.82937,1,-0.1543,0.633,-1.6172,true,true,0.0556,0.3344,-1.5775,0.013,-0.2051,-0.2985,-0.0597,0.013,true,-0.1543,0.633,-1.6172,1.7523,645.3,1369.9,0.1252,,,true,,,,,,,,,,,false,1,0,0,1.5775,0,0.0556,0.3344,-1.5775,0.3584,-2.334,-0.8294,WebglFramebuffer,3,0,1,,,
74618.7,1790994241880,21:24:01.880,placed,true,750,53.3,72.826331,NORMAL,UNSPECIFIED,-0.2242,1.79,-1.7204,0.5332,-0.0016,0.0279,-0.8455,64.5775,0.5122,-0.2242,1.79,-1.7204,-0.5332,0.0016,-0.0279,0.8455,64.5775,0.5122,0,1.1056,-0.1543,0.633,-1.6172,0,0.9988,0,-0.0482,1,275.1,741.2,false,,,,361,0.5433,11,1.7149,0.2408,,,0.6334,,,,,,12.8476,83.3,0.0329,0,0.5122,0,0,0.01,99.9934,0,0,3.0898,1.5825,0,0,-1.0002,-0.02,0.99844,0.04548,0.03248,0,-0.04891,0.42991,0.90155,0,0.02704,-0.90173,0.43146,0,0.35792,-2.31066,-0.86416,1,-0.1543,0.633,-1.6172,true,true,0.0556,0.3344,-1.5775,0.013,-0.2051,-0.2985,-0.0597,0.013,true,-0.1543,0.633,-1.6172,1.7523,531.1,1123.4,0.1511,,,true,,,,,,,,,,,false,1,0,0,1.5775,0,0.0556,0.3344,-1.5775,0.3579,-2.3107,-0.8642,WebglFramebuffer,4,0,1,,,
74706.6,1790994241968,21:24:01.968,placed,true,751,57.2,72.905548,NORMAL,UNSPECIFIED,-0.2291,1.7587,-1.6357,0.5154,0,0.0394,-0.856,64.5775,0.5122,-0.2291,1.7587,-1.6357,-0.5154,0,-0.0394,0.856,64.5775,0.5122,0,1.3986,-0.1543,0.633,-1.6172,0,0.9988,0,-0.0482,1,289.9,714.5,false,,,,365,0.5404,8,2.037,0.0355,,,0.6334,,,,,,12.7005,66.7,0.0904,0,0.5122,0,0,0.01,99.9934,0,0,3.0898,1.5825,0,0,-1.0002,-0.02,0.99689,0.06749,0.04061,0,-0.06747,0.46563,0.8824,0,0.04064,-0.8824,0.46874,0,0.41353,-2.24682,-0.77588,1,-0.1543,0.633,-1.6172,true,true,0.0556,0.3344,-1.5775,0.013,-0.2051,-0.2985,-0.0597,0.013,true,-0.1543,0.633,-1.6172,1.7523,542.4,772.3,0.1544,,,true,,,,,,,,,,,false,1,0,0,1.5775,0,0.0556,0.3344,-1.5775,0.4135,-2.2468,-0.7759,WebglFramebuffer,4,0,1,,,
74803.3,1790994242065,21:24:02.064,placed,true,752,31.9,72.989184,NORMAL,UNSPECIFIED,-0.2637,1.7555,-1.5622,0.5043,0.0082,0.0405,-0.8625,64.5775,0.5122,-0.2637,1.7555,-1.5622,-0.5043,-0.0082,-0.0405,0.8625,64.5775,0.5122,0,1.3341,-0.1543,0.633,-1.6172,0,0.9988,0,-0.0482,1,302.5,681.3,false,,,,374,0.4655,4,2.1019,0.1866,,,0.6334,,,,,,12.4646,99.9,0.0813,0,0.5122,0,0,0.01,99.9934,0,0,3.0898,1.5825,0,0,-1.0002,-0.02,0.99659,0.07813,0.02664,0,-0.06153,0.48803,0.87065,0,0.05503,-0.86932,0.49118,0,0.45683,-2.1942,-0.7541,1,-0.1543,0.633,-1.6172,true,true,0.0556,0.3344,-1.5775,0.013,-0.2051,-0.2985,-0.0597,0.013,true,-0.1543,0.633,-1.6172,1.7523,581.2,494.6,0.1852,,,true,,,,,,,,,,,false,1,0,0,1.5775,0,0.0556,0.3344,-1.5775,0.4568,-2.1942,-0.7541,WebglFramebuffer,4,0,1,,,
74877.6,1790994242139,21:24:02.139,placed,true,753,42.3,73.111699,NORMAL,UNSPECIFIED,-0.2835,1.7679,-1.5141,0.4975,0.0148,0.0406,-0.8664,64.5775,0.5122,-0.2835,1.7679,-1.5141,-0.4975,-0.0148,-0.0406,0.8664,64.5775,0.5122,0,0,-0.1543,0.633,-1.6172,0,0.9988,0,-0.0482,1,305.3,660.2,false,,,,388,0.4616,4,2.1384,0.1866,,,0.6334,,,,,,12.5622,100,0.0534,0,0.5122,0,0,0.01,99.9934,0,0,3.0898,1.5825,0,0,-1.0002,-0.02,0.99627,0.08502,0.0147,0,-0.05556,0.50177,0.86322,0,0.06602,-0.86081,0.50462,0,0.48058,-2.16632,-0.75785,1,-0.1543,0.633,-1.6172,true,true,0.0556,0.3344,-1.5775,0.013,-0.2051,-0.2985,-0.0597,0.013,true,-0.1543,0.633,-1.6172,1.7523,561.9,381.6,0.2206,,,true,,,,,,,,,,,false,1,0,0,1.5775,0,0.0556,0.3344,-1.5775,0.4806,-2.1663,-0.7579,WebglFramebuffer,4,0,1,,,
74959,1790994242221,21:24:02.220,placed,true,754,38.6,73.176284,NORMAL,UNSPECIFIED,-0.301,1.8144,-1.4459,0.4943,0.0227,0.0472,-0.8677,64.5775,0.5122,-0.301,1.8144,-1.4459,-0.4943,-0.0227,-0.0472,0.8677,64.5775,0.5122,0,0.7442,-0.1543,0.633,-1.6172,0,0.9988,0,-0.0482,1,307.3,623.9,false,,,,385,0.45,5,1.9198,0.119,,,0.6334,,,,,,12.536,66.6,0.0844,0,0.5122,0,0,0.01,99.9934,0,0,3.0898,1.5825,0,0,-1.0002,-0.02,0.99451,0.10435,0.00737,0,-0.05955,0.50684,0.85998,0,0.086,-0.8557,0.51028,0,0.53172,-2.12543,-0.82033,1,-0.1543,0.633,-1.6172,true,true,0.0556,0.3344,-1.5775,0.013,-0.2051,-0.2985,-0.0597,0.013,true,-0.1543,0.633,-1.6172,1.7523,494.9,305,0.2961,,,true,,,,,,,,,,,false,1,0,0,1.5775,0,0.0556,0.3344,-1.5775,0.5317,-2.1254,-0.8203,WebglFramebuffer,4,0,1,,,
75050.5,1790994242312,21:24:02.312,placed,true,755,67.1,73.259981,NORMAL,UNSPECIFIED,-0.3209,1.8269,-1.4485,0.494,0.0318,0.0553,-0.8671,64.5775,0.5122,-0.3209,1.8269,-1.4485,-0.494,-0.0318,-0.0553,0.8671,64.5775,0.5122,0,0.9205,-0.1543,0.633,-1.6172,0,0.9988,0,-0.0482,1,318.3,622.6,false,,,,387,0.4499,5,1.9304,0.119,,,0.6334,,,,,,12.3753,83.4,0.0237,0,0.5122,0,0,0.01,99.9934,0,0,3.0898,1.5825,0,0,-1.0002,-0.02,0.99186,0.12733,-0.00059,0,-0.06442,0.50579,0.86025,0,0.10983,-0.85321,0.50988,0,0.59503,-2.11905,-0.83322,1,-0.1543,0.633,-1.6172,true,true,0.0556,0.3344,-1.5775,0.013,-0.2051,-0.2985,-0.0597,0.013,true,-0.1543,0.633,-1.6172,1.7523,519.3,313.3,0.3067,,,true,,,,,,,,,,,false,1,0,0,1.5775,0,0.0556,0.3344,-1.5775,0.595,-2.1191,-0.8332,WebglFramebuffer,5,0,1,,,
75147.3,1790994242409,21:24:02.409,placed,true,756,66,73.323757,NORMAL,UNSPECIFIED,-0.3421,1.8646,-1.4124,0.4927,0.0403,0.0579,-0.8673,64.5775,0.5122,-0.3421,1.8646,-1.4124,-0.4927,-0.0403,-0.0579,0.8673,64.5775,0.5122,0,1.2649,-0.1543,0.633,-1.6172,0,0.9988,0,-0.0482,1,318.6,604.7,false,,,,388,0.4472,7,1.9816,0.119,,,0.6334,,,,,,12.1697,83.3,0.0564,0,0.5122,0,0,0.01,99.9934,0,0,3.0898,1.5825,0,0,-1.0002,-0.02,0.99006,0.14005,-0.01283,0,-0.06069,0.50779,0.85934,0,0.12686,-0.85002,0.51124,0,0.63106,-2.09948,-0.88471,1,-0.1543,0.633,-1.6172,true,true,0.0556,0.3344,-1.5775,0.013,-0.2051,-0.2985,-0.0597,0.013,true,-0.1543,0.633,-1.6172,1.7523,496.2,297.4,0.36,,,true,,,,,,,,,,,false,1,0,0,1.5775,0,0.0556,0.3344,-1.5775,0.6311,-2.0995,-0.8847,WebglFramebuffer,5,0,1,,,
75236.3,1790994242498,21:24:02.497,placed,true,757,42.9,73.421695,NORMAL,UNSPECIFIED,-0.4144,1.8639,-1.3707,0.487,0.0592,0.0646,-0.869,64.5775,0.5122,-0.4144,1.8639,-1.3707,-0.487,-0.0592,-0.0646,0.869,64.5775,0.5122,0,0,-0.1543,0.633,-1.6172,0,0.9988,0,-0.0482,1,340.4,580.2,false,,,,344,0.4985,9,2.0423,0.0974,,,0.6334,,,,,,12.0776,99.9,0.0834,0,0.5122,0,0,0.01,99.9934,0,0,3.0898,1.5825,0,0,-1.0002,-0.02,0.98464,0.16996,-0.04002,0,-0.05458,0.51727,0.85408,0,0.16586,-0.83878,0.5186,0,0.73706,-2.04345,-0.89768,1,-0.1543,0.633,-1.6172,true,true,0.0556,0.3344,-1.5775,0.013,-0.2051,-0.2985,-0.0597,0.013,true,-0.1543,0.633,-1.6172,1.7523,557.1,228.7,0.3889,,,true,,,,,,,,,,,false,1,0,0,1.5775,0,0.0556,0.3344,-1.5775,0.7371,-2.0435,-0.8977,WebglFramebuffer,4,0,1,,,
75332.8,1790994242594,21:24:02.594,placed,true,758,67.4,73.533737,NORMAL,UNSPECIFIED,-0.4383,1.8993,-1.3185,0.4915,0.0663,0.0603,-0.8662,64.5775,0.5122,-0.4383,1.8993,-1.3185,-0.4915,-0.0663,-0.0603,0.8662,64.5775,0.5122,0,1.5673,-0.1543,0.633,-1.6172,0,0.9988,0,-0.0482,1,330.2,550.2,false,,,,345,0.4948,13,2.0176,0.1513,,,0.6334,,,,,,11.9061,99.9,0.0674,0,0.5122,0,0,0.01,99.9934,0,0,3.0898,1.5825,0,0,-1.0002,-0.02,0.98393,0.16963,-0.05568,0,-0.03921,0.50957,0.85954,0,0.17418,-0.84354,0.50803,0,0.73535,-2.00572,-0.9871,1,-0.1543,0.633,-1.6172,true,true,0.0556,0.3344,-1.5775,0.013,-0.2051,-0.2985,-0.0597,0.013,true,-0.1543,0.633,-1.6172,1.7523,520.2,204.8,0.4502,,,true,,,,,,,,,,,false,1,0,0,1.5775,0,0.0556,0.3344,-1.5775,0.7353,-2.0057,-0.9871,WebglFramebuffer,5,0,1,,,
75425.4,1790994242687,21:24:02.687,placed,true,759,66.1,73.605444,NORMAL,UNSPECIFIED,-0.4936,1.8967,-1.2241,0.478,0.0818,0.0746,-0.8714,64.5775,0.5122,-0.4936,1.8967,-1.2241,-0.478,-0.0818,-0.0746,0.8714,64.5775,0.5122,0,0,-0.1543,0.633,-1.6172,0,0.9988,0,-0.0482,1,342.1,513.6,false,,,,351,0.4836,17,2.0719,0.1496,,,0.6334,,,,,,11.7943,83.4,0.1095,0,0.5122,0,0,0.01,99.9934,0,0,3.0898,1.5825,0,0,-1.0002,-0.02,0.97548,0.20821,-0.07132,0,-0.05175,0.53196,0.84519,0,0.21392,-0.82077,0.52969,0,0.84146,-1.9109,-0.98988,1,-0.1543,0.633,-1.6172,true,true,0.0556,0.3344,-1.5775,0.013,-0.2051,-0.2985,-0.0597,0.013,true,-0.1543,0.633,-1.6172,1.7523,511.3,121,0.5082,,,true,,,,,,,,,,,false,1,0,0,1.5775,0,0.0556,0.3344,-1.5775,0.8415,-1.9109,-0.9899,WebglFramebuffer,5,0,1,,,
75527.7,1790994242789,21:24:02.789,placed,true,760,79.3,73.699756,NORMAL,UNSPECIFIED,-0.5398,1.7874,-1.1583,0.4678,0.0892,0.0498,-0.8779,64.5775,0.5122,-0.5398,1.7874,-1.1583,-0.4678,-0.0892,-0.0498,0.8779,64.5775,0.5122,0,0.6889,-0.1543,0.633,-1.6172,0,0.9988,0,-0.0482,1,336.3,482.7,false,,,,340,0.4782,16,2.1065,0.0974,,,0.6334,,,,,,11.5933,100,0.1357,0,0.5122,0,0,0.01,99.9934,0,0,3.0898,1.5825,0,0,-1.0002,-0.02,0.97913,0.17084,-0.1101,0,-0.00388,0.55733,0.83028,0,0.2032,-0.81253,0.54636,0,0.77085,-1.84506,-0.91061,1,-0.1543,0.633,-1.6172,true,true,0.0556,0.3344,-1.5775,0.013,-0.2051,-0.2985,-0.0597,0.013,true,-0.1543,0.633,-1.6172,1.7523,561.8,-24.1,0.4733,,,true,,,,,,,,,,,false,1,0,0,1.5775,0,0.0556,0.3344,-1.5775,0.7708,-1.8451,-0.9106,WebglFramebuffer,4,0,1,,,
75642.5,1790994242904,21:24:02.904,placed,true,761,89.1,73.788816,NORMAL,UNSPECIFIED,-0.5272,1.7686,-1.037,0.463,0.0871,0.0532,-0.8805,64.5775,0.5122,-0.5272,1.7686,-1.037,-0.463,-0.0871,-0.0532,0.8805,64.5775,0.5122,0,0,-0.1543,0.633,-1.6172,0,0.9988,0,-0.0482,1,319,434.7,false,,,,346,0.4756,13,2.1435,0.0439,,,0.6334,,,,,,11.3051,99.9,0.1234,0,0.5122,0,0,0.01,99.9934,0,0,3.0898,1.5825,0,0,-1.0002,-0.02,0.97916,0.17436,-0.10412,0,-0.01305,0.56565,0.82454,0,0.20266,-0.806,0.55614,0,0.74949,-1.74431,-0.93647,1,-0.1543,0.633,-1.6172,true,true,0.0556,0.3344,-1.5775,0.013,-0.2051,-0.2985,-0.0597,0.013,true,-0.1543,0.633,-1.6172,1.7523,485.6,-102.8,0.5249,,,true,,,,,,,,,,,false,1,0,0,1.5775,0,0.0556,0.3344,-1.5775,0.7495,-1.7443,-0.9365,WebglFramebuffer,5,0,1,,,
75736.2,1790994242998,21:24:02.997,placed,true,762,30.8,73.893229,NORMAL,UNSPECIFIED,-0.4779,1.7799,-0.9857,0.457,0.0797,0.0665,-0.8834,64.5775,0.5122,-0.4779,1.7799,-0.9857,-0.457,-0.0797,-0.0665,0.8834,64.5775,0.5122,0,0,-0.1543,0.633,-1.6172,0,0.9988,0,-0.0482,1,306.6,426,false,,,,364,0.4674,13,2.0985,0.1186,,,0.6334,,,,,,11.2418,100,0.0721,0,0.5122,0,0,0.01,99.9934,0,0,3.0898,1.5825,0,0,-1.0002,-0.02,0.97845,0.19036,-0.08002,0,-0.04466,0.57341,0.81805,0,0.20161,-0.79685,0.56955,0,0.74577,-1.71511,-0.93286,1,-0.1543,0.633,-1.6172,true,true,0.0556,0.3344,-1.5775,0.013,-0.2051,-0.2985,-0.0597,0.013,true,-0.1543,0.633,-1.6172,1.7523,412.8,-101.1,0.5569,,,true,,,,,,,,,,,false,1,0,0,1.5775,0,0.0556,0.3344,-1.5775,0.7458,-1.7151,-0.9329,WebglFramebuffer,5,0,1,,,
75816.6,1790994243078,21:24:03.078,placed,true,763,46.3,74.045631,NORMAL,UNSPECIFIED,-0.4533,1.8077,-0.9235,0.4547,0.0723,0.0702,-0.8849,64.5775,0.5122,-0.4533,1.8077,-0.9235,-0.4547,-0.0723,-0.0702,0.8849,64.5775,0.5122,0,1.0819,-0.1543,0.633,-1.6172,0,0.9988,0,-0.0482,1,297.1,414,false,,,,387,0.4646,11,2.1556,0.1186,,,0.6334,,,,,,11.3599,99.9,0.0724,0,0.5122,0,0,0.01,99.9934,0,0,3.0898,1.5825,0,0,-1.0002,-0.02,0.9797,0.18995,-0.06414,0,-0.05844,0.57657,0.81495,0,0.19178,-0.79466,0.57597,0,0.72684,-1.69004,-0.97033,1,-0.1543,0.633,-1.6172,true,true,0.0556,0.3344,-1.5775,0.013,-0.2051,-0.2985,-0.0597,0.013,true,-0.1543,0.633,-1.6172,1.7523,368.6,-83.8,0.6121,,,true,,,,,,,,,,,false,1,0,0,1.5775,0,0.0556,0.3344,-1.5775,0.7268,-1.69,-0.9703,WebglFramebuffer,5,0,1,,,
75933.6,1790994243195,21:24:03.195,placed,true,764,66.3,74.110851,NORMAL,UNSPECIFIED,-0.4283,1.8572,-0.8608,0.4593,0.0572,0.0566,-0.8846,64.5775,0.5122,-0.4283,1.8572,-0.8608,-0.4593,-0.0572,-0.0566,0.8846,64.5775,0.5122,0,1.1568,-0.1543,0.633,-1.6172,0,0.9988,0,-0.0482,1,285.5,403.7,false,,,,398,0.4584,8,2.2826,0.1439,,,0.6334,,,,,,11.0786,66.7,0.0837,0,0.5122,0,0,0.01,99.9934,0,0,3.0898,1.5825,0,0,-1.0002,-0.02,0.98704,0.1527,-0.0493,0,-0.04754,0.57174,0.81906,0,0.15326,-0.8061,0.57159,0,0.643,-1.69035,-1.05023,1,-0.1543,0.633,-1.6172,true,true,0.0556,0.3344,-1.5775,0.013,-0.2051,-0.2985,-0.0597,0.013,true,-0.1543,0.633,-1.6172,1.7523,346.3,-51.2,0.6807,,,true,,,,,,,,,,,false,1,0,0,1.5775,0,0.0556,0.3344,-1.5775,0.643,-1.6904,-1.0502,WebglFramebuffer,6,0,1,,,
76013.8,1790994243275,21:24:03.275,placed,true,765,55.4,74.207556,NORMAL,UNSPECIFIED,-0.3821,1.9014,-0.8328,0.4645,0.0461,0.0501,-0.883,64.5775,0.5122,-0.3821,1.9014,-0.8328,-0.4645,-0.0461,-0.0501,0.883,64.5775,0.5122,0,0,-0.1543,0.633,-1.6172,0,0.9988,0,-0.0482,1,270.7,401.7,false,,,,398,0.4556,6,2.3309,0.1439,,,0.6334,,,,,,11.2191,100,0.0698,0,0.5122,0,0,0.01,99.9934,0,0,3.0898,1.5825,0,0,-1.0002,-0.02,0.99072,0.13134,-0.03487,0,-0.04567,0.56348,0.82486,0,0.12798,-0.81562,0.56425,0,0.57197,-1.70054,-1.11182,1,-0.1543,0.633,-1.6172,true,true,0.0556,0.3344,-1.5775,0.013,-0.2051,-0.2985,-0.0597,0.013,true,-0.1543,0.633,-1.6172,1.7523,314.1,-21.8,0.7236,,,true,,,,,,,,,,,false,1,0,0,1.5775,0,0.0556,0.3344,-1.5775,0.572,-1.7005,-1.1118,WebglFramebuffer,6,0,1,,,
76122.3,1790994243384,21:24:03.383,placed,true,766,74.9,74.298936,NORMAL,UNSPECIFIED,-0.3278,1.9063,-0.787,0.4684,0.0319,0.0568,-0.8811,64.5775,0.5122,-0.3278,1.9063,-0.787,-0.4684,-0.0319,-0.0568,0.8811,64.5775,0.5122,0,0.7316,-0.1543,0.633,-1.6172,0,0.9988,0,-0.0482,1,264.4,384.1,false,,,,214,0.4598,2,2.808,-0.2095,,,0.6334,,,,,,11.0189,83.3,0.0713,0,0.5122,0,0,0.01,99.9934,0,0,3.0898,1.5825,0,0,-1.0002,-0.02,0.9915,0.13005,-0.003,0,-0.07025,0.55474,0.82905,0,0.10949,-0.8218,0.55916,0,0.54509,-1.66163,-1.1414,1,-0.1543,0.633,-1.6172,true,true,0.0556,0.3344,-1.5775,0.013,-0.2051,-0.2985,-0.0597,0.013,true,-0.1543,0.633,-1.6172,1.7523,281.9,-39.9,0.7432,,,true,,,,,,,,,,,false,1,0,0,1.5775,0,0.0556,0.3344,-1.5775,0.5451,-1.6616,-1.1414,WebglFramebuffer,6,0,1,,,
76251.5,1790994243513,21:24:03.513,placed,true,767,76.1,74.386626,NORMAL,UNSPECIFIED,-0.2799,1.8754,-0.731,0.4752,0.0116,0.0579,-0.8779,64.5775,0.5122,-0.2799,1.8754,-0.731,-0.4752,-0.0116,-0.0579,0.8779,64.5775,0.5122,0,0,-0.1543,0.633,-1.6172,0,0.9988,0,-0.0482,1,264.5,351.8,false,,,,398,0.4456,3,2.4639,-0.2095,,,0.6334,,,,,,10.691,100,0.0799,0,0.5122,0,0,0.01,99.9934,0,0,3.0898,1.5825,0,0,-1.0002,-0.02,0.99303,0.11264,0.03466,0,-0.09061,0.54167,0.83569,0,0.07536,-0.83301,0.5481,0,0.50294,-1.59329,-1.15688,1,-0.1543,0.633,-1.6172,true,true,0.0556,0.3344,-1.5775,0.013,-0.2051,-0.2985,-0.0597,0.013,true,-0.1543,0.633,-1.6172,1.7523,266.9,-100.5,0.7362,,,true,,,,,,,,,,,false,1,0,0,1.5775,0,0.0556,0.3344,-1.5775,0.5029,-1.5933,-1.1569,WebglFramebuffer,5,0,1,,,
76330.4,1790994243592,21:24:03.592,placed,true,768,39.1,74.515586,NORMAL,UNSPECIFIED,-0.278,1.8448,-0.6618,0.4662,0.007,0.056,-0.8829,64.5775,0.5122,-0.278,1.8448,-0.6618,-0.4662,-0.007,-0.056,0.8829,64.5775,0.5122,0,0,-0.1543,0.633,-1.6172,0,0.9988,0,-0.0482,1,264.9,335.4,false,,,,224,0.4474,3,2.476,-0.2095,,,0.6334,,,,,,10.8877,100,0.0757,0,0.5122,0,0,0.01,99.9934,0,0,3.0898,1.5825,0,0,-1.0002,-0.02,0.99363,0.10539,0.03995,0,-0.09242,0.55901,0.824,0,0.06451,-0.82244,0.56519,0,0.48943,-1.54625,-1.135,1,-0.1543,0.633,-1.6172,true,true,0.0556,0.3344,-1.5775,0.013,-0.2051,-0.2985,-0.0597,0.013,true,-0.1543,0.633,-1.6172,1.7523,265.5,-131.1,0.7611,,,true,,,,,,,,,,,false,1,0,0,1.5775,0,0.0556,0.3344,-1.5775,0.4894,-1.5462,-1.135,WebglFramebuffer,5,0,1,,,
76457.1,1790994243719,21:24:03.718,placed,true,769,83.7,74.631821,NORMAL,UNSPECIFIED,-0.302,1.816,-0.5468,0.4677,0.0053,0.0491,-0.8825,64.5775,0.5122,-0.302,1.816,-0.5468,-0.4677,-0.0053,-0.0491,0.8825,64.5775,0.5122,0,0.551,-0.1543,0.633,-1.6172,0,0.9988,0,-0.0482,1,267.6,292.2,false,,,,389,0.4377,5,2.1811,0,,,0.6334,,,,,,10.5888,66.6,0.1209,0,0.5122,0,0,0.01,99.9934,0,0,3.0898,1.5825,0,0,-1.0002,-0.02,0.99512,0.09163,0.03668,0,-0.0818,0.55774,0.82597,0,0.05523,-0.82494,0.56251,0,0.47927,-1.4363,-1.1813,1,-0.1543,0.633,-1.6172,true,true,0.0556,0.3344,-1.5775,0.013,-0.2051,-0.2985,-0.0597,0.013,true,-0.1543,0.633,-1.6172,1.7523,278.3,-193.1,0.7995,,,true,,,,,,,,,,,false,1,0,0,1.5775,0,0.0556,0.3344,-1.5775,0.4793,-1.4363,-1.1813,WebglFramebuffer,5,0,1,,,
76536.1,1790994243798,21:24:03.797,placed,true,770,50.6,74.713676,NORMAL,UNSPECIFIED,-0.3003,1.7731,-0.4714,0.456,0.0109,0.0562,-0.8882,64.5775,0.5122,-0.3003,1.7731,-0.4714,-0.456,-0.0109,-0.0562,0.8882,64.5775,0.5122,0,0,-0.1543,0.633,-1.6172,0,0.9988,0,-0.0482,1,260,275.1,false,,,,398,0.4341,7,2.0744,0.0363,,,0.6334,,,,,,10.7974,100,0.0868,0,0.5122,0,0,0.01,99.9934,0,0,3.0898,1.5825,0,0,-1.0002,-0.02,0.99345,0.1097,0.03188,0,-0.08984,0.57788,0.81116,0,0.07056,-0.80872,0.58395,0,0.49084,-1.37292,-1.15344,1,-0.1543,0.633,-1.6172,true,true,0.0556,0.3344,-1.5775,0.013,-0.2051,-0.2985,-0.0597,0.013,true,-0.1543,0.633,-1.6172,1.7523,256.7,-221,0.8288,,,true,,,,,,,,,,,false,1,0,0,1.5775,0,0.0556,0.3344,-1.5775,0.4908,-1.3729,-1.1534,WebglFramebuffer,5,0,1,,,
76692,1790994243954,21:24:03.953,placed,true,771,132.5,74.825878,NORMAL,UNSPECIFIED,-0.3052,1.7784,-0.4073,0.452,0.0141,0.0504,-0.8905,64.5775,0.5122,-0.3052,1.7784,-0.4073,-0.452,-0.0141,-0.0504,0.8905,64.5775,0.5122,0,0,-0.1543,0.633,-1.6172,0,0.9988,0,-0.0482,1,253,266.2,false,,,,220,0.438,3,2.0983,0.0363,,,0.6334,,,,,,10.3591,83.3,0.0645,0,0.5122,0,0,0.01,99.9934,0,0,3.0898,1.5825,0,0,-1.0002,-0.02,0.99451,0.10259,0.02041,0,-0.07703,0.58637,0.80638,0,0.07076,-0.80352,0.59105,0,0.46939,-1.33873,-1.18711,1,-0.1543,0.633,-1.6172,true,true,0.0556,0.3344,-1.5775,0.013,-0.2051,-0.2985,-0.0597,0.013,true,-0.1543,0.633,-1.6172,1.7523,251.9,-213.7,0.8797,,,true,,,,,,,,,,,false,1,0,0,1.5775,0,0.0556,0.3344,-1.5775,0.4694,-1.3387,-1.1871,WebglFramebuffer,5,0,1,,,
76773.4,1790994244035,21:24:04.035,placed,true,772,34,74.899241,NORMAL,UNSPECIFIED,-0.3051,1.87,-0.3543,0.4452,0.0206,0.0562,-0.8934,64.5775,0.5122,-0.3051,1.87,-0.3543,-0.4452,-0.0206,-0.0562,0.8934,64.5775,0.5122,0,1.1528,-0.1543,0.633,-1.6172,0,0.9988,0,-0.0482,1,245.6,285.9,false,,,,228,0.4232,3,2.3359,0,,,0.6334,,,,,,10.5502,100,0.1058,0,0.5122,0,0,0.01,99.9934,0,0,3.0898,1.5825,0,0,-1.0002,-0.02,0.99284,0.11872,0.01332,0,-0.08212,0.59726,0.79783,0,0.08677,-0.79321,0.60274,0,0.48721,-1.36169,-1.27433,1,-0.1543,0.633,-1.6172,true,true,0.0556,0.3344,-1.5775,0.013,-0.2051,-0.2985,-0.0597,0.013,true,-0.1543,0.633,-1.6172,1.7523,235.7,-127.7,0.9982,,,true,,,,,,,,,,,false,1,0,0,1.5775,0,0.0556,0.3344,-1.5775,0.4872,-1.3617,-1.2743,WebglFramebuffer,5,0,1,,,
76911.8,1790994244174,21:24:04.173,placed,true,773,88.5,75.079462,NORMAL,UNSPECIFIED,-0.3283,1.8916,-0.3225,0.442,0.025,0.0501,-0.8953,64.5775,0.5122,-0.3283,1.8916,-0.3225,-0.442,-0.025,-0.0501,0.8953,64.5775,0.5122,0,0,-0.1543,0.633,-1.6172,0,0.9988,0,-0.0482,1,244.8,288.3,false,,,,235,0.4228,4,2.3715,1.0087,,,0.6334,,,,,,10.2172,83.3,0.0449,0,0.5122,0,0,0.01,99.9934,0,0,3.0898,1.5825,0,0,-1.0002,-0.02,0.99374,0.11175,-0.0005,0,-0.06756,0.60432,0.79388,0,0.08901,-0.78887,0.60808,0,0.48272,-1.36083,-1.30573,1,-0.1543,0.633,-1.6172,true,true,0.0556,0.3344,-1.5775,0.013,-0.2051,-0.2985,-0.0597,0.013,true,-0.1543,0.633,-1.6172,1.7523,242.6,-109.5,1.0423,,,true,,,,,,,,,,,false,1,0,0,1.5775,0,0.0556,0.3344,-1.5775,0.4827,-1.3608,-1.3057,WebglFramebuffer,5,0,1,,,
77000.1,1790994244261,21:24:04.261,placed,true,774,41.4,75.162886,NORMAL,UNSPECIFIED,-0.3634,1.9119,-0.1898,0.4215,0.0284,0.0501,-0.905,64.5775,0.5122,-0.3634,1.9119,-0.1898,-0.4215,-0.0284,-0.0501,0.905,64.5775,0.5122,0,0,-0.1543,0.633,-1.6172,0,0.9988,0,-0.0482,1,247.3,290.6,false,,,,238,0.4305,6,2.4688,1.0087,,,0.6334,,,,,,10.3331,100,0.1387,0,0.5122,0,0,0.01,99.9934,0,0,3.0898,1.5825,0,0,-1.0002,-0.02,0.99337,0.11462,-0.00912,0,-0.06678,0.6397,0.76572,0,0.0936,-0.76003,0.64311,0,0.50643,-1.32566,-1.3452,1,-0.1543,0.633,-1.6172,true,true,0.0556,0.3344,-1.5775,0.013,-0.2051,-0.2985,-0.0597,0.013,true,-0.1543,0.633,-1.6172,1.7523,246.2,-73.9,1.1813,,,true,,,,,,,,,,,false,1,0,0,1.5775,0,0.0556,0.3344,-1.5775,0.5064,-1.3257,-1.3452,WebglFramebuffer,5,0,1,,,
77157.6,1790994244419,21:24:04.419,placed,true,775,124.2,75.298099,NORMAL,UNSPECIFIED,-0.3789,1.8723,-0.1361,0.41,0.0299,0.0521,-0.9101,64.5775,0.5122,-0.3789,1.8723,-0.1361,-0.41,-0.0299,-0.0521,0.9101,64.5775,0.5122,0,0.5013,-0.1543,0.633,-1.6172,0,0.9988,0,-0.0482,1,249.1,284.5,false,,,,245,0.43,5,2.4728,0,,,0.6334,,,,,,9.9335,100,0.0685,0,0.5122,0,0,0.01,99.9934,0,0,3.0898,1.5825,0,0,-1.0002,-0.02,0.99277,0.11944,-0.01176,0,-0.07032,0.65831,0.74946,0,0.09726,-0.74321,0.66195,0,0.52111,-1.28848,-1.31755,1,-0.1543,0.633,-1.6172,true,true,0.0556,0.3344,-1.5775,0.013,-0.2051,-0.2985,-0.0597,0.013,true,-0.1543,0.633,-1.6172,1.7523,246.7,-82.7,1.2093,,,true,,,,,,,,,,,false,1,0,0,1.5775,0,0.0556,0.3344,-1.5775,0.5211,-1.2885,-1.3176,WebglFramebuffer,5,0,1,,,
77233,1790994244495,21:24:04.494,placed,true,776,48.6,75.37434,NORMAL,UNSPECIFIED,-0.4143,1.8356,-0.0336,0.3837,0.0312,0.0545,-0.9213,64.5775,0.5122,-0.4143,1.8356,-0.0336,-0.3837,-0.0312,-0.0545,0.9213,64.5775,0.5122,0,0.9848,-0.1543,0.633,-1.6172,0,0.9988,0,-0.0482,1,255.6,289.6,false,,,,251,0.4371,3,2.8728,-0.2095,,,0.6334,,,,,,10.2664,100,0.1145,0,0.5122,0,0,0.01,99.9934,0,0,3.0898,1.5825,0,0,-1.0002,-0.02,0.99212,0.1243,-0.01568,0,-0.07643,0.69966,0.71037,0,0.09927,-0.70358,0.70365,0,0.55463,-1.25642,-1.28682,1,-0.1543,0.633,-1.6172,true,true,0.0556,0.3344,-1.5775,0.013,-0.2051,-0.2985,-0.0597,0.013,true,-0.1543,0.633,-1.6172,1.7523,252.6,-62.8,1.3067,,,true,,,,,,,,,,,false,1,0,0,1.5775,0,0.0556,0.3344,-1.5775,0.5546,-1.2564,-1.2868,WebglFramebuffer,5,0,1,,,
77391.4,1790994244653,21:24:04.652,placed,true,777,128.9,75.524648,NORMAL,UNSPECIFIED,-0.402,1.84,0.0368,0.3648,0.0343,0.0528,-0.929,64.5775,0.5122,-0.402,1.84,0.0368,-0.3648,-0.0343,-0.0528,0.929,64.5775,0.5122,0,0,-0.1543,0.633,-1.6172,0,0.9988,0,-0.0482,1,245.5,304.1,false,,,,251,0.4354,3,2.9248,-0.2095,,,0.6334,,,,,,9.8715,66.6,0.0716,0,0.5122,0,0,0.01,99.9934,0,0,3.0898,1.5825,0,0,-1.0002,-0.02,0.99207,0.12317,-0.02514,0,-0.07316,0.72829,0.68135,0,0.10223,-0.67411,0.73153,0,0.52969,-1.26571,-1.2907,1,-0.1543,0.633,-1.6172,true,true,0.0556,0.3344,-1.5775,0.013,-0.2051,-0.2985,-0.0597,0.013,true,-0.1543,0.633,-1.6172,1.7523,238.2,-28,1.3998,,,true,,,,,,,,,,,false,1,0,0,1.5775,0,0.0556,0.3344,-1.5775,0.5297,-1.2657,-1.2907,WebglFramebuffer,6,0,1,,,
77476,1790994244738,21:24:04.737,placed,true,778,31.6,75.601958,NORMAL,UNSPECIFIED,-0.4509,1.7836,0.18,0.3222,0.0376,0.0277,-0.9455,64.5775,0.5122,-0.4509,1.7836,0.18,-0.3222,-0.0376,-0.0277,0.9455,64.5775,0.5122,0,0.9705,-0.1543,0.633,-1.6172,0,0.9988,0,-0.0482,1,244,325.5,false,,,,237,0.4282,7,2.9654,0.1158,,,0.6334,,,,,,10.065,100,0.1614,0,0.5122,0,0,0.01,99.9934,0,0,3.0898,1.5825,0,0,-1.0002,-0.02,0.99564,0.07655,-0.05327,0,-0.02809,0.79081,0.61142,0,0.08893,-0.60725,0.78951,0,0.48308,-1.26666,-1.25661,1,-0.1543,0.633,-1.6172,true,true,0.0556,0.3344,-1.5775,0.013,-0.2051,-0.2985,-0.0597,0.013,true,-0.1543,0.633,-1.6172,1.7523,251.2,16.8,1.565,,,true,,,,,,,,,,,false,1,0,0,1.5775,0,0.0556,0.3344,-1.5775,0.4831,-1.2667,-1.2566,WebglFramebuffer,7,0,1,,,
77621.6,1790994244883,21:24:04.883,placed,true,779,109.2,75.784837,NORMAL,UNSPECIFIED,-0.4566,1.7962,0.1468,0.3167,0.0347,0.0252,-0.9476,64.5775,0.5122,-0.4566,1.7962,0.1468,-0.3167,-0.0347,-0.0252,0.9476,64.5775,0.5122,0,0,-0.1543,0.633,-1.6172,0,0.9988,0,-0.0482,1,249.9,341.1,false,,,,245,0.4242,16,2.9614,0.117,,,0.6334,,,,,,9.7453,83.3,0.036,0,0.5122,0,0,0.01,99.9934,0,0,3.0898,1.5825,0,0,-1.0002,-0.02,0.99633,0.06966,-0.04975,0,-0.02575,0.79816,0.60189,0,0.08164,-0.5984,0.79703,0,0.48917,-1.31405,-1.22083,1,-0.1543,0.633,-1.6172,true,true,0.0556,0.3344,-1.5775,0.013,-0.2051,-0.2985,-0.0597,0.013,true,-0.1543,0.633,-1.6172,1.7523,259.9,34,1.5569,,,true,,,,,,,,,,,false,1,0,0,1.5775,0,0.0556,0.3344,-1.5775,0.4892,-1.314,-1.2208,WebglFramebuffer,6,0,1,,,
77706.2,1790994244968,21:24:04.967,placed,true,780,44.7,75.852723,NORMAL,UNSPECIFIED,-0.4325,1.8755,0.1928,0.3032,0.0283,0.0183,-0.9523,64.5775,0.5122,-0.4325,1.8755,0.1928,-0.3032,-0.0283,-0.0183,0.9523,64.5775,0.5122,0,1.2415,-0.1543,0.633,-1.6172,0,0.9988,0,-0.0482,1,246.4,371.1,false,,,,257,0.4302,22,3.0437,0.1537,,,0.6334,,,,,,9.9542,100,0.0947,0,0.5122,0,0,0.01,99.9934,0,0,3.0898,1.5825,0,0,-1.0002,-0.02,0.99773,0.05193,-0.04282,0,-0.01761,0.81543,0.57859,0,0.06496,-0.57652,0.81449,0,0.45207,-1.39572,-1.26067,1,-0.1543,0.633,-1.6172,true,true,0.0556,0.3344,-1.5775,0.013,-0.2051,-0.2985,-0.0597,0.013,true,-0.1543,0.633,-1.6172,1.7523,256.7,88.1,1.6626,,,true,,,,,,,,,,,false,1,0,0,1.5775,0,0.0556,0.3344,-1.5775,0.4521,-1.3957,-1.2607,WebglFramebuffer,7,0,1,,,
77862.1,1790994245124,21:24:05.123,placed,true,781,126.6,76.001784,NORMAL,UNSPECIFIED,-0.4279,1.8627,0.2126,0.295,0.0242,0.0174,-0.955,64.5775,0.5122,-0.4279,1.8627,0.2126,-0.295,-0.0242,-0.0174,0.955,64.5775,0.5122,0,1.2719,-0.1543,0.633,-1.6172,0,0.9988,0,-0.0482,1,249.3,376,false,,,,256,0.4327,22,3.0525,0.1537,,,0.6334,,,,,,9.6002,83.2,0.024,0,0.5122,0,0,0.01,99.9934,0,0,3.0898,1.5825,0,0,-1.0002,-0.02,0.99823,0.04742,-0.03598,0,-0.01887,0.82541,0.56422,0,0.05645,-0.56254,0.82484,0,0.45033,-1.39762,-1.24173,1,-0.1543,0.633,-1.6172,true,true,0.0556,0.3344,-1.5775,0.013,-0.2051,-0.2985,-0.0597,0.013,true,-0.1543,0.633,-1.6172,1.7523,259.6,94.8,1.684,,,true,,,,,,,,,,,false,1,0,0,1.5775,0,0.0556,0.3344,-1.5775,0.4503,-1.3976,-1.2417,WebglFramebuffer,7,0,1,,,
78119.5,1790994245207,21:24:05.206,placed,true,782,60.5,76.075907,NORMAL,UNSPECIFIED,-0.4187,1.8736,0.2529,0.2777,0.0164,0.0163,-0.9604,64.5775,0.5122,-0.4187,1.8736,0.2529,-0.2777,-0.0164,-0.0163,0.9604,64.5775,0.5122,0,0,-0.1543,0.633,-1.6172,0,0.9988,0,-0.0482,1,254.6,394.6,false,,,,250,0.4324,21,3.0824,0.1537,,,0.6334,,,,,,9.8465,100,0.0428,0,0.5122,0,0,0.01,99.9934,0,0,3.0898,1.5825,0,0,-1.0002,-0.02,0.99894,0.04034,-0.02238,0,-0.02217,0.84521,0.53397,0,0.04045,-0.53291,0.8452,0,0.44956,-1.43188,-1.22355,1,-0.1543,0.633,-1.6172,true,true,0.0556,0.3344,-1.5775,0.013,-0.2051,-0.2985,-0.0597,0.013,true,-0.1543,0.633,-1.6172,1.7523,264.1,122.8,1.7484,81,255/0/255,true,,,,,,,,,,,false,1,0,0,1.5775,0,0.0556,0.3344,-1.5775,0.4496,-1.4319,-1.2236,WebglFramebuffer,6,0,1,,,
78198.3,1790994245460,21:24:05.459,placed,true,783,50.9,76.223732,NORMAL,UNSPECIFIED,-0.4248,1.8897,0.2505,0.2772,0.0154,0.0148,-0.9606,64.5775,0.5122,-0.4248,1.8897,0.2505,-0.2772,-0.0154,-0.0148,0.9606,64.5775,0.5122,0,0,-0.1543,0.633,-1.6172,0,0.9988,0,-0.0482,1,256.7,399.4,false,,,,250,0.4341,20,3.0989,0.1592,,,0.6334,,,,,,9.2565,100,0.0174,0,0.5122,0,0,0.01,99.9934,0,0,3.0898,1.5825,0,0,-1.0002,-0.02,0.99909,0.03692,-0.0215,0,-0.01979,0.84585,0.53305,0,0.03786,-0.53214,0.84581,0,0.4523,-1.44946,-1.22829,1,-0.1543,0.633,-1.6172,true,true,0.0556,0.3344,-1.5775,0.013,-0.2051,-0.2985,-0.0597,0.013,true,-0.1543,0.633,-1.6172,1.7523,267.5,129.8,1.7557,,,true,,,,,,,,,,,false,1,0,0,1.5775,0,0.0556,0.3344,-1.5775,0.4523,-1.4495,-1.2283,WebglFramebuffer,6,0,1,,,
78272.6,1790994245534,21:24:05.534,placed,true,784,47.1,76.487559,NORMAL,UNSPECIFIED,-0.4194,1.9123,0.2885,0.2581,0.0139,0.0161,-0.9659,64.5775,0.5122,-0.4194,1.9123,0.2885,-0.2581,-0.0139,-0.0161,0.9659,64.5775,0.5122,0,0,-0.1543,0.633,-1.6172,0,0.9988,0,-0.0482,1,256.8,422.8,false,,,,243,0.4382,9,3.3633,0.1993,,,0.6334,,,,,,9.6785,66.6,0.0446,0,0.5122,0,0,0.01,99.9934,0,0,3.0898,1.5825,0,0,-1.0002,-0.02,0.99909,0.03836,-0.01846,0,-0.02403,0.86623,0.49907,0,0.03514,-0.49817,0.86637,0,0.45488,-1.49672,-1.21206,1,-0.1543,0.633,-1.6172,true,true,0.0556,0.3344,-1.5775,0.013,-0.2051,-0.2985,-0.0597,0.013,true,-0.1543,0.633,-1.6172,1.7523,264.9,163.1,1.8266,,,true,,,,,,,,,,,false,1,0,0,1.5775,0,0.0556,0.3344,-1.5775,0.4549,-1.4967,-1.2121,WebglFramebuffer,6,0,1,,,
78390.5,1790994245652,21:24:05.651,placed,true,785,93.9,76.565699,NORMAL,UNSPECIFIED,-0.4262,1.9358,0.3358,0.2364,0.0188,0.0153,-0.9714,64.5775,0.5122,-0.4262,1.9358,0.3358,-0.2364,-0.0188,-0.0153,0.9714,64.5775,0.5122,0,0,-0.1543,0.633,-1.6172,0,0.9988,0,-0.0482,1,251.6,448.4,false,,,,239,0.442,9,3.7414,0.2198,,,0.6334,,,,,,9.5596,83.2,0.0533,0,0.5122,0,0,0.01,99.9934,0,0,3.0898,1.5825,0,0,-1.0002,-0.02,0.99882,0.03861,-0.02937,0,-0.0208,0.88779,0.45978,0,0.04382,-0.45863,0.88755,0,0.45122,-1.54809,-1.20062,1,-0.1543,0.633,-1.6172,true,true,0.0556,0.3344,-1.5775,0.013,-0.2051,-0.2985,-0.0597,0.013,true,-0.1543,0.633,-1.6172,1.7523,257.9,198.5,1.9094,,,true,,,,,,,,,,,false,1,0,0,1.5775,0,0.0556,0.3344,-1.5775,0.4512,-1.5481,-1.2006,WebglFramebuffer,7,0,1,,,
78565.9,1790994245828,21:24:05.827,placed,true,786,149.6,76.636222,NORMAL,UNSPECIFIED,-0.4277,1.9276,0.3455,0.2333,0.0218,0.0146,-0.9721,64.5775,0.5122,-0.4277,1.9276,0.3455,-0.2333,-0.0218,-0.0146,0.9721,64.5775,0.5122,0,0,-0.1543,0.633,-1.6172,0,0.9988,0,-0.0482,1,248.1,449.1,false,,,,239,0.4417,11,3.693,0.2353,,,0.6334,,,,,,9.1728,100,0.0128,0,0.5122,0,0,0.01,99.9934,0,0,3.0898,1.5825,0,0,-1.0002,-0.02,0.99862,0.03849,-0.03567,0,-0.01811,0.89075,0.45413,0,0.04925,-0.45286,0.89022,0,0.44496,-1.54405,-1.19821,1,-0.1543,0.633,-1.6172,true,true,0.0556,0.3344,-1.5775,0.013,-0.2051,-0.2985,-0.0597,0.013,true,-0.1543,0.633,-1.6172,1.7523,254.2,199.7,1.9192,,,true,,,,,,,,,,,false,1,0,0,1.5775,0,0.0556,0.3344,-1.5775,0.445,-1.5441,-1.1982,WebglFramebuffer,7,0,1,,,
78860.1,1790994245959,21:24:05.959,placed,true,787,101,76.755895,NORMAL,UNSPECIFIED,-0.4371,1.9306,0.361,0.2331,0.0239,0.0139,-0.972,64.5775,0.5122,-0.4371,1.9306,0.361,-0.2331,-0.0239,-0.0139,0.972,64.5775,0.5122,0,1.7452,-0.1543,0.633,-1.6172,0,0.9988,0,-0.0482,1,247.3,447.7,false,,,,239,0.4409,11,3.7086,0.2353,,,0.6334,,,,,,9.0165,100,0.0184,0,0.5122,0,0,0.01,99.9934,0,0,3.0898,1.5825,0,0,-1.0002,-0.02,0.99847,0.03812,-0.04007,0,-0.0158,0.8909,0.45393,0,0.053,-0.4526,0.89014,0,0.44783,-1.53991,-1.21521,1,-0.1543,0.633,-1.6172,true,true,0.0556,0.3344,-1.5775,0.013,-0.2051,-0.2985,-0.0597,0.013,true,-0.1543,0.633,-1.6172,1.7523,253.8,200,1.9357,81,255/0/255,true,,,,,,,,,,,false,1,0,0,1.5775,0,0.0556,0.3344,-1.5775,0.4478,-1.5399,-1.2152,WebglFramebuffer,7,0,1,,,
78914.7,1790994246176,21:24:06.176,placed,true,788,26.4,76.936041,NORMAL,UNSPECIFIED,-0.44,1.9431,0.3722,0.2319,0.0266,0.0152,-0.9723,64.5775,0.5122,-0.44,1.9431,0.3722,-0.2319,-0.0266,-0.0152,0.9723,64.5775,0.5122,0,0,-0.1543,0.633,-1.6172,0,0.9988,0,-0.0482,1,245,450.1,false,,,,237,0.4415,12,3.7616,0.3039,,,0.6334,,,,,,8.5748,100,0.017,0,0.5122,0,0,0.01,99.9934,0,0,3.0898,1.5825,0,0,-1.0002,-0.02,0.99812,0.04184,-0.04477,0,-0.01713,0.89199,0.45173,0,0.05883,-0.45011,0.89103,0,0.45051,-1.54727,-1.22911,1,-0.1543,0.633,-1.6172,true,true,0.0556,0.3344,-1.5775,0.013,-0.2051,-0.2985,-0.0597,0.013,true,-0.1543,0.633,-1.6172,1.7523,250.6,204.9,1.9538,,,true,,,,,,,,,,,false,1,0,0,1.5775,0,0.0556,0.3344,-1.5775,0.4505,-1.5473,-1.2291,WebglFramebuffer,7,0,1,,,MARCA 4
78983.6,1790994246245,21:24:06.245,placed,true,789,32.2,77.228427,NORMAL,UNSPECIFIED,-0.4452,1.9317,0.3691,0.2378,0.0276,0.0168,-0.9708,64.5775,0.5122,-0.4452,1.9317,0.3691,-0.2378,-0.0276,-0.0168,0.9708,64.5775,0.5122,0,0,-0.1543,0.633,-1.6172,0,0.9988,0,-0.0482,1,245.8,440.4,false,,,,238,0.441,8,3.7697,0.2198,,,0.6334,,,,,,9.1709,50,0.0129,0,0.5122,0,0,0.01,99.9934,0,0,3.0898,1.5825,0,0,-1.0002,-0.02,0.99791,0.04572,-0.04566,0,-0.01944,0.88631,0.46268,0,0.06162,-0.46082,0.88535,0,0.45912,-1.52168,-1.24088,1,-0.1543,0.633,-1.6172,true,true,0.0556,0.3344,-1.5775,0.013,-0.2051,-0.2985,-0.0597,0.013,true,-0.1543,0.633,-1.6172,1.7523,251.1,193,1.939,,,true,,,,,,,,,,,false,1,0,0,1.5775,0,0.0556,0.3344,-1.5775,0.4591,-1.5217,-1.2409,WebglFramebuffer,7,0,1,,,
79158.6,1790994246420,21:24:06.420,placed,true,790,140.1,77.290822,NORMAL,UNSPECIFIED,-0.4309,1.9417,0.3883,0.2364,0.0354,0.0202,-0.9708,64.5775,0.5122,-0.4309,1.9417,0.3883,-0.2364,-0.0354,-0.0202,0.9708,64.5775,0.5122,0,0.1775,-0.1543,0.633,-1.6172,0,0.9988,0,-0.0482,1,233.9,441.2,false,,,,236,0.442,8,3.7904,0.2198,,,0.6334,,,,,,8.8255,83.4,0.026,0,0.5122,0,0,0.01,99.9934,0,0,3.0898,1.5825,0,0,-1.0002,-0.02,0.99668,0.05596,-0.05917,0,-0.02248,0.88738,0.4605,0,0.07828,-0.45764,0.88569,0,0.44272,-1.52117,-1.26357,1,-0.1543,0.633,-1.6172,true,true,0.0556,0.3344,-1.5775,0.013,-0.2051,-0.2985,-0.0597,0.013,true,-0.1543,0.633,-1.6172,1.7523,235.6,196.8,1.9636,,,true,,,,,,,,,,,false,1,0,0,1.5775,0,0.0556,0.3344,-1.5775,0.4427,-1.5212,-1.2636,WebglFramebuffer,7,0,1,,,
79242.3,1790994246504,21:24:06.503,placed,true,791,46.9,77.358216,NORMAL,UNSPECIFIED,-0.4504,1.9494,0.395,0.2391,0.04,0.0235,-0.9699,64.5775,0.5122,-0.4504,1.9494,0.395,-0.2391,-0.04,-0.0235,0.9699,64.5775,0.5122,0,0,-0.1543,0.633,-1.6172,0,0.9988,0,-0.0482,1,234.3,437.8,false,,,,236,0.4417,7,3.748,0.2079,,,0.6334,,,,,,9.1363,100,0.022,0,0.5122,0,0,0.01,99.9934,0,0,3.0898,1.5825,0,0,-1.0002,-0.02,0.99569,0.06465,-0.06642,0,-0.02637,0.88452,0.46575,0,0.08886,-0.46199,0.88242,0,0.46475,-1.51265,-1.28643,1,-0.1543,0.633,-1.6172,true,true,0.0556,0.3344,-1.5775,0.013,-0.2051,-0.2985,-0.0597,0.013,true,-0.1543,0.633,-1.6172,1.7523,235.1,194.6,1.9718,,,true,,,,,,,,,,,false,1,0,0,1.5775,0,0.0556,0.3344,-1.5775,0.4647,-1.5126,-1.2864,WebglFramebuffer,7,0,1,,,
79562.1,1790994246665,21:24:06.664,placed,true,792,108.7,77.535055,NORMAL,UNSPECIFIED,-0.4415,1.9445,0.3856,0.2402,0.0391,0.0218,-0.9697,64.5775,0.5122,-0.4415,1.9445,0.3856,-0.2402,-0.0391,-0.0218,0.9697,64.5775,0.5122,0,0,-0.1543,0.633,-1.6172,0,0.9988,0,-0.0482,1,232.8,437,false,,,,236,0.4417,7,3.737,0.2079,,,0.6334,,,,,,8.8445,83.3,0.0139,0,0.5122,0,0,0.01,99.9934,0,0,3.0898,1.5825,0,0,-1.0002,-0.02,0.996,0.06095,-0.0653,0,-0.02342,0.88362,0.46763,0,0.0862,-0.46423,0.88151,0,0.45202,-1.51234,-1.27802,1,-0.1543,0.633,-1.6172,true,true,0.0556,0.3344,-1.5775,0.013,-0.2051,-0.2985,-0.0597,0.013,true,-0.1543,0.633,-1.6172,1.7523,234.2,192.4,1.9592,81,255/0/255,true,,,,,,,,,,,false,1,0,0,1.5775,0,0.0556,0.3344,-1.5775,0.452,-1.5123,-1.278,WebglFramebuffer,7,0,1,,,
79620.7,1790994246882,21:24:06.882,placed,true,793,32.4,77.634205,NORMAL,UNSPECIFIED,-0.441,1.9513,0.4045,0.242,0.0391,0.0219,-0.9692,64.5775,0.5122,-0.441,1.9513,0.4045,-0.242,-0.0391,-0.0219,0.9692,64.5775,0.5122,0,1.4399,-0.1543,0.633,-1.6172,0,0.9988,0,-0.0482,1,232,433.6,false,,,,236,0.4418,7,3.7568,0.2079,,,0.6334,,,,,,8.4194,100,0.0201,0,0.5122,0,0,0.01,99.9934,0,0,3.0898,1.5825,0,0,-1.0002,-0.02,0.99599,0.06129,-0.06522,0,-0.02343,0.88189,0.47088,0,0.08637,-0.46746,0.87978,0,0.44999,-1.50466,-1.30345,1,-0.1543,0.633,-1.6172,true,true,0.0556,0.3344,-1.5775,0.013,-0.2051,-0.2985,-0.0597,0.013,true,-0.1543,0.633,-1.6172,1.7523,233.2,191,1.9767,,,true,,,,,,,,,,,false,1,0,0,1.5775,0,0.0556,0.3344,-1.5775,0.45,-1.5047,-1.3035,WebglFramebuffer,7,0,1,,,
79695.3,1790994246957,21:24:06.956,placed,true,794,48.9,77.928703,NORMAL,UNSPECIFIED,-0.4386,1.9478,0.4062,0.2445,0.0416,0.0204,-0.9685,64.5775,0.5122,-0.4386,1.9478,0.4062,-0.2445,-0.0416,-0.0204,0.9685,64.5775,0.5122,0,1.4565,-0.1543,0.633,-1.6172,0,0.9988,0,-0.0482,1,227.7,429.8,false,,,,236,0.4409,5,3.7566,0.2079,,,0.6334,,,,,,8.9198,66.5,0.0045,0,0.5122,0,0,0.01,99.9934,0,0,3.0898,1.5825,0,0,-1.0002,-0.02,0.9957,0.05986,-0.07064,0,-0.01916,0.87961,0.4753,0,0.09059,-0.47191,0.87698,0,0.43726,-1.49536,-1.31301,1,-0.1543,0.633,-1.6172,true,true,0.0556,0.3344,-1.5775,0.013,-0.2051,-0.2985,-0.0597,0.013,true,-0.1543,0.633,-1.6172,1.7523,229.3,186.7,1.9739,,,true,,,,,,,,,,,false,1,0,0,1.5775,0,0.0556,0.3344,-1.5775,0.4373,-1.4954,-1.313,WebglFramebuffer,7,0,1,,,
79838.3,1790994247100,21:24:07.100,placed,true,795,112,77.986638,NORMAL,UNSPECIFIED,-0.4146,1.9361,0.404,0.2427,0.0441,0.0255,-0.9688,64.5775,0.5122,-0.4146,1.9361,0.404,-0.2427,-0.0441,-0.0255,0.9688,64.5775,0.5122,0,0,-0.1543,0.633,-1.6172,0,0.9988,0,-0.0482,1,220.9,429.7,false,,,,236,0.4415,5,3.7483,0.2079,,,0.6334,,,,,,8.7266,66.7,0.0268,0,0.5122,0,0,0.01,99.9934,0,0,3.0898,1.5825,0,0,-1.0002,-0.02,0.9948,0.07086,-0.07314,0,-0.02801,0.88091,0.47246,0,0.09791,-0.46796,0.87831,0,0.42716,-1.48709,-1.29989,1,-0.1543,0.633,-1.6172,true,true,0.0556,0.3344,-1.5775,0.013,-0.2051,-0.2985,-0.0597,0.013,true,-0.1543,0.633,-1.6172,1.7523,218.4,185.3,1.967,,,true,,,,,,,,,,,false,1,0,0,1.5775,0,0.0556,0.3344,-1.5775,0.4272,-1.4871,-1.2999,WebglFramebuffer,7,0,1,,,
79933,1790994247195,21:24:07.194,placed,true,796,69.5,78.066434,NORMAL,UNSPECIFIED,-0.4229,1.9477,0.4137,0.2444,0.0457,0.0269,-0.9682,64.5775,0.5122,-0.4229,1.9477,0.4137,-0.2444,-0.0457,-0.0269,0.9682,64.5775,0.5122,0,1.0907,-0.1543,0.633,-1.6172,0,0.9988,0,-0.0482,1,221.3,428.4,false,,,,236,0.442,5,3.7625,0.2079,,,0.6334,,,,,,8.9122,100,0.0172,0,0.5122,0,0,0.01,99.9934,0,0,3.0898,1.5825,0,0,-1.0002,-0.02,0.99437,0.0745,-0.07538,0,-0.02979,0.87906,0.47577,0,0.10171,-0.47085,0.87633,0,0.43652,-1.48586,-1.32104,1,-0.1543,0.633,-1.6172,true,true,0.0556,0.3344,-1.5775,0.013,-0.2051,-0.2985,-0.0597,0.013,true,-0.1543,0.633,-1.6172,1.7523,218.4,185.8,1.9795,,,true,,,,,,,,,,,false,1,0,0,1.5775,0,0.0556,0.3344,-1.5775,0.4365,-1.4859,-1.321,WebglFramebuffer,7,0,1,,,
80294.2,1790994247368,21:24:07.368,placed,true,797,135.3,78.20329,NORMAL,UNSPECIFIED,-0.4189,1.9496,0.4191,0.2435,0.0451,0.0269,-0.9685,64.5775,0.5122,-0.4189,1.9496,0.4191,-0.2435,-0.0451,-0.0269,0.9685,64.5775,0.5122,0,0,-0.1543,0.633,-1.6172,0,0.9988,0,-0.0482,1,220.9,429.3,false,,,,236,0.4422,5,3.7681,0.2079,,,0.6334,,,,,,8.5963,100,0.0071,0,0.5122,0,0,0.01,99.9934,0,0,3.0898,1.5825,0,0,-1.0002,-0.02,0.99448,0.07411,-0.07431,0,-0.03015,0.87998,0.47404,0,0.10052,-0.46919,0.87736,0,0.4332,-1.48792,-1.32304,1,-0.1543,0.633,-1.6172,true,true,0.0556,0.3344,-1.5775,0.013,-0.2051,-0.2985,-0.0597,0.013,true,-0.1543,0.633,-1.6172,1.7523,217.7,187.5,1.986,81,255/0/255,true,,,,,,,,,,,false,1,0,0,1.5775,0,0.0556,0.3344,-1.5775,0.4332,-1.4879,-1.323,WebglFramebuffer,7,0,1,,,
80373.1,1790994247635,21:24:07.634,placed,true,798,46.7,78.31202,NORMAL,UNSPECIFIED,-0.4194,1.9377,0.3929,0.2436,0.0414,0.0247,-0.9687,64.5775,0.5122,-0.4194,1.9377,0.3929,-0.2436,-0.0414,-0.0247,0.9687,64.5775,0.5122,0,0,-0.1543,0.633,-1.6172,0,0.9988,0,-0.0482,1,225.3,430.4,false,,,,236,0.4415,5,3.7394,0.2079,,,0.6334,,,,,,8.1121,100,0.0287,0,0.5122,0,0,0.01,99.9934,0,0,3.0898,1.5825,0,0,-1.0002,-0.02,0.99536,0.06798,-0.06813,0,-0.02767,0.88009,0.474,0,0.09219,-0.46992,0.87788,0,0.43479,-1.4922,-1.29201,1,-0.1543,0.633,-1.6172,true,true,0.0556,0.3344,-1.5775,0.013,-0.2051,-0.2985,-0.0597,0.013,true,-0.1543,0.633,-1.6172,1.7523,223.9,185.2,1.9568,,,true,,,,,,,,,,,false,1,0,0,1.5775,0,0.0556,0.3344,-1.5775,0.4348,-1.4922,-1.292,WebglFramebuffer,7,0,1,,,
80446.5,1790994247708,21:24:07.708,placed,true,799,40.1,78.665916,NORMAL,UNSPECIFIED,-0.4308,1.9402,0.392,0.2444,0.0393,0.0228,-0.9686,64.5775,0.5122,-0.4308,1.9402,0.392,-0.2444,-0.0393,-0.0228,0.9686,64.5775,0.5122,0,0.6942,-0.1543,0.633,-1.6172,0,0.9988,0,-0.0482,1,229.9,430.1,false,,,,236,0.4417,6,3.7929,0.2079,,,0.6334,,,,,,8.6632,83.3,0.0118,0,0.5122,0,0,0.01,99.9934,0,0,3.0898,1.5825,0,0,-1.0002,-0.02,0.99587,0.06344,-0.06498,0,-0.02502,0.87953,0.47519,0,0.0873,-0.4716,0.87748,0,0.44338,-1.49427,-1.29392,1,-0.1543,0.633,-1.6172,true,true,0.0556,0.3344,-1.5775,0.013,-0.2051,-0.2985,-0.0597,0.013,true,-0.1543,0.633,-1.6172,1.7523,230.3,185,1.9567,,,true,,,,,,,,,,,false,1,0,0,1.5775,0,0.0556,0.3344,-1.5775,0.4434,-1.4943,-1.2939,WebglFramebuffer,7,0,1,,,
80629.3,1790994247891,21:24:07.890,placed,true,800,148.9,78.74621,NORMAL,UNSPECIFIED,-0.4449,1.9468,0.399,0.246,0.0297,0.0205,-0.9686,64.5775,0.5122,-0.4449,1.9468,0.399,-0.246,-0.0297,-0.0205,0.9686,64.5775,0.5122,0,0,-0.1543,0.633,-1.6172,0,0.9988,0,-0.0482,1,243.3,428.6,false,,,,236,0.4413,8,3.7501,0.2198,,,0.6334,,,,,,8.344,66.7,0.0171,0,0.5122,0,0,0.01,99.9934,0,0,3.0898,1.5825,0,0,-1.0002,-0.02,0.99739,0.05434,-0.04748,0,-0.02509,0.8781,0.47783,0,0.06766,-0.47539,0.87717,0,0.46562,-1.49556,-1.30136,1,-0.1543,0.633,-1.6172,true,true,0.0556,0.3344,-1.5775,0.013,-0.2051,-0.2985,-0.0597,0.013,true,-0.1543,0.633,-1.6172,1.7523,246.7,184.3,1.9622,,,true,,,,,,,,,,,false,1,0,0,1.5775,0,0.0556,0.3344,-1.5775,0.4656,-1.4956,-1.3014,WebglFramebuffer,7,0,1,,,
80729.8,1790994247992,21:24:07.991,placed,true,801,70.5,78.820453,NORMAL,UNSPECIFIED,-0.4424,1.9439,0.3763,0.2482,0.0292,0.0225,-0.968,64.5775,0.5122,-0.4424,1.9439,0.3763,-0.2482,-0.0292,-0.0225,0.968,64.5775,0.5122,0,0.6035,-0.1543,0.633,-1.6172,0,0.9988,0,-0.0482,1,244.7,428.1,false,,,,237,0.4404,8,3.7285,0.2198,,,0.6334,,,,,,8.5036,100,0.0231,0,0.5122,0,0,0.01,99.9934,0,0,3.0898,1.5825,0,0,-1.0002,-0.02,0.99728,0.05802,-0.04536,0,-0.02904,0.87576,0.48188,0,0.06768,-0.47925,0.87506,0,0.47216,-1.49639,-1.28607,1,-0.1543,0.633,-1.6172,true,true,0.0556,0.3344,-1.5775,0.013,-0.2051,-0.2985,-0.0597,0.013,true,-0.1543,0.633,-1.6172,1.7523,247.5,181.4,1.9375,,,true,,,,,,,,,,,false,1,0,0,1.5775,0,0.0556,0.3344,-1.5775,0.4722,-1.4964,-1.2861,WebglFramebuffer,7,0,1,,,
80982.1,1790994248107,21:24:08.107,placed,true,802,82,78.999647,NORMAL,UNSPECIFIED,-0.4312,1.9409,0.3922,0.2475,0.0257,0.0211,-0.9683,64.5775,0.5122,-0.4312,1.9409,0.3922,-0.2475,-0.0257,-0.0211,0.9683,64.5775,0.5122,0,0.9332,-0.1543,0.633,-1.6172,0,0.9988,0,-0.0482,1,245,426.6,false,,,,236,0.4411,8,3.7407,0.2198,,,0.6334,,,,,,8.5191,99.9,0.0197,0,0.5122,0,0,0.01,99.9934,0,0,3.0898,1.5825,0,0,-1.0002,-0.02,0.99779,0.0536,-0.0393,0,-0.02816,0.87658,0.48043,0,0.0602,-0.47826,0.87615,0,0.46128,-1.49063,-1.29303,1,-0.1543,0.633,-1.6172,true,true,0.0556,0.3344,-1.5775,0.013,-0.2051,-0.2985,-0.0597,0.013,true,-0.1543,0.633,-1.6172,1.7523,248,180.7,1.9494,81,255/0/255,true,,,,,,,,,,,false,1,0,0,1.5775,0,0.0556,0.3344,-1.5775,0.4613,-1.4906,-1.293,WebglFramebuffer,7,0,1,,,MARCA 5
81065.7,1790994248327,21:24:08.327,placed,true,803,49.3,79.102903,NORMAL,UNSPECIFIED,-0.4235,1.9402,0.3712,0.2504,0.0286,0.0193,-0.9675,64.5775,0.5122,-0.4235,1.9402,0.3712,-0.2504,-0.0286,-0.0193,0.9675,64.5775,0.5122,0,1.1814,-0.1543,0.633,-1.6172,0,0.9988,0,-0.0482,1,239.5,426,false,,,,238,0.4401,9,3.6881,0.2086,,,0.6334,,,,,,8.1211,100,0.0224,0,0.5122,0,0,0.01,99.9934,0,0,3.0898,1.5825,0,0,-1.0002,-0.02,0.99762,0.05168,-0.0456,0,-0.02306,0.87381,0.48572,0,0.06495,-0.48352,0.87292,0,0.4431,-1.49399,-1.28568,1,-0.1543,0.633,-1.6172,true,true,0.0556,0.3344,-1.5775,0.013,-0.2051,-0.2985,-0.0597,0.013,true,-0.1543,0.633,-1.6172,1.7523,242.9,178.1,1.9275,,,true,,,,,,,,,,,false,1,0,0,1.5775,0,0.0556,0.3344,-1.5775,0.4431,-1.494,-1.2857,WebglFramebuffer,7,0,1,,,
81138,1790994248400,21:24:08.399,placed,true,804,46.6,79.356663,NORMAL,UNSPECIFIED,-0.4315,1.937,0.3642,0.2539,0.0312,0.0233,-0.9664,64.5775,0.5122,-0.4315,1.937,0.3642,-0.2539,-0.0312,-0.0233,0.9664,64.5775,0.5122,0,1.5331,-0.1543,0.633,-1.6172,0,0.9988,0,-0.0482,1,240.1,421.2,false,,,,238,0.4402,11,3.2817,0.1949,,,0.6334,,,,,,8.6921,83.3,0.0111,0,0.5122,0,0,0.01,99.9934,0,0,3.0898,1.5825,0,0,-1.0002,-0.02,0.99696,0.06094,-0.0485,0,-0.02923,0.86997,0.49224,0,0.0722,-0.48932,0.86911,0,0.4605,-1.48059,-1.2909,1,-0.1543,0.633,-1.6172,true,true,0.0556,0.3344,-1.5775,0.013,-0.2051,-0.2985,-0.0597,0.013,true,-0.1543,0.633,-1.6172,1.7523,242,172,1.9159,,,true,,,,,,,,,,,false,1,0,0,1.5775,0,0.0556,0.3344,-1.5775,0.4605,-1.4806,-1.2909,WebglFramebuffer,7,0,1,,,
81258.7,1790994248520,21:24:08.520,placed,true,805,87.2,79.431173,NORMAL,UNSPECIFIED,-0.4301,1.9411,0.3656,0.2525,0.0324,0.0213,-0.9668,64.5775,0.5122,-0.4301,1.9411,0.3656,-0.2525,-0.0324,-0.0213,0.9668,64.5775,0.5122,0,0.9998,-0.1543,0.633,-1.6172,0,0.9988,0,-0.0482,1,237.7,423.9,false,,,,238,0.4401,10,3.6837,0.2079,,,0.6334,,,,,,8.6521,83.4,0.0046,0,0.5122,0,0,0.01,99.9934,0,0,3.0898,1.5825,0,0,-1.0002,-0.02,0.997,0.05747,-0.05182,0,-0.02479,0.87155,0.48968,0,0.0733,-0.48693,0.87036,0,0.45012,-1.48904,-1.29096,1,-0.1543,0.633,-1.6172,true,true,0.0556,0.3344,-1.5775,0.013,-0.2051,-0.2985,-0.0597,0.013,true,-0.1543,0.633,-1.6172,1.7523,240.2,175.6,1.9215,,,true,,,,,,,,,,,false,1,0,0,1.5775,0,0.0556,0.3344,-1.5775,0.4501,-1.489,-1.291,WebglFramebuffer,7,0,1,,,
81410.2,1790994248672,21:24:08.671,placed,true,806,121.9,79.511425,NORMAL,UNSPECIFIED,-0.4281,1.934,0.3491,0.2547,0.0305,0.0204,-0.9663,64.5775,0.5122,-0.4281,1.934,0.3491,-0.2547,-0.0305,-0.0204,0.9663,64.5775,0.5122,0,1.0969,-0.1543,0.633,-1.6172,0,0.9988,0,-0.0482,1,239.5,422.2,false,,,,239,0.4402,11,3.2674,0.1949,,,0.6334,,,,,,8.4461,100,0.018,0,0.5122,0,0,0.01,99.9934,0,0,3.0898,1.5825,0,0,-1.0002,-0.02,0.99731,0.05497,-0.04857,0,-0.02389,0.86947,0.49341,0,0.06935,-0.49092,0.86844,0,0.44896,-1.48662,-1.27826,1,-0.1543,0.633,-1.6172,true,true,0.0556,0.3344,-1.5775,0.013,-0.2051,-0.2985,-0.0597,0.013,true,-0.1543,0.633,-1.6172,1.7523,242.8,171.3,1.9004,,,true,,,,,,,,,,,false,1,0,0,1.5775,0,0.0556,0.3344,-1.5775,0.449,-1.4866,-1.2783,WebglFramebuffer,7,0,1,,,
81670.5,1790994248763,21:24:08.763,placed,true,807,67.1,79.628227,NORMAL,UNSPECIFIED,-0.4292,1.9395,0.3628,0.2526,0.0319,0.0234,-0.9668,64.5775,0.5122,-0.4292,1.9395,0.3628,-0.2526,-0.0319,-0.0234,0.9668,64.5775,0.5122,0,0,-0.1543,0.633,-1.6172,0,0.9988,0,-0.0482,1,238.9,423.7,false,,,,238,0.4404,10,3.6805,0.2079,,,0.6334,,,,,,8.6979,100,0.0148,0,0.5122,0,0,0.01,99.9934,0,0,3.0898,1.5825,0,0,-1.0002,-0.02,0.99687,0.06132,-0.04991,0,-0.02907,0.87132,0.48986,0,0.07352,-0.48687,0.87037,0,0.45761,-1.48694,-1.2873,1,-0.1543,0.633,-1.6172,true,true,0.0556,0.3344,-1.5775,0.013,-0.2051,-0.2985,-0.0597,0.013,true,-0.1543,0.633,-1.6172,1.7523,240.4,174.8,1.9179,81,255/0/255,true,,,,,,,,,,,false,1,0,0,1.5775,0,0.0556,0.3344,-1.5775,0.4576,-1.4869,-1.2873,WebglFramebuffer,7,0,1,,,
81749.1,1790994249011,21:24:09.010,placed,true,808,46.6,79.774307,NORMAL,UNSPECIFIED,-0.4275,1.9351,0.3641,0.2515,0.0315,0.023,-0.9671,64.5775,0.5122,-0.4275,1.9351,0.3641,-0.2515,-0.0315,-0.023,0.9671,64.5775,0.5122,0,0,-0.1543,0.633,-1.6172,0,0.9988,0,-0.0482,1,238.7,424,false,,,,238,0.4404,10,3.6796,0.2079,,,0.6334,,,,,,8.2322,100,0.0049,0,0.5122,0,0,0.01,99.9934,0,0,3.0898,1.5825,0,0,-1.0002,-0.02,0.99695,0.06041,-0.04942,0,-0.02868,0.87244,0.48787,0,0.07259,-0.48497,0.87151,0,0.45525,-1.48588,-1.28252,1,-0.1543,0.633,-1.6172,true,true,0.0556,0.3344,-1.5775,0.013,-0.2051,-0.2985,-0.0597,0.013,true,-0.1543,0.633,-1.6172,1.7523,240.3,174.9,1.9181,,,true,,,,,,,,,,,false,1,0,0,1.5775,0,0.0556,0.3344,-1.5775,0.4552,-1.4859,-1.2825,WebglFramebuffer,7,0,1,,,
81819.7,1790994249081,21:24:09.081,placed,true,809,43.3,80.042514,NORMAL,UNSPECIFIED,-0.436,1.9453,0.3708,0.2539,0.0326,0.0205,-0.9665,64.5775,0.5122,-0.436,1.9453,0.3708,-0.2539,-0.0326,-0.0205,0.9665,64.5775,0.5122,0,0,-0.1543,0.633,-1.6172,0,0.9988,0,-0.0482,1,238.3,422.4,false,,,,237,0.4408,11,3.4506,0.2079,,,0.6334,,,,,,8.8234,66.6,0.0149,0,0.5122,0,0,0.01,99.9934,0,0,3.0898,1.5825,0,0,-1.0002,-0.02,0.99703,0.05619,-0.05265,0,-0.02307,0.87027,0.49203,0,0.07347,-0.48935,0.86899,0,0.45228,-1.48696,-1.30235,1,-0.1543,0.633,-1.6172,true,true,0.0556,0.3344,-1.5775,0.013,-0.2051,-0.2985,-0.0597,0.013,true,-0.1543,0.633,-1.6172,1.7523,241.5,174.8,1.9269,,,true,,,,,,,,,,,false,1,0,0,1.5775,0,0.0556,0.3344,-1.5775,0.4523,-1.487,-1.3023,WebglFramebuffer,7,0,1,,,
81957.7,1790994249219,21:24:09.219,placed,true,810,106.3,80.115931,NORMAL,UNSPECIFIED,-0.4312,1.9354,0.3503,0.2543,0.0327,0.0206,-0.9664,64.5775,0.5122,-0.4312,1.9354,0.3503,-0.2543,-0.0327,-0.0206,0.9664,64.5775,0.5122,0,0,-0.1543,0.633,-1.6172,0,0.9988,0,-0.0482,1,237.8,422.7,false,,,,239,0.4401,11,3.4279,0.2079,,,0.6334,,,,,,8.6657,83.3,0.0233,0,0.5122,0,0,0.01,99.9934,0,0,3.0898,1.5825,0,0,-1.0002,-0.02,0.99701,0.0565,-0.05271,0,-0.02325,0.86986,0.49275,0,0.07369,-0.49005,0.86857,0,0.44907,-1.48753,-1.28063,1,-0.1543,0.633,-1.6172,true,true,0.0556,0.3344,-1.5775,0.013,-0.2051,-0.2985,-0.0597,0.013,true,-0.1543,0.633,-1.6172,1.7523,240.9,172.3,1.9033,,,true,,,,,,,,,,,false,1,0,0,1.5775,0,0.0556,0.3344,-1.5775,0.4491,-1.4875,-1.2806,WebglFramebuffer,7,0,1,,,
82041.2,1790994249303,21:24:09.302,placed,true,811,54.7,80.191063,NORMAL,UNSPECIFIED,-0.4321,1.9369,0.3426,0.2547,0.033,0.0231,-0.9662,64.5775,0.5122,-0.4321,1.9369,0.3426,-0.2547,-0.033,-0.0231,0.9662,64.5775,0.5122,0,0,-0.1543,0.633,-1.6172,0,0.9988,0,-0.0482,1,238.8,423.2,false,,,,240,0.4403,11,3.4222,0.2079,,,0.6334,,,,,,8.9982,100,0.0079,0,0.5122,0,0,0.01,99.9934,0,0,3.0898,1.5825,0,0,-1.0002,-0.02,0.99676,0.06137,-0.05208,0,-0.02772,0.86917,0.49374,0,0.07557,-0.49069,0.86805,0,0.45846,-1.48884,-1.27618,1,-0.1543,0.633,-1.6172,true,true,0.0556,0.3344,-1.5775,0.013,-0.2051,-0.2985,-0.0597,0.013,true,-0.1543,0.633,-1.6172,1.7523,240.8,172.2,1.8966,,,true,,,,,,,,,,,false,1,0,0,1.5775,0,0.0556,0.3344,-1.5775,0.4585,-1.4888,-1.2762,WebglFramebuffer,7,0,1,,,
82360.8,1790994249489,21:24:09.489,placed,true,812,28.2,80.326491,NORMAL,UNSPECIFIED,-0.4298,1.9336,0.3376,0.2547,0.0326,0.0237,-0.9662,64.5775,0.5122,-0.4298,1.9336,0.3376,-0.2547,-0.0326,-0.0237,0.9662,64.5775,0.5122,0,0,-0.1543,0.633,-1.6172,0,0.9988,0,-0.0482,1,239.1,423.2,false,,,,240,0.44,11,3.4163,0.2079,,,0.6334,,,,,,8.6345,83.3,0.0063,0,0.5122,0,0,0.01,99.9934,0,0,3.0898,1.5825,0,0,-1.0002,-0.02,0.99676,0.06229,-0.05088,0,-0.02911,0.86909,0.49379,0,0.07498,-0.49071,0.86809,0,0.45936,-1.48804,-1.26977,1,-0.1543,0.633,-1.6172,true,true,0.0556,0.3344,-1.5775,0.013,-0.2051,-0.2985,-0.0597,0.013,true,-0.1543,0.633,-1.6172,1.7523,240.9,171.3,1.8903,81,255/0/255,true,,,,,,,,,,,false,1,0,0,1.5775,0,0.0556,0.3344,-1.5775,0.4594,-1.488,-1.2698,WebglFramebuffer,7,0,1,,,
82448.6,1790994249710,21:24:09.710,placed,true,813,58.1,80.539121,NORMAL,UNSPECIFIED,-0.432,1.9383,0.3431,0.2529,0.0324,0.0224,-0.9667,64.5775,0.5122,-0.432,1.9383,0.3431,-0.2529,-0.0324,-0.0224,0.9667,64.5775,0.5122,0,0,-0.1543,0.633,-1.6172,0,0.9988,0,-0.0482,1,239.3,425.8,false,,,,240,0.4398,7,3.6961,0.2079,,,0.6334,,,,,,8.2238,100,0.0075,0,0.5122,0,0,0.01,99.9934,0,0,3.0898,1.5825,0,0,-1.0002,-0.02,0.9969,0.05963,-0.0513,0,-0.02687,0.87109,0.49039,0,0.07393,-0.48749,0.86999,0,0.45741,-1.49536,-1.27119,1,-0.1543,0.633,-1.6172,true,true,0.0556,0.3344,-1.5775,0.013,-0.2051,-0.2985,-0.0597,0.013,true,-0.1543,0.633,-1.6172,1.7523,241.7,175.3,1.9001,,,true,,,,,,,,,,,false,1,0,0,1.5775,0,0.0556,0.3344,-1.5775,0.4574,-1.4954,-1.2712,WebglFramebuffer,7,0,1,,,
82554.8,1790994249816,21:24:09.816,placed,true,814,54.3,80.72999,NORMAL,UNSPECIFIED,-0.4277,1.944,0.3467,0.2525,0.0341,0.0182,-0.9668,64.5775,0.5122,-0.4277,1.944,0.3467,-0.2525,-0.0341,-0.0182,0.9668,64.5775,0.5122,0,1.1164,-0.1543,0.633,-1.6172,0,0.9988,0,-0.0482,1,234.5,427.6,false,,,,238,0.4397,7,3.7017,0.2079,,,0.6334,,,,,,8.343,100,0.0081,0,0.5122,0,0,0.01,99.9934,0,0,3.0898,1.5825,0,0,-1.0002,-0.02,0.99701,0.05249,-0.05675,0,-0.01803,0.8718,0.48953,0,0.07517,-0.48704,0.87014,0,0.43541,-1.50352,-1.2776,1,-0.1543,0.633,-1.6172,true,true,0.0556,0.3344,-1.5775,0.013,-0.2051,-0.2985,-0.0597,0.013,true,-0.1543,0.633,-1.6172,1.7523,238.3,178.2,1.9073,,,true,,,,,,,,,,,false,1,0,0,1.5775,0,0.0556,0.3344,-1.5775,0.4354,-1.5035,-1.2776,WebglFramebuffer,7,0,1,,,
82694.5,1790994249956,21:24:09.956,placed,true,815,72.1,80.841599,NORMAL,UNSPECIFIED,-0.4364,1.944,0.3512,0.2538,0.0364,0.018,-0.9664,64.5775,0.5122,-0.4364,1.944,0.3512,-0.2538,-0.0364,-0.018,0.9664,64.5775,0.5122,0,0.4479,-0.1543,0.633,-1.6172,0,0.9988,0,-0.0482,1,233.7,425.2,false,,,,238,0.4399,6,3.7061,0.2086,,,0.6334,,,,,,8.224,99.9,0.0098,0,0.5122,0,0,0.01,99.9934,0,0,3.0898,1.5825,0,0,-1.0002,-0.02,0.9967,0.05324,-0.06125,0,-0.01627,0.87048,0.49194,0,0.07951,-0.48932,0.86847,0,0.43866,-1.49712,-1.28807,1,-0.1543,0.633,-1.6172,true,true,0.0556,0.3344,-1.5775,0.013,-0.2051,-0.2985,-0.0597,0.013,true,-0.1543,0.633,-1.6172,1.7523,237.9,176,1.9106,,,true,,,,,,,,,,,false,1,0,0,1.5775,0,0.0556,0.3344,-1.5775,0.4387,-1.4971,-1.2881,WebglFramebuffer,7,0,1,,,
82841.9,1790994250104,21:24:10.103,placed,true,816,74.5,80.961933,NORMAL,UNSPECIFIED,-0.4366,1.9402,0.3586,0.2519,0.0366,0.0186,-0.9669,64.5775,0.5122,-0.4366,1.9402,0.3586,-0.2519,-0.0366,-0.0186,0.9669,64.5775,0.5122,0,0,-0.1543,0.633,-1.6172,0,0.9988,0,-0.0482,1,233.6,425.7,false,,,,238,0.4395,6,3.7109,0.2086,,,0.6334,,,,,,8.0801,100,0.0083,0,0.5122,0,0,0.01,99.9934,0,0,3.0898,1.5825,0,0,-1.0002,-0.02,0.99663,0.05444,-0.06141,0,-0.01756,0.87244,0.48841,0,0.08017,-0.48569,0.87045,0,0.44048,-1.49479,-1.28659,1,-0.1543,0.633,-1.6172,true,true,0.0556,0.3344,-1.5775,0.013,-0.2051,-0.2985,-0.0597,0.013,true,-0.1543,0.633,-1.6172,1.7523,237.3,177,1.9178,,,true,,,,,,,,,,,false,1,0,0,1.5775,0,0.0556,0.3344,-1.5775,0.4405,-1.4948,-1.2866,WebglFramebuffer,7,0,1,,,
83171.2,1790994250300,21:24:10.300,placed,true,817,70.2,81.108886,NORMAL,UNSPECIFIED,-0.4313,1.9332,0.3394,0.2511,0.0364,0.0173,-0.9671,64.5775,0.5122,-0.4313,1.9332,0.3394,-0.2511,-0.0364,-0.0173,0.9671,64.5775,0.5122,0,1.0519,-0.1543,0.633,-1.6172,0,0.9988,0,-0.0482,1,232.7,428.1,false,,,,240,0.4396,6,3.6904,0.2086,,,0.6334,,,,,,7.7804,100,0.0211,0,0.5122,0,0,0.01,99.9934,0,0,3.0898,1.5825,0,0,-1.0002,-0.02,0.99675,0.05179,-0.06171,0,-0.01523,0.87331,0.48693,0,0.07911,-0.48441,0.87126,0,0.4325,-1.50151,-1.2637,1,-0.1543,0.633,-1.6172,true,true,0.0556,0.3344,-1.5775,0.013,-0.2051,-0.2985,-0.0597,0.013,true,-0.1543,0.633,-1.6172,1.7523,236.9,177.2,1.8985,81,255/0/255,true,,,,,,,,,,,false,1,0,0,1.5775,0,0.0556,0.3344,-1.5775,0.4325,-1.5015,-1.2637,WebglFramebuffer,7,0,1,,,
83233.6,1790994250495,21:24:10.495,placed,true,818,33.3,81.310538,NORMAL,UNSPECIFIED,-0.4313,1.9383,0.3592,0.2506,0.0386,0.0187,-0.9671,64.5775,0.5122,-0.4313,1.9383,0.3592,-0.2506,-0.0386,-0.0187,0.9671,64.5775,0.5122,0,1.4274,-0.1543,0.633,-1.6172,0,0.9988,0,-0.0482,1,230.1,426.9,false,,,,238,0.4396,6,3.7103,0.2086,,,0.6334,,,,,,7.5149,100,0.0204,0,0.5122,0,0,0.01,99.9934,0,0,3.0898,1.5825,0,0,-1.0002,-0.02,0.99632,0.0555,-0.06525,0,-0.01684,0.87371,0.48616,0,0.08399,-0.48327,0.87143,0,0.43215,-1.49595,-1.28349,1,-0.1543,0.633,-1.6172,true,true,0.0556,0.3344,-1.5775,0.013,-0.2051,-0.2985,-0.0597,0.013,true,-0.1543,0.633,-1.6172,1.7523,233.1,178.2,1.9192,,,true,,,,,,,,,,,false,1,0,0,1.5775,0,0.0556,0.3344,-1.5775,0.4321,-1.496,-1.2835,WebglFramebuffer,7,0,1,,,
83314.6,1790994250576,21:24:10.576,placed,true,819,31.1,81.540436,NORMAL,UNSPECIFIED,-0.4326,1.9363,0.3552,0.2511,0.0414,0.0179,-0.9669,64.5775,0.5122,-0.4326,1.9363,0.3552,-0.2511,-0.0414,-0.0179,0.9669,64.5775,0.5122,0,0.7029,-0.1543,0.633,-1.6172,0,0.9988,0,-0.0482,1,226.9,426.5,false,,,,238,0.4393,6,3.7059,0.2086,,,0.6334,,,,,,8.0011,66.7,0.0047,0,0.5122,0,0,0.01,99.9934,0,0,3.0898,1.5825,0,0,-1.0002,-0.02,0.99593,0.05534,-0.07112,0,-0.01375,0.8733,0.48699,0,0.08906,-0.48403,0.87051,0,0.42586,-1.49509,-1.28296,1,-0.1543,0.633,-1.6172,true,true,0.0556,0.3344,-1.5775,0.013,-0.2051,-0.2985,-0.0597,0.013,true,-0.1543,0.633,-1.6172,1.7523,230.1,177.3,1.915,,,true,,,,,,,,,,,false,1,0,0,1.5775,0,0.0556,0.3344,-1.5775,0.4259,-1.4951,-1.283,WebglFramebuffer,7,0,1,,,
83454.6,1790994250716,21:24:10.716,placed,true,820,114.1,81.623599,NORMAL,UNSPECIFIED,-0.4306,1.9384,0.3454,0.2521,0.0417,0.0168,-0.9667,64.5775,0.5122,-0.4306,1.9384,0.3454,-0.2521,-0.0417,-0.0168,0.9667,64.5775,0.5122,0,0,-0.1543,0.633,-1.6172,0,0.9988,0,-0.0482,1,226,427.1,false,,,,240,0.4398,6,3.6981,0.2086,,,0.6334,,,,,,7.9153,83.3,0.0103,0,0.5122,0,0,0.01,99.9934,0,0,3.0898,1.5825,0,0,-1.0002,-0.02,0.99596,0.05349,-0.07216,0,-0.01143,0.8723,0.48883,0,0.08909,-0.48603,0.86939,0,0.42025,-1.50002,-1.27889,1,-0.1543,0.633,-1.6172,true,true,0.0556,0.3344,-1.5775,0.013,-0.2051,-0.2985,-0.0597,0.013,true,-0.1543,0.633,-1.6172,1.7523,229.7,177.3,1.9061,,,true,,,,,,,,,,,false,1,0,0,1.5775,0,0.0556,0.3344,-1.5775,0.4203,-1.5,-1.2789,WebglFramebuffer,7,0,1,,,
83625.3,1790994250887,21:24:10.886,placed,true,821,142.9,81.680443,NORMAL,UNSPECIFIED,-0.4363,1.9373,0.3472,0.2508,0.0412,0.0159,-0.967,64.5775,0.5122,-0.4363,1.9373,0.3472,-0.2508,-0.0412,-0.0159,0.967,64.5775,0.5122,0,1.2564,-0.1543,0.633,-1.6172,0,0.9988,0,-0.0482,1,227.7,428.3,false,,,,240,0.4397,5,3.6994,0.2079,,,0.6334,,,,,,7.7092,100,0.0061,0,0.5122,0,0,0.01,99.9934,0,0,3.0898,1.5825,0,0,-1.0002,-0.02,0.9961,0.05146,-0.07163,0,-0.01017,0.87373,0.4863,0,0.08761,-0.48368,0.87085,0,0.4239,-1.50229,-1.27567,1,-0.1543,0.633,-1.6172,true,true,0.0556,0.3344,-1.5775,0.013,-0.2051,-0.2985,-0.0597,0.013,true,-0.1543,0.633,-1.6172,1.7523,232.1,178.7,1.9093,,,true,,,,,,,,,,,false,1,0,0,1.5775,0,0.0556,0.3344,-1.5775,0.4239,-1.5023,-1.2757,WebglFramebuffer,7,0,1,,,
83910.5,1790994250991,21:24:10.991,placed,true,822,64.2,81.822338,NORMAL,UNSPECIFIED,-0.4278,1.9342,0.348,0.2502,0.0399,0.0173,-0.9672,64.5775,0.5122,-0.4278,1.9342,0.348,-0.2502,-0.0399,-0.0173,0.9672,64.5775,0.5122,0,0.9284,-0.1543,0.633,-1.6172,0,0.9988,0,-0.0482,1,227.5,428.3,false,,,,240,0.4399,5,3.6983,0.2079,,,0.6334,,,,,,7.8971,100,0.0091,0,0.5122,0,0,0.01,99.9934,0,0,3.0898,1.5825,0,0,-1.0002,-0.02,0.99621,0.05342,-0.06863,0,-0.01344,0.87421,0.48535,0,0.08592,-0.48259,0.87162,0,0.42226,-1.50009,-1.27146,1,-0.1543,0.633,-1.6172,true,true,0.0556,0.3344,-1.5775,0.013,-0.2051,-0.2985,-0.0597,0.013,true,-0.1543,0.633,-1.6172,1.7523,230.9,178.3,1.9082,81,255/0/255,true,,,,,,,,,,,false,1,0,0,1.5775,0,0.0556,0.3344,-1.5775,0.4223,-1.5001,-1.2715,WebglFramebuffer,7,0,1,,,
84020.7,1790994251282,21:24:11.282,placed,true,823,51.4,82.005341,NORMAL,UNSPECIFIED,-0.4268,1.9313,0.3405,0.2507,0.0388,0.0159,-0.9671,64.5775,0.5122,-0.4268,1.9313,0.3405,-0.2507,-0.0388,-0.0159,0.9671,64.5775,0.5122,0,1.6908,-0.1543,0.633,-1.6172,0,0.9988,0,-0.0482,1,228.2,428.2,false,,,,240,0.44,5,3.6903,0.2079,,,0.6334,,,,,,7.4508,100,0.0081,0,0.5122,0,0,0.01,99.9934,0,0,3.0898,1.5825,0,0,-1.0002,-0.02,0.99648,0.0503,-0.0671,0,-0.01137,0.87375,0.48623,0,0.08309,-0.48376,0.87125,0,0.41893,-1.5013,-1.2644,1,-0.1543,0.633,-1.6172,true,true,0.0556,0.3344,-1.5775,0.013,-0.2051,-0.2985,-0.0597,0.013,true,-0.1543,0.633,-1.6172,1.7523,232.5,177.2,1.8994,,,true,,,,,,,,,,,false,1,0,0,1.5775,0,0.0556,0.3344,-1.5775,0.4189,-1.5013,-1.2644,WebglFramebuffer,7,0,1,,,
84091.3,1790994251353,21:24:11.352,placed,true,824,35.9,82.309436,NORMAL,UNSPECIFIED,-0.4274,1.9325,0.3342,0.2533,0.0408,0.0155,-0.9664,64.5775,0.5122,-0.4274,1.9325,0.3342,-0.2533,-0.0408,-0.0155,0.9664,64.5775,0.5122,0,0.3717,-0.1543,0.633,-1.6172,0,0.9988,0,-0.0482,1,226,426.2,false,,,,240,0.4401,6,3.6853,0.2086,,,0.6334,,,,,,8.1241,100,0.0065,0,0.5122,0,0,0.01,99.9934,0,0,3.0898,1.5825,0,0,-1.0002,-0.02,0.99618,0.05071,-0.07109,0,-0.00933,0.87121,0.49082,0,0.08682,-0.48828,0.86835,0,0.4148,-1.49878,-1.26914,1,-0.1543,0.633,-1.6172,true,true,0.0556,0.3344,-1.5775,0.013,-0.2051,-0.2985,-0.0597,0.013,true,-0.1543,0.633,-1.6172,1.7523,230.4,174.5,1.8917,,,true,,,,,,,,,,,false,1,0,0,1.5775,0,0.0556,0.3344,-1.5775,0.4148,-1.4988,-1.2691,WebglFramebuffer,7,0,1,,,
84259.6,1790994251521,21:24:11.521,placed,true,825,139.2,82.396121,NORMAL,UNSPECIFIED,-0.4289,1.9344,0.3327,0.2588,0.0453,0.0155,-0.9647,64.5775,0.5122,-0.4289,1.9344,0.3327,-0.2588,-0.0453,-0.0155,0.9647,64.5775,0.5122,0,1.4864,-0.1543,0.633,-1.6172,0,0.9988,0,-0.0482,1,221,419.8,false,,,,240,0.4401,5,3.6849,0.137,,,0.6334,,,,,,7.9059,66.6,0.0028,0,0.5122,0,0,0.01,99.9934,0,0,3.0898,1.5825,0,0,-1.0002,-0.02,0.9954,0.05347,-0.07945,0,-0.00653,0.86558,0.50072,0,0.09555,-0.4979,0.86195,0,0.40775,-1.48578,-1.28945,1,-0.1543,0.633,-1.6172,true,true,0.0556,0.3344,-1.5775,0.013,-0.2051,-0.2985,-0.0597,0.013,true,-0.1543,0.633,-1.6172,1.7523,225.2,167.6,1.8848,,,true,,,,,,,,,,,false,1,0,0,1.5775,0,0.0556,0.3344,-1.5775,0.4077,-1.4858,-1.2894,WebglFramebuffer,7,0,1,,,
84359.6,1790994251621,21:24:11.621,placed,true,826,36.3,82.460861,NORMAL,UNSPECIFIED,-0.434,1.9374,0.3328,0.2602,0.0458,0.0155,-0.9643,64.5775,0.5122,-0.434,1.9374,0.3328,-0.2602,-0.0458,-0.0155,0.9643,64.5775,0.5122,0,1.4816,-0.1543,0.633,-1.6172,0,0.9988,0,-0.0482,1,221.7,418.6,false,,,,241,0.4391,6,3.6866,0.2086,,,0.6334,,,,,,8.1143,100,0.0059,0,0.5122,0,0,0.01,99.9934,0,0,3.0898,1.5825,0,0,-1.0002,-0.02,0.99533,0.05374,-0.08024,0,-0.00608,0.86411,0.50327,0,0.09638,-0.50043,0.8604,0,0.41165,-1.48427,-1.2962,1,-0.1543,0.633,-1.6172,true,true,0.0556,0.3344,-1.5775,0.013,-0.2051,-0.2985,-0.0597,0.013,true,-0.1543,0.633,-1.6172,1.7523,226.2,166.5,1.8849,,,true,,,,,,,,,,,false,1,0,0,1.5775,0,0.0556,0.3344,-1.5775,0.4116,-1.4843,-1.2962,WebglFramebuffer,7,0,1,,,
84674.3,1790994251723,21:24:11.723,placed,true,827,74.4,82.664261,NORMAL,UNSPECIFIED,-0.4355,1.9327,0.3249,0.2604,0.0456,0.0143,-0.9643,64.5775,0.5122,-0.4355,1.9327,0.3249,-0.2604,-0.0456,-0.0143,0.9643,64.5775,0.5122,0,0.938,-0.1543,0.633,-1.6172,0,0.9988,0,-0.0482,1,222.1,418.5,false,,,,242,0.4382,6,3.6776,0.2086,,,0.6334,,,,,,8.2823,99.9,0.0093,0,0.5122,0,0,0.01,99.9934,0,0,3.0898,1.5825,0,0,-1.0002,-0.02,0.99544,0.05124,-0.08049,0,-0.00376,0.86398,0.50351,0,0.09534,-0.50091,0.86023,0,0.40979,-1.48477,-1.28772,1,-0.1543,0.633,-1.6172,true,true,0.0556,0.3344,-1.5775,0.013,-0.2051,-0.2985,-0.0597,0.013,true,-0.1543,0.633,-1.6172,1.7523,227.5,165.3,1.8757,81,255/0/255,true,,,,,,,,,,,false,1,0,0,1.5775,0,0.0556,0.3344,-1.5775,0.4098,-1.4848,-1.2877,WebglFramebuffer,7,0,1,,,
84729.3,1790994251991,21:24:11.990,placed,true,828,26.9,82.727448,NORMAL,UNSPECIFIED,-0.4417,1.9409,0.3422,0.2605,0.045,0.016,-0.9643,64.5775,0.5122,-0.4417,1.9409,0.3422,-0.2605,-0.045,-0.016,0.9643,64.5775,0.5122,0,0,-0.1543,0.633,-1.6172,0,0.9988,0,-0.0482,1,224.4,417.4,false,,,,239,0.4396,9,3.2983,0.2079,,,0.6334,,,,,,7.8279,100,0.0201,0,0.5122,0,0,0.01,99.9934,0,0,3.0898,1.5825,0,0,-1.0002,-0.02,0.99543,0.05431,-0.07852,0,-0.00738,0.86374,0.50388,0,0.09519,-0.501,0.8602,0,0.42142,-1.48098,-1.30702,1,-0.1543,0.633,-1.6172,true,true,0.0556,0.3344,-1.5775,0.013,-0.2051,-0.2985,-0.0597,0.013,true,-0.1543,0.633,-1.6172,1.7523,229.1,166.5,1.8947,,,true,,,,,,,,,,,false,1,0,0,1.5775,0,0.0556,0.3344,-1.5775,0.4214,-1.481,-1.307,WebglFramebuffer,7,0,1,,,
84798.3,1790994252060,21:24:12.059,placed,true,829,43.9,83.041728,NORMAL,UNSPECIFIED,-0.4418,1.9518,0.3698,0.2604,0.0462,0.0142,-0.9643,64.5775,0.5122,-0.4418,1.9518,0.3698,-0.2604,-0.0462,-0.0142,0.9643,64.5775,0.5122,0,0,-0.1543,0.633,-1.6172,0,0.9988,0,-0.0482,1,221.4,416.2,false,,,,239,0.4391,8,3.3272,0.2086,,,0.6334,,,,,,8.4944,50.1,0.0297,0,0.5122,0,0,0.01,99.9934,0,0,3.0898,1.5825,0,0,-1.0002,-0.02,0.99533,0.05139,-0.08178,0,-0.00324,0.86399,0.5035,0,0.09653,-0.50088,0.86012,0,0.41039,-1.47843,-1.33692,1,-0.1543,0.633,-1.6172,true,true,0.0556,0.3344,-1.5775,0.013,-0.2051,-0.2985,-0.0597,0.013,true,-0.1543,0.633,-1.6172,1.7523,226.5,168.9,1.9246,,,true,,,,,,,,,,,false,1,0,0,1.5775,0,0.0556,0.3344,-1.5775,0.4104,-1.4784,-1.3369,WebglFramebuffer,7,0,1,,,
84949.8,1790994252211,21:24:12.211,placed,true,830,118.3,83.094827,NORMAL,UNSPECIFIED,-0.4434,1.9387,0.3584,0.2565,0.0454,0.0131,-0.9654,64.5775,0.5122,-0.4434,1.9387,0.3584,-0.2565,-0.0454,-0.0131,0.9654,64.5775,0.5122,0,0,-0.1543,0.633,-1.6172,0,0.9988,0,-0.0482,1,222.8,420,false,,,,238,0.4394,7,3.6765,0.2079,,,0.6334,,,,,,8.3055,66.6,0.0174,0,0.5122,0,0,0.01,99.9934,0,0,3.0898,1.5825,0,0,-1.0002,-0.02,0.99552,0.04868,-0.081,0,-0.00204,0.86804,0.49648,0,0.09448,-0.4941,0.86426,0,0.41149,-1.48415,-1.30821,1,-0.1543,0.633,-1.6172,true,true,0.0556,0.3344,-1.5775,0.013,-0.2051,-0.2985,-0.0597,0.013,true,-0.1543,0.633,-1.6172,1.7523,228.7,170.8,1.9137,,,true,,,,,,,,,,,false,1,0,0,1.5775,0,0.0556,0.3344,-1.5775,0.4115,-1.4842,-1.3082,WebglFramebuffer,7,0,1,,,
85069.7,1790994252331,21:24:12.331,placed,true,831,91.3,83.171652,NORMAL,UNSPECIFIED,-0.4393,1.9376,0.3435,0.2569,0.0439,0.0135,-0.9653,64.5775,0.5122,-0.4393,1.9376,0.3435,-0.2569,-0.0439,-0.0135,0.9653,64.5775,0.5122,0,1.5275,-0.1543,0.633,-1.6172,0,0.9988,0,-0.0482,1,224.2,421.4,false,,,,240,0.4393,6,3.6964,0.2079,,,0.6334,,,,,,8.3082,100,0.0155,0,0.5122,0,0,0.01,99.9934,0,0,3.0898,1.5825,0,0,-1.0002,-0.02,0.99578,0.0487,-0.07784,0,-0.00356,0.86762,0.49721,0,0.09175,-0.49483,0.86413,0,0.41282,-1.48976,-1.2944,1,-0.1543,0.633,-1.6172,true,true,0.0556,0.3344,-1.5775,0.013,-0.2051,-0.2985,-0.0597,0.013,true,-0.1543,0.633,-1.6172,1.7523,230,170.8,1.899,,,true,,,,,,,,,,,false,1,0,0,1.5775,0,0.0556,0.3344,-1.5775,0.4128,-1.4898,-1.2944,WebglFramebuffer,7,0,1,,,